{"type":"FeatureCollection","name":"airport_edges","metadata":{"generated":"2026-05-27","source":"OpenFlights routes (carrier-frequency visual weight \u2014 rebuild from BTS T-100 via build_overlays.py edges)","clipped_to":"scenario.geojson land polygons (Ocean excluded)","count":512},"features":[{"type":"Feature","geometry":{"type":"LineString","coordinates":[[-114.009933,51.118822],[-113.580002,53.3097]]},"properties":{"origin_iata":"YYC","dest_iata":"YEG","passengers":150000,"departures":3000,"year_min":null,"year_max":null}},{"type":"Feature","geometry":{"type":"LineString","coordinates":[[-114.440002,62.462799],[-113.580002,53.3097]]},"properties":{"origin_iata":"YZF","dest_iata":"YEG","passengers":150000,"departures":3000,"year_min":null,"year_max":null}},{"type":"Feature","geometry":{"type":"LineString","coordinates":[[-66.8644027709961,52.92190170288086],[-66.2656021118164,50.22330093383789]]},"properties":{"origin_iata":"YWK","dest_iata":"YZV","passengers":125000,"departures":2500,"year_min":null,"year_max":null}},{"type":"Feature","geometry":{"type":"LineString","coordinates":[[-66.2656021118164,50.22330093383789],[-66.8644027709961,52.92190170288086]]},"properties":{"origin_iata":"YZV","dest_iata":"YWK","passengers":125000,"departures":2500,"year_min":null,"year_max":null}},{"type":"Feature","geometry":{"type":"LineString","coordinates":[[-113.580002,53.3097],[-114.440002,62.462799]]},"properties":{"origin_iata":"YEG","dest_iata":"YZF","passengers":125000,"departures":2500,"year_min":null,"year_max":null}},{"type":"Feature","geometry":{"type":"LineString","coordinates":[[-71.393303,46.7911],[-73.742294,45.467837]]},"properties":{"origin_iata":"YQB","dest_iata":"YUL","passengers":100000,"departures":2000,"year_min":null,"year_max":null}},{"type":"Feature","geometry":{"type":"LineString","coordinates":[[-73.742294,45.467837],[-71.393303,46.7911]]},"properties":{"origin_iata":"YUL","dest_iata":"YQB","passengers":100000,"departures":2000,"year_min":null,"year_max":null}},{"type":"Feature","geometry":{"type":"LineString","coordinates":[[-113.580002,53.3097],[-111.222,56.653301]]},"properties":{"origin_iata":"YEG","dest_iata":"YMM","passengers":100000,"departures":2000,"year_min":null,"year_max":null}},{"type":"Feature","geometry":{"type":"LineString","coordinates":[[-63.5085983276,44.8807983398],[-52.7519,47.618599]]},"properties":{"origin_iata":"YHZ","dest_iata":"YYT","passengers":100000,"departures":2000,"year_min":null,"year_max":null}},{"type":"Feature","geometry":{"type":"LineString","coordinates":[[-71.393303,46.7911],[-66.2656021118164,50.22330093383789]]},"properties":{"origin_iata":"YQB","dest_iata":"YZV","passengers":100000,"departures":2000,"year_min":null,"year_max":null}},{"type":"Feature","geometry":{"type":"LineString","coordinates":[[-52.7519,47.618599],[-63.5085983276,44.8807983398]]},"properties":{"origin_iata":"YYT","dest_iata":"YHZ","passengers":100000,"departures":2000,"year_min":null,"year_max":null}},{"type":"Feature","geometry":{"type":"LineString","coordinates":[[-66.2656021118164,50.22330093383789],[-71.393303,46.7911]]},"properties":{"origin_iata":"YZV","dest_iata":"YQB","passengers":100000,"departures":2000,"year_min":null,"year_max":null}},{"type":"Feature","geometry":{"type":"LineString","coordinates":[[-119.377998,49.9561],[-123.183998,49.193901]]},"properties":{"origin_iata":"YLW","dest_iata":"YVR","passengers":75000,"departures":1500,"year_min":null,"year_max":null}},{"type":"Feature","geometry":{"type":"LineString","coordinates":[[-123.183998,49.193901],[-119.377998,49.9561]]},"properties":{"origin_iata":"YVR","dest_iata":"YLW","passengers":75000,"departures":1500,"year_min":null,"year_max":null}},{"type":"Feature","geometry":{"type":"LineString","coordinates":[[-147.856003,64.815102],[-145.249987,66.571651]]},"properties":{"origin_iata":"FAI","dest_iata":"FYU","passengers":75000,"departures":1500,"year_min":null,"year_max":null}},{"type":"Feature","geometry":{"type":"LineString","coordinates":[[-145.249987,66.571651],[-147.856003,64.815102]]},"properties":{"origin_iata":"FYU","dest_iata":"FAI","passengers":75000,"departures":1500,"year_min":null,"year_max":null}},{"type":"Feature","geometry":{"type":"LineString","coordinates":[[-68.555801,63.756402],[-92.1157989502,62.8114013672]]},"properties":{"origin_iata":"YFB","dest_iata":"YRT","passengers":75000,"departures":1500,"year_min":null,"year_max":null}},{"type":"Feature","geometry":{"type":"LineString","coordinates":[[-92.1157989502,62.8114013672],[-114.440002,62.462799]]},"properties":{"origin_iata":"YRT","dest_iata":"YZF","passengers":75000,"departures":1500,"year_min":null,"year_max":null}},{"type":"Feature","geometry":{"type":"LineString","coordinates":[[-97.2398986816,49.909999847399995],[-92.1157989502,62.8114013672]]},"properties":{"origin_iata":"YWG","dest_iata":"YRT","passengers":75000,"departures":1500,"year_min":null,"year_max":null}},{"type":"Feature","geometry":{"type":"LineString","coordinates":[[-149.992561,61.179004],[-159.54299926757812,61.581600189208984]]},"properties":{"origin_iata":"ANC","dest_iata":"ANI","passengers":75000,"departures":1500,"year_min":null,"year_max":null}},{"type":"Feature","geometry":{"type":"LineString","coordinates":[[-149.992561,61.179004],[-151.245174,60.570946]]},"properties":{"origin_iata":"ANC","dest_iata":"ENA","passengers":75000,"departures":1500,"year_min":null,"year_max":null}},{"type":"Feature","geometry":{"type":"LineString","coordinates":[[-159.54299926757812,61.581600189208984],[-149.992561,61.179004]]},"properties":{"origin_iata":"ANI","dest_iata":"ANC","passengers":75000,"departures":1500,"year_min":null,"year_max":null}},{"type":"Feature","geometry":{"type":"LineString","coordinates":[[-151.245174,60.570946],[-149.992561,61.179004]]},"properties":{"origin_iata":"ENA","dest_iata":"ANC","passengers":75000,"departures":1500,"year_min":null,"year_max":null}},{"type":"Feature","geometry":{"type":"LineString","coordinates":[[-125.271004,49.950802],[-124.887001,49.7108]]},"properties":{"origin_iata":"YBL","dest_iata":"YQQ","passengers":75000,"departures":1500,"year_min":null,"year_max":null}},{"type":"Feature","geometry":{"type":"LineString","coordinates":[[-124.887001,49.7108],[-123.183998,49.193901]]},"properties":{"origin_iata":"YQQ","dest_iata":"YVR","passengers":75000,"departures":1500,"year_min":null,"year_max":null}},{"type":"Feature","geometry":{"type":"LineString","coordinates":[[-123.183998,49.193901],[-125.271004,49.950802]]},"properties":{"origin_iata":"YVR","dest_iata":"YBL","passengers":75000,"departures":1500,"year_min":null,"year_max":null}},{"type":"Feature","geometry":{"type":"LineString","coordinates":[[-123.183998,49.193901],[-122.054000854,52.1831016541]]},"properties":{"origin_iata":"YVR","dest_iata":"YWL","passengers":75000,"departures":1500,"year_min":null,"year_max":null}},{"type":"Feature","geometry":{"type":"LineString","coordinates":[[-123.183998,49.193901],[-123.427792,48.647201]]},"properties":{"origin_iata":"YVR","dest_iata":"YYJ","passengers":75000,"departures":1500,"year_min":null,"year_max":null}},{"type":"Feature","geometry":{"type":"LineString","coordinates":[[-122.054000854,52.1831016541],[-123.183998,49.193901]]},"properties":{"origin_iata":"YWL","dest_iata":"YVR","passengers":75000,"departures":1500,"year_min":null,"year_max":null}},{"type":"Feature","geometry":{"type":"LineString","coordinates":[[-123.427792,48.647201],[-123.183998,49.193901]]},"properties":{"origin_iata":"YYJ","dest_iata":"YVR","passengers":75000,"departures":1500,"year_min":null,"year_max":null}},{"type":"Feature","geometry":{"type":"LineString","coordinates":[[-113.580002,53.3097],[-114.009933,51.118822]]},"properties":{"origin_iata":"YEG","dest_iata":"YYC","passengers":75000,"departures":1500,"year_min":null,"year_max":null}},{"type":"Feature","geometry":{"type":"LineString","coordinates":[[-113.580002,53.3097],[-123.183998,49.193901]]},"properties":{"origin_iata":"YEG","dest_iata":"YVR","passengers":75000,"departures":1500,"year_min":null,"year_max":null}},{"type":"Feature","geometry":{"type":"LineString","coordinates":[[-113.580002,53.3097],[-97.2398986816,49.909999847399995]]},"properties":{"origin_iata":"YEG","dest_iata":"YWG","passengers":75000,"departures":1500,"year_min":null,"year_max":null}},{"type":"Feature","geometry":{"type":"LineString","coordinates":[[-111.222,56.653301],[-113.580002,53.3097]]},"properties":{"origin_iata":"YMM","dest_iata":"YEG","passengers":75000,"departures":1500,"year_min":null,"year_max":null}},{"type":"Feature","geometry":{"type":"LineString","coordinates":[[-89.323898,48.371899],[-97.2398986816,49.909999847399995]]},"properties":{"origin_iata":"YQT","dest_iata":"YWG","passengers":75000,"departures":1500,"year_min":null,"year_max":null}},{"type":"Feature","geometry":{"type":"LineString","coordinates":[[-123.183998,49.193901],[-113.580002,53.3097]]},"properties":{"origin_iata":"YVR","dest_iata":"YEG","passengers":75000,"departures":1500,"year_min":null,"year_max":null}},{"type":"Feature","geometry":{"type":"LineString","coordinates":[[-123.183998,49.193901],[-128.576009,54.468498]]},"properties":{"origin_iata":"YVR","dest_iata":"YXT","passengers":75000,"departures":1500,"year_min":null,"year_max":null}},{"type":"Feature","geometry":{"type":"LineString","coordinates":[[-123.183998,49.193901],[-114.009933,51.118822]]},"properties":{"origin_iata":"YVR","dest_iata":"YYC","passengers":75000,"departures":1500,"year_min":null,"year_max":null}},{"type":"Feature","geometry":{"type":"LineString","coordinates":[[-97.2398986816,49.909999847399995],[-113.580002,53.3097]]},"properties":{"origin_iata":"YWG","dest_iata":"YEG","passengers":75000,"departures":1500,"year_min":null,"year_max":null}},{"type":"Feature","geometry":{"type":"LineString","coordinates":[[-97.2398986816,49.909999847399995],[-73.742294,45.467837]]},"properties":{"origin_iata":"YWG","dest_iata":"YUL","passengers":75000,"departures":1500,"year_min":null,"year_max":null}},{"type":"Feature","geometry":{"type":"LineString","coordinates":[[-128.576009,54.468498],[-123.183998,49.193901]]},"properties":{"origin_iata":"YXT","dest_iata":"YVR","passengers":75000,"departures":1500,"year_min":null,"year_max":null}},{"type":"Feature","geometry":{"type":"LineString","coordinates":[[-114.009933,51.118822],[-123.183998,49.193901]]},"properties":{"origin_iata":"YYC","dest_iata":"YVR","passengers":75000,"departures":1500,"year_min":null,"year_max":null}},{"type":"Feature","geometry":{"type":"LineString","coordinates":[[-66.8052978515625,54.805301666259766],[-66.8644027709961,52.92190170288086]]},"properties":{"origin_iata":"YKL","dest_iata":"YWK","passengers":50000,"departures":1000,"year_min":null,"year_max":null}},{"type":"Feature","geometry":{"type":"LineString","coordinates":[[-73.742294,45.467837],[-78.83560180664062,48.20610046386719]]},"properties":{"origin_iata":"YUL","dest_iata":"YUY","passengers":50000,"departures":1000,"year_min":null,"year_max":null}},{"type":"Feature","geometry":{"type":"LineString","coordinates":[[-78.83560180664062,48.20610046386719],[-73.742294,45.467837]]},"properties":{"origin_iata":"YUY","dest_iata":"YUL","passengers":50000,"departures":1000,"year_min":null,"year_max":null}},{"type":"Feature","geometry":{"type":"LineString","coordinates":[[-66.8644027709961,52.92190170288086],[-66.8052978515625,54.805301666259766]]},"properties":{"origin_iata":"YWK","dest_iata":"YKL","passengers":50000,"departures":1000,"year_min":null,"year_max":null}},{"type":"Feature","geometry":{"type":"LineString","coordinates":[[-123.183998,49.193901],[-135.065705,60.708533]]},"properties":{"origin_iata":"YVR","dest_iata":"YXY","passengers":50000,"departures":1000,"year_min":null,"year_max":null}},{"type":"Feature","geometry":{"type":"LineString","coordinates":[[-135.065705,60.708533],[-123.183998,49.193901]]},"properties":{"origin_iata":"YXY","dest_iata":"YVR","passengers":50000,"departures":1000,"year_min":null,"year_max":null}},{"type":"Feature","geometry":{"type":"LineString","coordinates":[[-151.742996,68.133598],[-147.856003,64.815102]]},"properties":{"origin_iata":"AKP","dest_iata":"FAI","passengers":50000,"departures":1000,"year_min":null,"year_max":null}},{"type":"Feature","geometry":{"type":"LineString","coordinates":[[-147.856003,64.815102],[-152.108994,65.1744]]},"properties":{"origin_iata":"FAI","dest_iata":"TAL","passengers":50000,"departures":1000,"year_min":null,"year_max":null}},{"type":"Feature","geometry":{"type":"LineString","coordinates":[[-152.108994,65.1744],[-147.856003,64.815102]]},"properties":{"origin_iata":"TAL","dest_iata":"FAI","passengers":50000,"departures":1000,"year_min":null,"year_max":null}},{"type":"Feature","geometry":{"type":"LineString","coordinates":[[-161.8379974,60.77980042],[-161.845,59.7551]]},"properties":{"origin_iata":"BET","dest_iata":"KWN","passengers":50000,"departures":1000,"year_min":null,"year_max":null}},{"type":"Feature","geometry":{"type":"LineString","coordinates":[[-161.845,59.7551],[-161.8379974,60.77980042]]},"properties":{"origin_iata":"KWN","dest_iata":"BET","passengers":50000,"departures":1000,"year_min":null,"year_max":null}},{"type":"Feature","geometry":{"type":"LineString","coordinates":[[-133.483001709,68.30419921880001],[-126.7979965209961,65.28160095214844]]},"properties":{"origin_iata":"YEV","dest_iata":"YVQ","passengers":50000,"departures":1000,"year_min":null,"year_max":null}},{"type":"Feature","geometry":{"type":"LineString","coordinates":[[-68.555801,63.756402],[-81.816101,69.3647]]},"properties":{"origin_iata":"YFB","dest_iata":"YGT","passengers":50000,"departures":1000,"year_min":null,"year_max":null}},{"type":"Feature","geometry":{"type":"LineString","coordinates":[[-81.816101,69.3647],[-68.555801,63.756402]]},"properties":{"origin_iata":"YGT","dest_iata":"YFB","passengers":50000,"departures":1000,"year_min":null,"year_max":null}},{"type":"Feature","geometry":{"type":"LineString","coordinates":[[-92.1157989502,62.8114013672],[-68.555801,63.756402]]},"properties":{"origin_iata":"YRT","dest_iata":"YFB","passengers":50000,"departures":1000,"year_min":null,"year_max":null}},{"type":"Feature","geometry":{"type":"LineString","coordinates":[[-92.1157989502,62.8114013672],[-94.06500244140625,58.739200592041016]]},"properties":{"origin_iata":"YRT","dest_iata":"YYQ","passengers":50000,"departures":1000,"year_min":null,"year_max":null}},{"type":"Feature","geometry":{"type":"LineString","coordinates":[[-97.86419677734375,55.80110168457031],[-94.06500244140625,58.739200592041016]]},"properties":{"origin_iata":"YTH","dest_iata":"YYQ","passengers":50000,"departures":1000,"year_min":null,"year_max":null}},{"type":"Feature","geometry":{"type":"LineString","coordinates":[[-126.7979965209961,65.28160095214844],[-133.483001709,68.30419921880001]]},"properties":{"origin_iata":"YVQ","dest_iata":"YEV","passengers":50000,"departures":1000,"year_min":null,"year_max":null}},{"type":"Feature","geometry":{"type":"LineString","coordinates":[[-126.7979965209961,65.28160095214844],[-114.440002,62.462799]]},"properties":{"origin_iata":"YVQ","dest_iata":"YZF","passengers":50000,"departures":1000,"year_min":null,"year_max":null}},{"type":"Feature","geometry":{"type":"LineString","coordinates":[[-97.2398986816,49.909999847399995],[-94.06500244140625,58.739200592041016]]},"properties":{"origin_iata":"YWG","dest_iata":"YYQ","passengers":50000,"departures":1000,"year_min":null,"year_max":null}},{"type":"Feature","geometry":{"type":"LineString","coordinates":[[-94.06500244140625,58.739200592041016],[-92.1157989502,62.8114013672]]},"properties":{"origin_iata":"YYQ","dest_iata":"YRT","passengers":50000,"departures":1000,"year_min":null,"year_max":null}},{"type":"Feature","geometry":{"type":"LineString","coordinates":[[-94.06500244140625,58.739200592041016],[-97.86419677734375,55.80110168457031]]},"properties":{"origin_iata":"YYQ","dest_iata":"YTH","passengers":50000,"departures":1000,"year_min":null,"year_max":null}},{"type":"Feature","geometry":{"type":"LineString","coordinates":[[-94.06500244140625,58.739200592041016],[-97.2398986816,49.909999847399995]]},"properties":{"origin_iata":"YYQ","dest_iata":"YWG","passengers":50000,"departures":1000,"year_min":null,"year_max":null}},{"type":"Feature","geometry":{"type":"LineString","coordinates":[[-114.440002,62.462799],[-92.1157989502,62.8114013672]]},"properties":{"origin_iata":"YZF","dest_iata":"YRT","passengers":50000,"departures":1000,"year_min":null,"year_max":null}},{"type":"Feature","geometry":{"type":"LineString","coordinates":[[-114.440002,62.462799],[-126.7979965209961,65.28160095214844]]},"properties":{"origin_iata":"YZF","dest_iata":"YVQ","passengers":50000,"departures":1000,"year_min":null,"year_max":null}},{"type":"Feature","geometry":{"type":"LineString","coordinates":[[-121.23699951171875,61.76020050048828],[-114.440002,62.462799]]},"properties":{"origin_iata":"YFS","dest_iata":"YZF","passengers":50000,"departures":1000,"year_min":null,"year_max":null}},{"type":"Feature","geometry":{"type":"LineString","coordinates":[[-92.1157989502,62.8114013672],[-97.2398986816,49.909999847399995]]},"properties":{"origin_iata":"YRT","dest_iata":"YWG","passengers":50000,"departures":1000,"year_min":null,"year_max":null}},{"type":"Feature","geometry":{"type":"LineString","coordinates":[[-114.440002,62.462799],[-121.23699951171875,61.76020050048828]]},"properties":{"origin_iata":"YZF","dest_iata":"YFS","passengers":50000,"departures":1000,"year_min":null,"year_max":null}},{"type":"Feature","geometry":{"type":"LineString","coordinates":[[-152.4940033,57.75],[-149.992561,61.179004]]},"properties":{"origin_iata":"ADQ","dest_iata":"ANC","passengers":50000,"departures":1000,"year_min":null,"year_max":null}},{"type":"Feature","geometry":{"type":"LineString","coordinates":[[-149.992561,61.179004],[-152.4940033,57.75]]},"properties":{"origin_iata":"ANC","dest_iata":"ADQ","passengers":50000,"departures":1000,"year_min":null,"year_max":null}},{"type":"Feature","geometry":{"type":"LineString","coordinates":[[-149.992561,61.179004],[-161.8379974,60.77980042]]},"properties":{"origin_iata":"ANC","dest_iata":"BET","passengers":50000,"departures":1000,"year_min":null,"year_max":null}},{"type":"Feature","geometry":{"type":"LineString","coordinates":[[-149.992561,61.179004],[-145.477997,60.491798]]},"properties":{"origin_iata":"ANC","dest_iata":"CDV","passengers":50000,"departures":1000,"year_min":null,"year_max":null}},{"type":"Feature","geometry":{"type":"LineString","coordinates":[[-149.992561,61.179004],[-147.856003,64.815102]]},"properties":{"origin_iata":"ANC","dest_iata":"FAI","passengers":50000,"departures":1000,"year_min":null,"year_max":null}},{"type":"Feature","geometry":{"type":"LineString","coordinates":[[-149.992561,61.179004],[-151.479235,59.644456]]},"properties":{"origin_iata":"ANC","dest_iata":"HOM","passengers":50000,"departures":1000,"year_min":null,"year_max":null}},{"type":"Feature","geometry":{"type":"LineString","coordinates":[[-149.992561,61.179004],[-146.246567,61.132712]]},"properties":{"origin_iata":"ANC","dest_iata":"VDZ","passengers":50000,"departures":1000,"year_min":null,"year_max":null}},{"type":"Feature","geometry":{"type":"LineString","coordinates":[[-159.54299926757812,61.581600189208984],[-159.77499389648438,62.18830108642578]]},"properties":{"origin_iata":"ANI","dest_iata":"HCR","passengers":50000,"departures":1000,"year_min":null,"year_max":null}},{"type":"Feature","geometry":{"type":"LineString","coordinates":[[-161.8379974,60.77980042],[-149.992561,61.179004]]},"properties":{"origin_iata":"BET","dest_iata":"ANC","passengers":50000,"departures":1000,"year_min":null,"year_max":null}},{"type":"Feature","geometry":{"type":"LineString","coordinates":[[-145.477997,60.491798],[-149.992561,61.179004]]},"properties":{"origin_iata":"CDV","dest_iata":"ANC","passengers":50000,"departures":1000,"year_min":null,"year_max":null}},{"type":"Feature","geometry":{"type":"LineString","coordinates":[[-147.856003,64.815102],[-149.992561,61.179004]]},"properties":{"origin_iata":"FAI","dest_iata":"ANC","passengers":50000,"departures":1000,"year_min":null,"year_max":null}},{"type":"Feature","geometry":{"type":"LineString","coordinates":[[-147.856003,64.815102],[-156.936997,64.736198]]},"properties":{"origin_iata":"FAI","dest_iata":"GAL","passengers":50000,"departures":1000,"year_min":null,"year_max":null}},{"type":"Feature","geometry":{"type":"LineString","coordinates":[[-147.856003,64.815102],[-148.4649963,70.19470215]]},"properties":{"origin_iata":"FAI","dest_iata":"SCC","passengers":50000,"departures":1000,"year_min":null,"year_max":null}},{"type":"Feature","geometry":{"type":"LineString","coordinates":[[-171.733303,63.767694],[-165.44500732421875,64.51219940185547]]},"properties":{"origin_iata":"GAM","dest_iata":"OME","passengers":50000,"departures":1000,"year_min":null,"year_max":null}},{"type":"Feature","geometry":{"type":"LineString","coordinates":[[-151.479235,59.644456],[-149.992561,61.179004]]},"properties":{"origin_iata":"HOM","dest_iata":"ANC","passengers":50000,"departures":1000,"year_min":null,"year_max":null}},{"type":"Feature","geometry":{"type":"LineString","coordinates":[[-156.897003,66.9123],[-162.598999,66.88469696]]},"properties":{"origin_iata":"OBU","dest_iata":"OTZ","passengers":50000,"departures":1000,"year_min":null,"year_max":null}},{"type":"Feature","geometry":{"type":"LineString","coordinates":[[-165.44500732421875,64.51219940185547],[-171.733303,63.767694]]},"properties":{"origin_iata":"OME","dest_iata":"GAM","passengers":50000,"departures":1000,"year_min":null,"year_max":null}},{"type":"Feature","geometry":{"type":"LineString","coordinates":[[-165.44500732421875,64.51219940185547],[-166.089112,66.249604]]},"properties":{"origin_iata":"OME","dest_iata":"SHH","passengers":50000,"departures":1000,"year_min":null,"year_max":null}},{"type":"Feature","geometry":{"type":"LineString","coordinates":[[-161.018997,66.817902],[-162.598999,66.88469696]]},"properties":{"origin_iata":"ORV","dest_iata":"OTZ","passengers":50000,"departures":1000,"year_min":null,"year_max":null}},{"type":"Feature","geometry":{"type":"LineString","coordinates":[[-162.598999,66.88469696],[-161.018997,66.817902]]},"properties":{"origin_iata":"OTZ","dest_iata":"ORV","passengers":50000,"departures":1000,"year_min":null,"year_max":null}},{"type":"Feature","geometry":{"type":"LineString","coordinates":[[-162.598999,66.88469696],[-166.798996,68.348801]]},"properties":{"origin_iata":"OTZ","dest_iata":"PHO","passengers":50000,"departures":1000,"year_min":null,"year_max":null}},{"type":"Feature","geometry":{"type":"LineString","coordinates":[[-166.798996,68.348801],[-162.598999,66.88469696]]},"properties":{"origin_iata":"PHO","dest_iata":"OTZ","passengers":50000,"departures":1000,"year_min":null,"year_max":null}},{"type":"Feature","geometry":{"type":"LineString","coordinates":[[-166.089112,66.249604],[-165.44500732421875,64.51219940185547]]},"properties":{"origin_iata":"SHH","dest_iata":"OME","passengers":50000,"departures":1000,"year_min":null,"year_max":null}},{"type":"Feature","geometry":{"type":"LineString","coordinates":[[-146.246567,61.132712],[-149.992561,61.179004]]},"properties":{"origin_iata":"VDZ","dest_iata":"ANC","passengers":50000,"departures":1000,"year_min":null,"year_max":null}},{"type":"Feature","geometry":{"type":"LineString","coordinates":[[-165.44500732421875,64.51219940185547],[-162.598999,66.88469696]]},"properties":{"origin_iata":"OME","dest_iata":"OTZ","passengers":50000,"departures":1000,"year_min":null,"year_max":null}},{"type":"Feature","geometry":{"type":"LineString","coordinates":[[-162.598999,66.88469696],[-165.44500732421875,64.51219940185547]]},"properties":{"origin_iata":"OTZ","dest_iata":"OME","passengers":50000,"departures":1000,"year_min":null,"year_max":null}},{"type":"Feature","geometry":{"type":"LineString","coordinates":[[-125.271004,49.950802],[-123.183998,49.193901]]},"properties":{"origin_iata":"YBL","dest_iata":"YVR","passengers":50000,"departures":1000,"year_min":null,"year_max":null}},{"type":"Feature","geometry":{"type":"LineString","coordinates":[[-124.887001,49.7108],[-125.271004,49.950802]]},"properties":{"origin_iata":"YQQ","dest_iata":"YBL","passengers":50000,"departures":1000,"year_min":null,"year_max":null}},{"type":"Feature","geometry":{"type":"LineString","coordinates":[[-123.183998,49.193901],[-124.887001,49.7108]]},"properties":{"origin_iata":"YVR","dest_iata":"YQQ","passengers":50000,"departures":1000,"year_min":null,"year_max":null}},{"type":"Feature","geometry":{"type":"LineString","coordinates":[[-123.183998,49.193901],[-115.781998,49.610802]]},"properties":{"origin_iata":"YVR","dest_iata":"YXC","passengers":50000,"departures":1000,"year_min":null,"year_max":null}},{"type":"Feature","geometry":{"type":"LineString","coordinates":[[-115.781998,49.610802],[-123.183998,49.193901]]},"properties":{"origin_iata":"YXC","dest_iata":"YVR","passengers":50000,"departures":1000,"year_min":null,"year_max":null}},{"type":"Feature","geometry":{"type":"LineString","coordinates":[[-120.448641,50.703038],[-123.183998,49.193901]]},"properties":{"origin_iata":"YKA","dest_iata":"YVR","passengers":50000,"departures":1000,"year_min":null,"year_max":null}},{"type":"Feature","geometry":{"type":"LineString","coordinates":[[-122.51000213623047,53.026100158691406],[-123.183998,49.193901]]},"properties":{"origin_iata":"YQZ","dest_iata":"YVR","passengers":50000,"departures":1000,"year_min":null,"year_max":null}},{"type":"Feature","geometry":{"type":"LineString","coordinates":[[-122.51000213623047,53.026100158691406],[-122.054000854,52.1831016541]]},"properties":{"origin_iata":"YQZ","dest_iata":"YWL","passengers":50000,"departures":1000,"year_min":null,"year_max":null}},{"type":"Feature","geometry":{"type":"LineString","coordinates":[[-123.183998,49.193901],[-120.448641,50.703038]]},"properties":{"origin_iata":"YVR","dest_iata":"YKA","passengers":50000,"departures":1000,"year_min":null,"year_max":null}},{"type":"Feature","geometry":{"type":"LineString","coordinates":[[-123.183998,49.193901],[-122.51000213623047,53.026100158691406]]},"properties":{"origin_iata":"YVR","dest_iata":"YQZ","passengers":50000,"departures":1000,"year_min":null,"year_max":null}},{"type":"Feature","geometry":{"type":"LineString","coordinates":[[-122.054000854,52.1831016541],[-122.51000213623047,53.026100158691406]]},"properties":{"origin_iata":"YWL","dest_iata":"YQZ","passengers":50000,"departures":1000,"year_min":null,"year_max":null}},{"type":"Feature","geometry":{"type":"LineString","coordinates":[[-122.666554,53.884311],[-114.009933,51.118822]]},"properties":{"origin_iata":"YXS","dest_iata":"YYC","passengers":50000,"departures":1000,"year_min":null,"year_max":null}},{"type":"Feature","geometry":{"type":"LineString","coordinates":[[-114.009933,51.118822],[-122.666554,53.884311]]},"properties":{"origin_iata":"YYC","dest_iata":"YXS","passengers":50000,"departures":1000,"year_min":null,"year_max":null}},{"type":"Feature","geometry":{"type":"LineString","coordinates":[[-68.204399,49.1325],[-68.20809936523438,48.60860061645508]]},"properties":{"origin_iata":"YBC","dest_iata":"YYY","passengers":50000,"departures":1000,"year_min":null,"year_max":null}},{"type":"Feature","geometry":{"type":"LineString","coordinates":[[-57.396147,49.208159],[-60.4258003235,53.3191986084]]},"properties":{"origin_iata":"YDF","dest_iata":"YYR","passengers":50000,"departures":1000,"year_min":null,"year_max":null}},{"type":"Feature","geometry":{"type":"LineString","coordinates":[[-57.396147,49.208159],[-52.7519,47.618599]]},"properties":{"origin_iata":"YDF","dest_iata":"YYT","passengers":50000,"departures":1000,"year_min":null,"year_max":null}},{"type":"Feature","geometry":{"type":"LineString","coordinates":[[-113.580002,53.3097],[-104.660906,50.431938]]},"properties":{"origin_iata":"YEG","dest_iata":"YQR","passengers":50000,"departures":1000,"year_min":null,"year_max":null}},{"type":"Feature","geometry":{"type":"LineString","coordinates":[[-113.580002,53.3097],[-118.885002136,55.1796989441]]},"properties":{"origin_iata":"YEG","dest_iata":"YQU","passengers":50000,"departures":1000,"year_min":null,"year_max":null}},{"type":"Feature","geometry":{"type":"LineString","coordinates":[[-113.580002,53.3097],[-73.742294,45.467837]]},"properties":{"origin_iata":"YEG","dest_iata":"YUL","passengers":50000,"departures":1000,"year_min":null,"year_max":null}},{"type":"Feature","geometry":{"type":"LineString","coordinates":[[-113.580002,53.3097],[-106.700793,52.170723]]},"properties":{"origin_iata":"YEG","dest_iata":"YXE","passengers":50000,"departures":1000,"year_min":null,"year_max":null}},{"type":"Feature","geometry":{"type":"LineString","coordinates":[[-63.5085983276,44.8807983398],[-73.742294,45.467837]]},"properties":{"origin_iata":"YHZ","dest_iata":"YUL","passengers":50000,"departures":1000,"year_min":null,"year_max":null}},{"type":"Feature","geometry":{"type":"LineString","coordinates":[[-120.448641,50.703038],[-114.009933,51.118822]]},"properties":{"origin_iata":"YKA","dest_iata":"YYC","passengers":50000,"departures":1000,"year_min":null,"year_max":null}},{"type":"Feature","geometry":{"type":"LineString","coordinates":[[-119.377998,49.9561],[-114.009933,51.118822]]},"properties":{"origin_iata":"YLW","dest_iata":"YYC","passengers":50000,"departures":1000,"year_min":null,"year_max":null}},{"type":"Feature","geometry":{"type":"LineString","coordinates":[[-111.222,56.653301],[-114.009933,51.118822]]},"properties":{"origin_iata":"YMM","dest_iata":"YYC","passengers":50000,"departures":1000,"year_min":null,"year_max":null}},{"type":"Feature","geometry":{"type":"LineString","coordinates":[[-104.660906,50.431938],[-113.580002,53.3097]]},"properties":{"origin_iata":"YQR","dest_iata":"YEG","passengers":50000,"departures":1000,"year_min":null,"year_max":null}},{"type":"Feature","geometry":{"type":"LineString","coordinates":[[-104.660906,50.431938],[-123.183998,49.193901]]},"properties":{"origin_iata":"YQR","dest_iata":"YVR","passengers":50000,"departures":1000,"year_min":null,"year_max":null}},{"type":"Feature","geometry":{"type":"LineString","coordinates":[[-104.660906,50.431938],[-97.2398986816,49.909999847399995]]},"properties":{"origin_iata":"YQR","dest_iata":"YWG","passengers":50000,"departures":1000,"year_min":null,"year_max":null}},{"type":"Feature","geometry":{"type":"LineString","coordinates":[[-104.660906,50.431938],[-114.009933,51.118822]]},"properties":{"origin_iata":"YQR","dest_iata":"YYC","passengers":50000,"departures":1000,"year_min":null,"year_max":null}},{"type":"Feature","geometry":{"type":"LineString","coordinates":[[-118.885002136,55.1796989441],[-113.580002,53.3097]]},"properties":{"origin_iata":"YQU","dest_iata":"YEG","passengers":50000,"departures":1000,"year_min":null,"year_max":null}},{"type":"Feature","geometry":{"type":"LineString","coordinates":[[-118.885002136,55.1796989441],[-114.009933,51.118822]]},"properties":{"origin_iata":"YQU","dest_iata":"YYC","passengers":50000,"departures":1000,"year_min":null,"year_max":null}},{"type":"Feature","geometry":{"type":"LineString","coordinates":[[-73.742294,45.467837],[-113.580002,53.3097]]},"properties":{"origin_iata":"YUL","dest_iata":"YEG","passengers":50000,"departures":1000,"year_min":null,"year_max":null}},{"type":"Feature","geometry":{"type":"LineString","coordinates":[[-73.742294,45.467837],[-63.5085983276,44.8807983398]]},"properties":{"origin_iata":"YUL","dest_iata":"YHZ","passengers":50000,"departures":1000,"year_min":null,"year_max":null}},{"type":"Feature","geometry":{"type":"LineString","coordinates":[[-73.742294,45.467837],[-77.7827987671,48.0532989502]]},"properties":{"origin_iata":"YUL","dest_iata":"YVO","passengers":50000,"departures":1000,"year_min":null,"year_max":null}},{"type":"Feature","geometry":{"type":"LineString","coordinates":[[-73.742294,45.467837],[-123.183998,49.193901]]},"properties":{"origin_iata":"YUL","dest_iata":"YVR","passengers":50000,"departures":1000,"year_min":null,"year_max":null}},{"type":"Feature","geometry":{"type":"LineString","coordinates":[[-73.742294,45.467837],[-97.2398986816,49.909999847399995]]},"properties":{"origin_iata":"YUL","dest_iata":"YWG","passengers":50000,"departures":1000,"year_min":null,"year_max":null}},{"type":"Feature","geometry":{"type":"LineString","coordinates":[[-73.742294,45.467837],[-114.009933,51.118822]]},"properties":{"origin_iata":"YUL","dest_iata":"YYC","passengers":50000,"departures":1000,"year_min":null,"year_max":null}},{"type":"Feature","geometry":{"type":"LineString","coordinates":[[-73.742294,45.467837],[-66.2656021118164,50.22330093383789]]},"properties":{"origin_iata":"YUL","dest_iata":"YZV","passengers":50000,"departures":1000,"year_min":null,"year_max":null}},{"type":"Feature","geometry":{"type":"LineString","coordinates":[[-78.83560180664062,48.20610046386719],[-77.7827987671,48.0532989502]]},"properties":{"origin_iata":"YUY","dest_iata":"YVO","passengers":50000,"departures":1000,"year_min":null,"year_max":null}},{"type":"Feature","geometry":{"type":"LineString","coordinates":[[-77.7827987671,48.0532989502],[-73.742294,45.467837]]},"properties":{"origin_iata":"YVO","dest_iata":"YUL","passengers":50000,"departures":1000,"year_min":null,"year_max":null}},{"type":"Feature","geometry":{"type":"LineString","coordinates":[[-77.7827987671,48.0532989502],[-78.83560180664062,48.20610046386719]]},"properties":{"origin_iata":"YVO","dest_iata":"YUY","passengers":50000,"departures":1000,"year_min":null,"year_max":null}},{"type":"Feature","geometry":{"type":"LineString","coordinates":[[-123.183998,49.193901],[-104.660906,50.431938]]},"properties":{"origin_iata":"YVR","dest_iata":"YQR","passengers":50000,"departures":1000,"year_min":null,"year_max":null}},{"type":"Feature","geometry":{"type":"LineString","coordinates":[[-123.183998,49.193901],[-73.742294,45.467837]]},"properties":{"origin_iata":"YVR","dest_iata":"YUL","passengers":50000,"departures":1000,"year_min":null,"year_max":null}},{"type":"Feature","geometry":{"type":"LineString","coordinates":[[-123.183998,49.193901],[-97.2398986816,49.909999847399995]]},"properties":{"origin_iata":"YVR","dest_iata":"YWG","passengers":50000,"departures":1000,"year_min":null,"year_max":null}},{"type":"Feature","geometry":{"type":"LineString","coordinates":[[-123.183998,49.193901],[-106.700793,52.170723]]},"properties":{"origin_iata":"YVR","dest_iata":"YXE","passengers":50000,"departures":1000,"year_min":null,"year_max":null}},{"type":"Feature","geometry":{"type":"LineString","coordinates":[[-123.183998,49.193901],[-120.739998,56.238098]]},"properties":{"origin_iata":"YVR","dest_iata":"YXJ","passengers":50000,"departures":1000,"year_min":null,"year_max":null}},{"type":"Feature","geometry":{"type":"LineString","coordinates":[[-123.183998,49.193901],[-122.666554,53.884311]]},"properties":{"origin_iata":"YVR","dest_iata":"YXS","passengers":50000,"departures":1000,"year_min":null,"year_max":null}},{"type":"Feature","geometry":{"type":"LineString","coordinates":[[-123.183998,49.193901],[-127.18299865722656,54.82469940185547]]},"properties":{"origin_iata":"YVR","dest_iata":"YYD","passengers":50000,"departures":1000,"year_min":null,"year_max":null}},{"type":"Feature","geometry":{"type":"LineString","coordinates":[[-97.2398986816,49.909999847399995],[-104.660906,50.431938]]},"properties":{"origin_iata":"YWG","dest_iata":"YQR","passengers":50000,"departures":1000,"year_min":null,"year_max":null}},{"type":"Feature","geometry":{"type":"LineString","coordinates":[[-97.2398986816,49.909999847399995],[-89.323898,48.371899]]},"properties":{"origin_iata":"YWG","dest_iata":"YQT","passengers":50000,"departures":1000,"year_min":null,"year_max":null}},{"type":"Feature","geometry":{"type":"LineString","coordinates":[[-97.2398986816,49.909999847399995],[-123.183998,49.193901]]},"properties":{"origin_iata":"YWG","dest_iata":"YVR","passengers":50000,"departures":1000,"year_min":null,"year_max":null}},{"type":"Feature","geometry":{"type":"LineString","coordinates":[[-97.2398986816,49.909999847399995],[-106.700793,52.170723]]},"properties":{"origin_iata":"YWG","dest_iata":"YXE","passengers":50000,"departures":1000,"year_min":null,"year_max":null}},{"type":"Feature","geometry":{"type":"LineString","coordinates":[[-97.2398986816,49.909999847399995],[-114.009933,51.118822]]},"properties":{"origin_iata":"YWG","dest_iata":"YYC","passengers":50000,"departures":1000,"year_min":null,"year_max":null}},{"type":"Feature","geometry":{"type":"LineString","coordinates":[[-66.8644027709961,52.92190170288086],[-60.4258003235,53.3191986084]]},"properties":{"origin_iata":"YWK","dest_iata":"YYR","passengers":50000,"departures":1000,"year_min":null,"year_max":null}},{"type":"Feature","geometry":{"type":"LineString","coordinates":[[-106.700793,52.170723],[-113.580002,53.3097]]},"properties":{"origin_iata":"YXE","dest_iata":"YEG","passengers":50000,"departures":1000,"year_min":null,"year_max":null}},{"type":"Feature","geometry":{"type":"LineString","coordinates":[[-106.700793,52.170723],[-123.183998,49.193901]]},"properties":{"origin_iata":"YXE","dest_iata":"YVR","passengers":50000,"departures":1000,"year_min":null,"year_max":null}},{"type":"Feature","geometry":{"type":"LineString","coordinates":[[-106.700793,52.170723],[-97.2398986816,49.909999847399995]]},"properties":{"origin_iata":"YXE","dest_iata":"YWG","passengers":50000,"departures":1000,"year_min":null,"year_max":null}},{"type":"Feature","geometry":{"type":"LineString","coordinates":[[-106.700793,52.170723],[-114.009933,51.118822]]},"properties":{"origin_iata":"YXE","dest_iata":"YYC","passengers":50000,"departures":1000,"year_min":null,"year_max":null}},{"type":"Feature","geometry":{"type":"LineString","coordinates":[[-120.739998,56.238098],[-123.183998,49.193901]]},"properties":{"origin_iata":"YXJ","dest_iata":"YVR","passengers":50000,"departures":1000,"year_min":null,"year_max":null}},{"type":"Feature","geometry":{"type":"LineString","coordinates":[[-122.666554,53.884311],[-123.183998,49.193901]]},"properties":{"origin_iata":"YXS","dest_iata":"YVR","passengers":50000,"departures":1000,"year_min":null,"year_max":null}},{"type":"Feature","geometry":{"type":"LineString","coordinates":[[-114.009933,51.118822],[-120.448641,50.703038]]},"properties":{"origin_iata":"YYC","dest_iata":"YKA","passengers":50000,"departures":1000,"year_min":null,"year_max":null}},{"type":"Feature","geometry":{"type":"LineString","coordinates":[[-114.009933,51.118822],[-119.377998,49.9561]]},"properties":{"origin_iata":"YYC","dest_iata":"YLW","passengers":50000,"departures":1000,"year_min":null,"year_max":null}},{"type":"Feature","geometry":{"type":"LineString","coordinates":[[-114.009933,51.118822],[-111.222,56.653301]]},"properties":{"origin_iata":"YYC","dest_iata":"YMM","passengers":50000,"departures":1000,"year_min":null,"year_max":null}},{"type":"Feature","geometry":{"type":"LineString","coordinates":[[-114.009933,51.118822],[-104.660906,50.431938]]},"properties":{"origin_iata":"YYC","dest_iata":"YQR","passengers":50000,"departures":1000,"year_min":null,"year_max":null}},{"type":"Feature","geometry":{"type":"LineString","coordinates":[[-114.009933,51.118822],[-118.885002136,55.1796989441]]},"properties":{"origin_iata":"YYC","dest_iata":"YQU","passengers":50000,"departures":1000,"year_min":null,"year_max":null}},{"type":"Feature","geometry":{"type":"LineString","coordinates":[[-114.009933,51.118822],[-73.742294,45.467837]]},"properties":{"origin_iata":"YYC","dest_iata":"YUL","passengers":50000,"departures":1000,"year_min":null,"year_max":null}},{"type":"Feature","geometry":{"type":"LineString","coordinates":[[-114.009933,51.118822],[-97.2398986816,49.909999847399995]]},"properties":{"origin_iata":"YYC","dest_iata":"YWG","passengers":50000,"departures":1000,"year_min":null,"year_max":null}},{"type":"Feature","geometry":{"type":"LineString","coordinates":[[-114.009933,51.118822],[-106.700793,52.170723]]},"properties":{"origin_iata":"YYC","dest_iata":"YXE","passengers":50000,"departures":1000,"year_min":null,"year_max":null}},{"type":"Feature","geometry":{"type":"LineString","coordinates":[[-114.009933,51.118822],[-123.427792,48.647201]]},"properties":{"origin_iata":"YYC","dest_iata":"YYJ","passengers":50000,"departures":1000,"year_min":null,"year_max":null}},{"type":"Feature","geometry":{"type":"LineString","coordinates":[[-127.18299865722656,54.82469940185547],[-123.183998,49.193901]]},"properties":{"origin_iata":"YYD","dest_iata":"YVR","passengers":50000,"departures":1000,"year_min":null,"year_max":null}},{"type":"Feature","geometry":{"type":"LineString","coordinates":[[-123.427792,48.647201],[-114.009933,51.118822]]},"properties":{"origin_iata":"YYJ","dest_iata":"YYC","passengers":50000,"departures":1000,"year_min":null,"year_max":null}},{"type":"Feature","geometry":{"type":"LineString","coordinates":[[-60.4258003235,53.3191986084],[-57.396147,49.208159]]},"properties":{"origin_iata":"YYR","dest_iata":"YDF","passengers":50000,"departures":1000,"year_min":null,"year_max":null}},{"type":"Feature","geometry":{"type":"LineString","coordinates":[[-60.4258003235,53.3191986084],[-66.8644027709961,52.92190170288086]]},"properties":{"origin_iata":"YYR","dest_iata":"YWK","passengers":50000,"departures":1000,"year_min":null,"year_max":null}},{"type":"Feature","geometry":{"type":"LineString","coordinates":[[-60.4258003235,53.3191986084],[-52.7519,47.618599]]},"properties":{"origin_iata":"YYR","dest_iata":"YYT","passengers":50000,"departures":1000,"year_min":null,"year_max":null}},{"type":"Feature","geometry":{"type":"LineString","coordinates":[[-52.7519,47.618599],[-57.396147,49.208159]]},"properties":{"origin_iata":"YYT","dest_iata":"YDF","passengers":50000,"departures":1000,"year_min":null,"year_max":null}},{"type":"Feature","geometry":{"type":"LineString","coordinates":[[-52.7519,47.618599],[-60.4258003235,53.3191986084]]},"properties":{"origin_iata":"YYT","dest_iata":"YYR","passengers":50000,"departures":1000,"year_min":null,"year_max":null}},{"type":"Feature","geometry":{"type":"LineString","coordinates":[[-68.20809936523438,48.60860061645508],[-68.204399,49.1325]]},"properties":{"origin_iata":"YYY","dest_iata":"YBC","passengers":50000,"departures":1000,"year_min":null,"year_max":null}},{"type":"Feature","geometry":{"type":"LineString","coordinates":[[-66.2656021118164,50.22330093383789],[-73.742294,45.467837]]},"properties":{"origin_iata":"YZV","dest_iata":"YUL","passengers":50000,"departures":1000,"year_min":null,"year_max":null}},{"type":"Feature","geometry":{"type":"LineString","coordinates":[[-156.651965,58.677845],[-149.992561,61.179004]]},"properties":{"origin_iata":"AKN","dest_iata":"ANC","passengers":50000,"departures":1000,"year_min":null,"year_max":null}},{"type":"Feature","geometry":{"type":"LineString","coordinates":[[-149.992561,61.179004],[-156.651965,58.677845]]},"properties":{"origin_iata":"ANC","dest_iata":"AKN","passengers":50000,"departures":1000,"year_min":null,"year_max":null}},{"type":"Feature","geometry":{"type":"LineString","coordinates":[[-149.992561,61.179004],[-162.725029,55.207871]]},"properties":{"origin_iata":"ANC","dest_iata":"CDB","passengers":50000,"departures":1000,"year_min":null,"year_max":null}},{"type":"Feature","geometry":{"type":"LineString","coordinates":[[-149.992561,61.179004],[-158.5050049,59.04470062]]},"properties":{"origin_iata":"ANC","dest_iata":"DLG","passengers":50000,"departures":1000,"year_min":null,"year_max":null}},{"type":"Feature","geometry":{"type":"LineString","coordinates":[[-149.992561,61.179004],[-155.6060028,62.95289993]]},"properties":{"origin_iata":"ANC","dest_iata":"MCG","passengers":50000,"departures":1000,"year_min":null,"year_max":null}},{"type":"Feature","geometry":{"type":"LineString","coordinates":[[-149.992561,61.179004],[-170.222555,57.166311]]},"properties":{"origin_iata":"ANC","dest_iata":"SNP","passengers":50000,"departures":1000,"year_min":null,"year_max":null}},{"type":"Feature","geometry":{"type":"LineString","coordinates":[[-159.54299926757812,61.581600189208984],[-155.6060028,62.95289993]]},"properties":{"origin_iata":"ANI","dest_iata":"MCG","passengers":50000,"departures":1000,"year_min":null,"year_max":null}},{"type":"Feature","geometry":{"type":"LineString","coordinates":[[-162.725029,55.207871],[-149.992561,61.179004]]},"properties":{"origin_iata":"CDB","dest_iata":"ANC","passengers":50000,"departures":1000,"year_min":null,"year_max":null}},{"type":"Feature","geometry":{"type":"LineString","coordinates":[[-158.5050049,59.04470062],[-149.992561,61.179004]]},"properties":{"origin_iata":"DLG","dest_iata":"ANC","passengers":50000,"departures":1000,"year_min":null,"year_max":null}},{"type":"Feature","geometry":{"type":"LineString","coordinates":[[-155.6060028,62.95289993],[-149.992561,61.179004]]},"properties":{"origin_iata":"MCG","dest_iata":"ANC","passengers":50000,"departures":1000,"year_min":null,"year_max":null}},{"type":"Feature","geometry":{"type":"LineString","coordinates":[[-155.6060028,62.95289993],[-159.54299926757812,61.581600189208984]]},"properties":{"origin_iata":"MCG","dest_iata":"ANI","passengers":50000,"departures":1000,"year_min":null,"year_max":null}},{"type":"Feature","geometry":{"type":"LineString","coordinates":[[-170.222555,57.166311],[-149.992561,61.179004]]},"properties":{"origin_iata":"SNP","dest_iata":"ANC","passengers":50000,"departures":1000,"year_min":null,"year_max":null}},{"type":"Feature","geometry":{"type":"LineString","coordinates":[[-101.681999,54.678101],[-101.09100341796875,53.97140121459961]]},"properties":{"origin_iata":"YFO","dest_iata":"YQD","passengers":50000,"departures":1000,"year_min":null,"year_max":null}},{"type":"Feature","geometry":{"type":"LineString","coordinates":[[-101.09100341796875,53.97140121459961],[-101.681999,54.678101]]},"properties":{"origin_iata":"YQD","dest_iata":"YFO","passengers":50000,"departures":1000,"year_min":null,"year_max":null}},{"type":"Feature","geometry":{"type":"LineString","coordinates":[[-101.09100341796875,53.97140121459961],[-97.2398986816,49.909999847399995]]},"properties":{"origin_iata":"YQD","dest_iata":"YWG","passengers":50000,"departures":1000,"year_min":null,"year_max":null}},{"type":"Feature","geometry":{"type":"LineString","coordinates":[[-89.323898,48.371899],[-91.9052963256836,50.11389923095703]]},"properties":{"origin_iata":"YQT","dest_iata":"YXL","passengers":50000,"departures":1000,"year_min":null,"year_max":null}},{"type":"Feature","geometry":{"type":"LineString","coordinates":[[-93.79309844970703,51.066898345947266],[-91.9052963256836,50.11389923095703]]},"properties":{"origin_iata":"YRL","dest_iata":"YXL","passengers":50000,"departures":1000,"year_min":null,"year_max":null}},{"type":"Feature","geometry":{"type":"LineString","coordinates":[[-97.2398986816,49.909999847399995],[-101.681999,54.678101]]},"properties":{"origin_iata":"YWG","dest_iata":"YFO","passengers":50000,"departures":1000,"year_min":null,"year_max":null}},{"type":"Feature","geometry":{"type":"LineString","coordinates":[[-97.2398986816,49.909999847399995],[-101.09100341796875,53.97140121459961]]},"properties":{"origin_iata":"YWG","dest_iata":"YQD","passengers":50000,"departures":1000,"year_min":null,"year_max":null}},{"type":"Feature","geometry":{"type":"LineString","coordinates":[[-91.9052963256836,50.11389923095703],[-89.323898,48.371899]]},"properties":{"origin_iata":"YXL","dest_iata":"YQT","passengers":50000,"departures":1000,"year_min":null,"year_max":null}},{"type":"Feature","geometry":{"type":"LineString","coordinates":[[-91.9052963256836,50.11389923095703],[-93.79309844970703,51.066898345947266]]},"properties":{"origin_iata":"YXL","dest_iata":"YRL","passengers":50000,"departures":1000,"year_min":null,"year_max":null}},{"type":"Feature","geometry":{"type":"LineString","coordinates":[[-68.204399,49.1325],[-71.393303,46.7911]]},"properties":{"origin_iata":"YBC","dest_iata":"YQB","passengers":50000,"departures":1000,"year_min":null,"year_max":null}},{"type":"Feature","geometry":{"type":"LineString","coordinates":[[-63.611401,50.281898],[-66.2656021118164,50.22330093383789]]},"properties":{"origin_iata":"YGV","dest_iata":"YZV","passengers":50000,"departures":1000,"year_min":null,"year_max":null}},{"type":"Feature","geometry":{"type":"LineString","coordinates":[[-71.393303,46.7911],[-68.204399,49.1325]]},"properties":{"origin_iata":"YQB","dest_iata":"YBC","passengers":50000,"departures":1000,"year_min":null,"year_max":null}},{"type":"Feature","geometry":{"type":"LineString","coordinates":[[-68.20809936523438,48.60860061645508],[-66.2656021118164,50.22330093383789]]},"properties":{"origin_iata":"YYY","dest_iata":"YZV","passengers":50000,"departures":1000,"year_min":null,"year_max":null}},{"type":"Feature","geometry":{"type":"LineString","coordinates":[[-66.2656021118164,50.22330093383789],[-63.611401,50.281898]]},"properties":{"origin_iata":"YZV","dest_iata":"YGV","passengers":50000,"departures":1000,"year_min":null,"year_max":null}},{"type":"Feature","geometry":{"type":"LineString","coordinates":[[-66.2656021118164,50.22330093383789],[-68.20809936523438,48.60860061645508]]},"properties":{"origin_iata":"YZV","dest_iata":"YYY","passengers":50000,"departures":1000,"year_min":null,"year_max":null}},{"type":"Feature","geometry":{"type":"LineString","coordinates":[[-61.78898,50.190114],[-66.2656021118164,50.22330093383789]]},"properties":{"origin_iata":"YNA","dest_iata":"YZV","passengers":50000,"departures":1000,"year_min":null,"year_max":null}},{"type":"Feature","geometry":{"type":"LineString","coordinates":[[-66.2656021118164,50.22330093383789],[-61.78898,50.190114]]},"properties":{"origin_iata":"YZV","dest_iata":"YNA","passengers":50000,"departures":1000,"year_min":null,"year_max":null}},{"type":"Feature","geometry":{"type":"LineString","coordinates":[[-77.7042007446289,53.625301361083984],[-77.76529693603516,55.281898498535156]]},"properties":{"origin_iata":"YGL","dest_iata":"YGW","passengers":25000,"departures":500,"year_min":null,"year_max":null}},{"type":"Feature","geometry":{"type":"LineString","coordinates":[[-77.7042007446289,53.625301361083984],[-73.742294,45.467837]]},"properties":{"origin_iata":"YGL","dest_iata":"YUL","passengers":25000,"departures":500,"year_min":null,"year_max":null}},{"type":"Feature","geometry":{"type":"LineString","coordinates":[[-77.76529693603516,55.281898498535156],[-77.7042007446289,53.625301361083984]]},"properties":{"origin_iata":"YGW","dest_iata":"YGL","passengers":25000,"departures":500,"year_min":null,"year_max":null}},{"type":"Feature","geometry":{"type":"LineString","coordinates":[[-77.76529693603516,55.281898498535156],[-73.742294,45.467837]]},"properties":{"origin_iata":"YGW","dest_iata":"YUL","passengers":25000,"departures":500,"year_min":null,"year_max":null}},{"type":"Feature","geometry":{"type":"LineString","coordinates":[[-77.76529693603516,55.281898498535156],[-78.83560180664062,48.20610046386719]]},"properties":{"origin_iata":"YGW","dest_iata":"YUY","passengers":25000,"departures":500,"year_min":null,"year_max":null}},{"type":"Feature","geometry":{"type":"LineString","coordinates":[[-66.8052978515625,54.805301666259766],[-71.393303,46.7911]]},"properties":{"origin_iata":"YKL","dest_iata":"YQB","passengers":25000,"departures":500,"year_min":null,"year_max":null}},{"type":"Feature","geometry":{"type":"LineString","coordinates":[[-66.8052978515625,54.805301666259766],[-68.4269027709961,58.096099853515625]]},"properties":{"origin_iata":"YKL","dest_iata":"YVP","passengers":25000,"departures":500,"year_min":null,"year_max":null}},{"type":"Feature","geometry":{"type":"LineString","coordinates":[[-66.8052978515625,54.805301666259766],[-66.2656021118164,50.22330093383789]]},"properties":{"origin_iata":"YKL","dest_iata":"YZV","passengers":25000,"departures":500,"year_min":null,"year_max":null}},{"type":"Feature","geometry":{"type":"LineString","coordinates":[[-71.393303,46.7911],[-66.8052978515625,54.805301666259766]]},"properties":{"origin_iata":"YQB","dest_iata":"YKL","passengers":25000,"departures":500,"year_min":null,"year_max":null}},{"type":"Feature","geometry":{"type":"LineString","coordinates":[[-73.742294,45.467837],[-77.7042007446289,53.625301361083984]]},"properties":{"origin_iata":"YUL","dest_iata":"YGL","passengers":25000,"departures":500,"year_min":null,"year_max":null}},{"type":"Feature","geometry":{"type":"LineString","coordinates":[[-73.742294,45.467837],[-77.76529693603516,55.281898498535156]]},"properties":{"origin_iata":"YUL","dest_iata":"YGW","passengers":25000,"departures":500,"year_min":null,"year_max":null}},{"type":"Feature","geometry":{"type":"LineString","coordinates":[[-78.83560180664062,48.20610046386719],[-77.76529693603516,55.281898498535156]]},"properties":{"origin_iata":"YUY","dest_iata":"YGW","passengers":25000,"departures":500,"year_min":null,"year_max":null}},{"type":"Feature","geometry":{"type":"LineString","coordinates":[[-68.4269027709961,58.096099853515625],[-77.76529693603516,55.281898498535156]]},"properties":{"origin_iata":"YVP","dest_iata":"YGW","passengers":25000,"departures":500,"year_min":null,"year_max":null}},{"type":"Feature","geometry":{"type":"LineString","coordinates":[[-68.4269027709961,58.096099853515625],[-66.8052978515625,54.805301666259766]]},"properties":{"origin_iata":"YVP","dest_iata":"YKL","passengers":25000,"departures":500,"year_min":null,"year_max":null}},{"type":"Feature","geometry":{"type":"LineString","coordinates":[[-66.2656021118164,50.22330093383789],[-66.8052978515625,54.805301666259766]]},"properties":{"origin_iata":"YZV","dest_iata":"YKL","passengers":25000,"departures":500,"year_min":null,"year_max":null}},{"type":"Feature","geometry":{"type":"LineString","coordinates":[[-155.6060028,62.95289993],[-154.360399,63.017949]]},"properties":{"origin_iata":"MCG","dest_iata":"NIB","passengers":25000,"departures":500,"year_min":null,"year_max":null}},{"type":"Feature","geometry":{"type":"LineString","coordinates":[[-154.360399,63.017949],[-155.6060028,62.95289993]]},"properties":{"origin_iata":"NIB","dest_iata":"MCG","passengers":25000,"departures":500,"year_min":null,"year_max":null}},{"type":"Feature","geometry":{"type":"LineString","coordinates":[[-113.580002,53.3097],[-135.065705,60.708533]]},"properties":{"origin_iata":"YEG","dest_iata":"YXY","passengers":25000,"departures":500,"year_min":null,"year_max":null}},{"type":"Feature","geometry":{"type":"LineString","coordinates":[[-119.377998,49.9561],[-135.065705,60.708533]]},"properties":{"origin_iata":"YLW","dest_iata":"YXY","passengers":25000,"departures":500,"year_min":null,"year_max":null}},{"type":"Feature","geometry":{"type":"LineString","coordinates":[[-135.065705,60.708533],[-119.377998,49.9561]]},"properties":{"origin_iata":"YXY","dest_iata":"YLW","passengers":25000,"departures":500,"year_min":null,"year_max":null}},{"type":"Feature","geometry":{"type":"LineString","coordinates":[[-135.065705,60.708533],[-114.009933,51.118822]]},"properties":{"origin_iata":"YXY","dest_iata":"YYC","passengers":25000,"departures":500,"year_min":null,"year_max":null}},{"type":"Feature","geometry":{"type":"LineString","coordinates":[[-135.065705,60.708533],[-114.440002,62.462799]]},"properties":{"origin_iata":"YXY","dest_iata":"YZF","passengers":25000,"departures":500,"year_min":null,"year_max":null}},{"type":"Feature","geometry":{"type":"LineString","coordinates":[[-114.440002,62.462799],[-135.065705,60.708533]]},"properties":{"origin_iata":"YZF","dest_iata":"YXY","passengers":25000,"departures":500,"year_min":null,"year_max":null}},{"type":"Feature","geometry":{"type":"LineString","coordinates":[[-143.740005,66.644997],[-147.856003,64.815102]]},"properties":{"origin_iata":"CIK","dest_iata":"FAI","passengers":25000,"departures":500,"year_min":null,"year_max":null}},{"type":"Feature","geometry":{"type":"LineString","coordinates":[[-143.740005,66.644997],[-145.249987,66.571651]]},"properties":{"origin_iata":"CIK","dest_iata":"FYU","passengers":25000,"departures":500,"year_min":null,"year_max":null}},{"type":"Feature","geometry":{"type":"LineString","coordinates":[[-150.203994751,67.25219726559999],[-151.742996,68.133598]]},"properties":{"origin_iata":"CXF","dest_iata":"AKP","passengers":25000,"departures":500,"year_min":null,"year_max":null}},{"type":"Feature","geometry":{"type":"LineString","coordinates":[[-147.856003,64.815102],[-143.740005,66.644997]]},"properties":{"origin_iata":"FAI","dest_iata":"CIK","passengers":25000,"departures":500,"year_min":null,"year_max":null}},{"type":"Feature","geometry":{"type":"LineString","coordinates":[[-147.856003,64.815102],[-149.056835,66.016727]]},"properties":{"origin_iata":"FAI","dest_iata":"SVS","passengers":25000,"departures":500,"year_min":null,"year_max":null}},{"type":"Feature","geometry":{"type":"LineString","coordinates":[[-145.249987,66.571651],[-143.740005,66.644997]]},"properties":{"origin_iata":"FYU","dest_iata":"CIK","passengers":25000,"departures":500,"year_min":null,"year_max":null}},{"type":"Feature","geometry":{"type":"LineString","coordinates":[[-149.056835,66.016727],[-147.856003,64.815102]]},"properties":{"origin_iata":"SVS","dest_iata":"FAI","passengers":25000,"departures":500,"year_min":null,"year_max":null}},{"type":"Feature","geometry":{"type":"LineString","coordinates":[[-68.555801,63.756402],[-68.4269027709961,58.096099853515625]]},"properties":{"origin_iata":"YFB","dest_iata":"YVP","passengers":25000,"departures":500,"year_min":null,"year_max":null}},{"type":"Feature","geometry":{"type":"LineString","coordinates":[[-115.782997131,60.8396987915],[-114.440002,62.462799]]},"properties":{"origin_iata":"YHY","dest_iata":"YZF","passengers":25000,"departures":500,"year_min":null,"year_max":null}},{"type":"Feature","geometry":{"type":"LineString","coordinates":[[-73.742294,45.467837],[-68.4269027709961,58.096099853515625]]},"properties":{"origin_iata":"YUL","dest_iata":"YVP","passengers":25000,"departures":500,"year_min":null,"year_max":null}},{"type":"Feature","geometry":{"type":"LineString","coordinates":[[-68.4269027709961,58.096099853515625],[-68.555801,63.756402]]},"properties":{"origin_iata":"YVP","dest_iata":"YFB","passengers":25000,"departures":500,"year_min":null,"year_max":null}},{"type":"Feature","geometry":{"type":"LineString","coordinates":[[-68.4269027709961,58.096099853515625],[-73.742294,45.467837]]},"properties":{"origin_iata":"YVP","dest_iata":"YUL","passengers":25000,"departures":500,"year_min":null,"year_max":null}},{"type":"Feature","geometry":{"type":"LineString","coordinates":[[-114.440002,62.462799],[-115.782997131,60.8396987915]]},"properties":{"origin_iata":"YZF","dest_iata":"YHY","passengers":25000,"departures":500,"year_min":null,"year_max":null}},{"type":"Feature","geometry":{"type":"LineString","coordinates":[[-156.936997,64.736198],[-147.856003,64.815102]]},"properties":{"origin_iata":"GAL","dest_iata":"FAI","passengers":25000,"departures":500,"year_min":null,"year_max":null}},{"type":"Feature","geometry":{"type":"LineString","coordinates":[[-159.77499389648438,62.18830108642578],[-159.54299926757812,61.581600189208984]]},"properties":{"origin_iata":"HCR","dest_iata":"ANI","passengers":25000,"departures":500,"year_min":null,"year_max":null}},{"type":"Feature","geometry":{"type":"LineString","coordinates":[[-157.727005,64.876099],[-156.936997,64.736198]]},"properties":{"origin_iata":"KYU","dest_iata":"GAL","passengers":25000,"departures":500,"year_min":null,"year_max":null}},{"type":"Feature","geometry":{"type":"LineString","coordinates":[[-148.4649963,70.19470215],[-147.856003,64.815102]]},"properties":{"origin_iata":"SCC","dest_iata":"FAI","passengers":25000,"departures":500,"year_min":null,"year_max":null}},{"type":"Feature","geometry":{"type":"LineString","coordinates":[[-165.44500732421875,64.51219940185547],[-167.921997,65.563103]]},"properties":{"origin_iata":"OME","dest_iata":"TNC","passengers":25000,"departures":500,"year_min":null,"year_max":null}},{"type":"Feature","geometry":{"type":"LineString","coordinates":[[-126.596001,52.387501],[-123.183998,49.193901]]},"properties":{"origin_iata":"QBC","dest_iata":"YVR","passengers":25000,"departures":500,"year_min":null,"year_max":null}},{"type":"Feature","geometry":{"type":"LineString","coordinates":[[-119.377998,49.9561],[-115.781998,49.610802]]},"properties":{"origin_iata":"YLW","dest_iata":"YXC","passengers":25000,"departures":500,"year_min":null,"year_max":null}},{"type":"Feature","geometry":{"type":"LineString","coordinates":[[-123.183998,49.193901],[-126.596001,52.387501]]},"properties":{"origin_iata":"YVR","dest_iata":"QBC","passengers":25000,"departures":500,"year_min":null,"year_max":null}},{"type":"Feature","geometry":{"type":"LineString","coordinates":[[-123.183998,49.193901],[-127.36699676513672,50.680599212646484]]},"properties":{"origin_iata":"YVR","dest_iata":"YZT","passengers":25000,"departures":500,"year_min":null,"year_max":null}},{"type":"Feature","geometry":{"type":"LineString","coordinates":[[-123.183998,49.193901],[-132.125,54.0275]]},"properties":{"origin_iata":"YVR","dest_iata":"ZMT","passengers":25000,"departures":500,"year_min":null,"year_max":null}},{"type":"Feature","geometry":{"type":"LineString","coordinates":[[-115.781998,49.610802],[-119.377998,49.9561]]},"properties":{"origin_iata":"YXC","dest_iata":"YLW","passengers":25000,"departures":500,"year_min":null,"year_max":null}},{"type":"Feature","geometry":{"type":"LineString","coordinates":[[-127.36699676513672,50.680599212646484],[-123.183998,49.193901]]},"properties":{"origin_iata":"YZT","dest_iata":"YVR","passengers":25000,"departures":500,"year_min":null,"year_max":null}},{"type":"Feature","geometry":{"type":"LineString","coordinates":[[-132.125,54.0275],[-123.183998,49.193901]]},"properties":{"origin_iata":"ZMT","dest_iata":"YVR","passengers":25000,"departures":500,"year_min":null,"year_max":null}},{"type":"Feature","geometry":{"type":"LineString","coordinates":[[-152.621994,66.551804],[-147.856003,64.815102]]},"properties":{"origin_iata":"AET","dest_iata":"FAI","passengers":25000,"departures":500,"year_min":null,"year_max":null}},{"type":"Feature","geometry":{"type":"LineString","coordinates":[[-147.856003,64.815102],[-152.621994,66.551804]]},"properties":{"origin_iata":"FAI","dest_iata":"AET","passengers":25000,"departures":500,"year_min":null,"year_max":null}},{"type":"Feature","geometry":{"type":"LineString","coordinates":[[-147.856003,64.815102],[-151.742996,68.133598]]},"properties":{"origin_iata":"FAI","dest_iata":"AKP","passengers":25000,"departures":500,"year_min":null,"year_max":null}},{"type":"Feature","geometry":{"type":"LineString","coordinates":[[-147.856003,64.815102],[-145.824005127,66.2740020752]]},"properties":{"origin_iata":"FAI","dest_iata":"KBC","passengers":25000,"departures":500,"year_min":null,"year_max":null}},{"type":"Feature","geometry":{"type":"LineString","coordinates":[[-145.249987,66.571651],[-146.365997,67.008698]]},"properties":{"origin_iata":"FYU","dest_iata":"VEE","passengers":25000,"departures":500,"year_min":null,"year_max":null}},{"type":"Feature","geometry":{"type":"LineString","coordinates":[[-145.824005127,66.2740020752],[-145.249987,66.571651]]},"properties":{"origin_iata":"KBC","dest_iata":"FYU","passengers":25000,"departures":500,"year_min":null,"year_max":null}},{"type":"Feature","geometry":{"type":"LineString","coordinates":[[-157.727005,64.876099],[-147.856003,64.815102]]},"properties":{"origin_iata":"KYU","dest_iata":"FAI","passengers":25000,"departures":500,"year_min":null,"year_max":null}},{"type":"Feature","geometry":{"type":"LineString","coordinates":[[-146.365997,67.008698],[-145.249987,66.571651]]},"properties":{"origin_iata":"VEE","dest_iata":"FYU","passengers":25000,"departures":500,"year_min":null,"year_max":null}},{"type":"Feature","geometry":{"type":"LineString","coordinates":[[-120.183263,55.741245],[-123.183998,49.193901]]},"properties":{"origin_iata":"YDQ","dest_iata":"YVR","passengers":25000,"departures":500,"year_min":null,"year_max":null}},{"type":"Feature","geometry":{"type":"LineString","coordinates":[[-120.183263,55.741245],[-122.597000122,58.8363990784]]},"properties":{"origin_iata":"YDQ","dest_iata":"YYE","passengers":25000,"departures":500,"year_min":null,"year_max":null}},{"type":"Feature","geometry":{"type":"LineString","coordinates":[[-113.580002,53.3097],[-117.16500091552734,58.62139892578125]]},"properties":{"origin_iata":"YEG","dest_iata":"YOJ","passengers":25000,"departures":500,"year_min":null,"year_max":null}},{"type":"Feature","geometry":{"type":"LineString","coordinates":[[-113.580002,53.3097],[-119.407997,58.491402]]},"properties":{"origin_iata":"YEG","dest_iata":"YOP","passengers":25000,"departures":500,"year_min":null,"year_max":null}},{"type":"Feature","geometry":{"type":"LineString","coordinates":[[-113.580002,53.3097],[-120.739998,56.238098]]},"properties":{"origin_iata":"YEG","dest_iata":"YXJ","passengers":25000,"departures":500,"year_min":null,"year_max":null}},{"type":"Feature","geometry":{"type":"LineString","coordinates":[[-120.448641,50.703038],[-122.666554,53.884311]]},"properties":{"origin_iata":"YKA","dest_iata":"YXS","passengers":25000,"departures":500,"year_min":null,"year_max":null}},{"type":"Feature","geometry":{"type":"LineString","coordinates":[[-110.072998,53.3092],[-114.009933,51.118822]]},"properties":{"origin_iata":"YLL","dest_iata":"YYC","passengers":25000,"departures":500,"year_min":null,"year_max":null}},{"type":"Feature","geometry":{"type":"LineString","coordinates":[[-119.377998,49.9561],[-122.666554,53.884311]]},"properties":{"origin_iata":"YLW","dest_iata":"YXS","passengers":25000,"departures":500,"year_min":null,"year_max":null}},{"type":"Feature","geometry":{"type":"LineString","coordinates":[[-117.16500091552734,58.62139892578125],[-113.580002,53.3097]]},"properties":{"origin_iata":"YOJ","dest_iata":"YEG","passengers":25000,"departures":500,"year_min":null,"year_max":null}},{"type":"Feature","geometry":{"type":"LineString","coordinates":[[-117.16500091552734,58.62139892578125],[-119.407997,58.491402]]},"properties":{"origin_iata":"YOJ","dest_iata":"YOP","passengers":25000,"departures":500,"year_min":null,"year_max":null}},{"type":"Feature","geometry":{"type":"LineString","coordinates":[[-119.407997,58.491402],[-113.580002,53.3097]]},"properties":{"origin_iata":"YOP","dest_iata":"YEG","passengers":25000,"departures":500,"year_min":null,"year_max":null}},{"type":"Feature","geometry":{"type":"LineString","coordinates":[[-119.407997,58.491402],[-117.16500091552734,58.62139892578125]]},"properties":{"origin_iata":"YOP","dest_iata":"YOJ","passengers":25000,"departures":500,"year_min":null,"year_max":null}},{"type":"Feature","geometry":{"type":"LineString","coordinates":[[-123.183998,49.193901],[-120.183263,55.741245]]},"properties":{"origin_iata":"YVR","dest_iata":"YDQ","passengers":25000,"departures":500,"year_min":null,"year_max":null}},{"type":"Feature","geometry":{"type":"LineString","coordinates":[[-120.739998,56.238098],[-113.580002,53.3097]]},"properties":{"origin_iata":"YXJ","dest_iata":"YEG","passengers":25000,"departures":500,"year_min":null,"year_max":null}},{"type":"Feature","geometry":{"type":"LineString","coordinates":[[-120.739998,56.238098],[-122.666554,53.884311]]},"properties":{"origin_iata":"YXJ","dest_iata":"YXS","passengers":25000,"departures":500,"year_min":null,"year_max":null}},{"type":"Feature","geometry":{"type":"LineString","coordinates":[[-120.739998,56.238098],[-122.597000122,58.8363990784]]},"properties":{"origin_iata":"YXJ","dest_iata":"YYE","passengers":25000,"departures":500,"year_min":null,"year_max":null}},{"type":"Feature","geometry":{"type":"LineString","coordinates":[[-122.666554,53.884311],[-120.448641,50.703038]]},"properties":{"origin_iata":"YXS","dest_iata":"YKA","passengers":25000,"departures":500,"year_min":null,"year_max":null}},{"type":"Feature","geometry":{"type":"LineString","coordinates":[[-122.666554,53.884311],[-119.377998,49.9561]]},"properties":{"origin_iata":"YXS","dest_iata":"YLW","passengers":25000,"departures":500,"year_min":null,"year_max":null}},{"type":"Feature","geometry":{"type":"LineString","coordinates":[[-122.666554,53.884311],[-120.739998,56.238098]]},"properties":{"origin_iata":"YXS","dest_iata":"YXJ","passengers":25000,"departures":500,"year_min":null,"year_max":null}},{"type":"Feature","geometry":{"type":"LineString","coordinates":[[-122.666554,53.884311],[-128.576009,54.468498]]},"properties":{"origin_iata":"YXS","dest_iata":"YXT","passengers":25000,"departures":500,"year_min":null,"year_max":null}},{"type":"Feature","geometry":{"type":"LineString","coordinates":[[-122.666554,53.884311],[-127.18299865722656,54.82469940185547]]},"properties":{"origin_iata":"YXS","dest_iata":"YYD","passengers":25000,"departures":500,"year_min":null,"year_max":null}},{"type":"Feature","geometry":{"type":"LineString","coordinates":[[-122.666554,53.884311],[-122.597000122,58.8363990784]]},"properties":{"origin_iata":"YXS","dest_iata":"YYE","passengers":25000,"departures":500,"year_min":null,"year_max":null}},{"type":"Feature","geometry":{"type":"LineString","coordinates":[[-128.576009,54.468498],[-122.666554,53.884311]]},"properties":{"origin_iata":"YXT","dest_iata":"YXS","passengers":25000,"departures":500,"year_min":null,"year_max":null}},{"type":"Feature","geometry":{"type":"LineString","coordinates":[[-114.009933,51.118822],[-110.072998,53.3092]]},"properties":{"origin_iata":"YYC","dest_iata":"YLL","passengers":25000,"departures":500,"year_min":null,"year_max":null}},{"type":"Feature","geometry":{"type":"LineString","coordinates":[[-127.18299865722656,54.82469940185547],[-122.666554,53.884311]]},"properties":{"origin_iata":"YYD","dest_iata":"YXS","passengers":25000,"departures":500,"year_min":null,"year_max":null}},{"type":"Feature","geometry":{"type":"LineString","coordinates":[[-122.597000122,58.8363990784],[-120.183263,55.741245]]},"properties":{"origin_iata":"YYE","dest_iata":"YDQ","passengers":25000,"departures":500,"year_min":null,"year_max":null}},{"type":"Feature","geometry":{"type":"LineString","coordinates":[[-122.597000122,58.8363990784],[-120.739998,56.238098]]},"properties":{"origin_iata":"YYE","dest_iata":"YXJ","passengers":25000,"departures":500,"year_min":null,"year_max":null}},{"type":"Feature","geometry":{"type":"LineString","coordinates":[[-122.597000122,58.8363990784],[-122.666554,53.884311]]},"properties":{"origin_iata":"YYE","dest_iata":"YXS","passengers":25000,"departures":500,"year_min":null,"year_max":null}},{"type":"Feature","geometry":{"type":"LineString","coordinates":[[-68.204399,49.1325],[-73.742294,45.467837]]},"properties":{"origin_iata":"YBC","dest_iata":"YUL","passengers":25000,"departures":500,"year_min":null,"year_max":null}},{"type":"Feature","geometry":{"type":"LineString","coordinates":[[-70.992012,48.330123],[-73.742294,45.467837]]},"properties":{"origin_iata":"YBG","dest_iata":"YUL","passengers":25000,"departures":500,"year_min":null,"year_max":null}},{"type":"Feature","geometry":{"type":"LineString","coordinates":[[-123.869863,49.05497],[-123.183998,49.193901]]},"properties":{"origin_iata":"YCD","dest_iata":"YVR","passengers":25000,"departures":500,"year_min":null,"year_max":null}},{"type":"Feature","geometry":{"type":"LineString","coordinates":[[-117.632004,49.296398],[-123.183998,49.193901]]},"properties":{"origin_iata":"YCG","dest_iata":"YVR","passengers":25000,"departures":500,"year_min":null,"year_max":null}},{"type":"Feature","geometry":{"type":"LineString","coordinates":[[-117.632004,49.296398],[-114.009933,51.118822]]},"properties":{"origin_iata":"YCG","dest_iata":"YYC","passengers":25000,"departures":500,"year_min":null,"year_max":null}},{"type":"Feature","geometry":{"type":"LineString","coordinates":[[-57.396147,49.208159],[-63.5085983276,44.8807983398]]},"properties":{"origin_iata":"YDF","dest_iata":"YHZ","passengers":25000,"departures":500,"year_min":null,"year_max":null}},{"type":"Feature","geometry":{"type":"LineString","coordinates":[[-66.529891,45.868697],[-63.5085983276,44.8807983398]]},"properties":{"origin_iata":"YFC","dest_iata":"YHZ","passengers":25000,"departures":500,"year_min":null,"year_max":null}},{"type":"Feature","geometry":{"type":"LineString","coordinates":[[-66.529891,45.868697],[-73.742294,45.467837]]},"properties":{"origin_iata":"YFC","dest_iata":"YUL","passengers":25000,"departures":500,"year_min":null,"year_max":null}},{"type":"Feature","geometry":{"type":"LineString","coordinates":[[-64.481893,48.774915],[-61.778612,47.425242]]},"properties":{"origin_iata":"YGP","dest_iata":"YGR","passengers":25000,"departures":500,"year_min":null,"year_max":null}},{"type":"Feature","geometry":{"type":"LineString","coordinates":[[-64.481893,48.774915],[-71.393303,46.7911]]},"properties":{"origin_iata":"YGP","dest_iata":"YQB","passengers":25000,"departures":500,"year_min":null,"year_max":null}},{"type":"Feature","geometry":{"type":"LineString","coordinates":[[-61.778612,47.425242],[-64.481893,48.774915]]},"properties":{"origin_iata":"YGR","dest_iata":"YGP","passengers":25000,"departures":500,"year_min":null,"year_max":null}},{"type":"Feature","geometry":{"type":"LineString","coordinates":[[-63.5085983276,44.8807983398],[-57.396147,49.208159]]},"properties":{"origin_iata":"YHZ","dest_iata":"YDF","passengers":25000,"departures":500,"year_min":null,"year_max":null}},{"type":"Feature","geometry":{"type":"LineString","coordinates":[[-63.5085983276,44.8807983398],[-66.529891,45.868697]]},"properties":{"origin_iata":"YHZ","dest_iata":"YFC","passengers":25000,"departures":500,"year_min":null,"year_max":null}},{"type":"Feature","geometry":{"type":"LineString","coordinates":[[-63.5085983276,44.8807983398],[-64.67719,46.113189]]},"properties":{"origin_iata":"YHZ","dest_iata":"YQM","passengers":25000,"departures":500,"year_min":null,"year_max":null}},{"type":"Feature","geometry":{"type":"LineString","coordinates":[[-63.5085983276,44.8807983398],[-54.567719,48.936258]]},"properties":{"origin_iata":"YHZ","dest_iata":"YQX","passengers":25000,"departures":500,"year_min":null,"year_max":null}},{"type":"Feature","geometry":{"type":"LineString","coordinates":[[-63.5085983276,44.8807983398],[-60.049759,46.161072]]},"properties":{"origin_iata":"YHZ","dest_iata":"YQY","passengers":25000,"departures":500,"year_min":null,"year_max":null}},{"type":"Feature","geometry":{"type":"LineString","coordinates":[[-63.5085983276,44.8807983398],[-65.89029693603516,45.31610107421875]]},"properties":{"origin_iata":"YHZ","dest_iata":"YSJ","passengers":25000,"departures":500,"year_min":null,"year_max":null}},{"type":"Feature","geometry":{"type":"LineString","coordinates":[[-63.5085983276,44.8807983398],[-63.125174,46.288911]]},"properties":{"origin_iata":"YHZ","dest_iata":"YYG","passengers":25000,"departures":500,"year_min":null,"year_max":null}},{"type":"Feature","geometry":{"type":"LineString","coordinates":[[-63.5085983276,44.8807983398],[-60.4258003235,53.3191986084]]},"properties":{"origin_iata":"YHZ","dest_iata":"YYR","passengers":25000,"departures":500,"year_min":null,"year_max":null}},{"type":"Feature","geometry":{"type":"LineString","coordinates":[[-111.222,56.653301],[-123.183998,49.193901]]},"properties":{"origin_iata":"YMM","dest_iata":"YVR","passengers":25000,"departures":500,"year_min":null,"year_max":null}},{"type":"Feature","geometry":{"type":"LineString","coordinates":[[-71.393303,46.7911],[-64.481893,48.774915]]},"properties":{"origin_iata":"YQB","dest_iata":"YGP","passengers":25000,"departures":500,"year_min":null,"year_max":null}},{"type":"Feature","geometry":{"type":"LineString","coordinates":[[-113.893997,52.182201],[-114.009933,51.118822]]},"properties":{"origin_iata":"YQF","dest_iata":"YYC","passengers":25000,"departures":500,"year_min":null,"year_max":null}},{"type":"Feature","geometry":{"type":"LineString","coordinates":[[-112.800003052,49.6302986145],[-114.009933,51.118822]]},"properties":{"origin_iata":"YQL","dest_iata":"YYC","passengers":25000,"departures":500,"year_min":null,"year_max":null}},{"type":"Feature","geometry":{"type":"LineString","coordinates":[[-64.67719,46.113189],[-63.5085983276,44.8807983398]]},"properties":{"origin_iata":"YQM","dest_iata":"YHZ","passengers":25000,"departures":500,"year_min":null,"year_max":null}},{"type":"Feature","geometry":{"type":"LineString","coordinates":[[-64.67719,46.113189],[-73.742294,45.467837]]},"properties":{"origin_iata":"YQM","dest_iata":"YUL","passengers":25000,"departures":500,"year_min":null,"year_max":null}},{"type":"Feature","geometry":{"type":"LineString","coordinates":[[-54.567719,48.936258],[-63.5085983276,44.8807983398]]},"properties":{"origin_iata":"YQX","dest_iata":"YHZ","passengers":25000,"departures":500,"year_min":null,"year_max":null}},{"type":"Feature","geometry":{"type":"LineString","coordinates":[[-54.567719,48.936258],[-60.4258003235,53.3191986084]]},"properties":{"origin_iata":"YQX","dest_iata":"YYR","passengers":25000,"departures":500,"year_min":null,"year_max":null}},{"type":"Feature","geometry":{"type":"LineString","coordinates":[[-54.567719,48.936258],[-52.7519,47.618599]]},"properties":{"origin_iata":"YQX","dest_iata":"YYT","passengers":25000,"departures":500,"year_min":null,"year_max":null}},{"type":"Feature","geometry":{"type":"LineString","coordinates":[[-60.049759,46.161072],[-63.5085983276,44.8807983398]]},"properties":{"origin_iata":"YQY","dest_iata":"YHZ","passengers":25000,"departures":500,"year_min":null,"year_max":null}},{"type":"Feature","geometry":{"type":"LineString","coordinates":[[-65.89029693603516,45.31610107421875],[-63.5085983276,44.8807983398]]},"properties":{"origin_iata":"YSJ","dest_iata":"YHZ","passengers":25000,"departures":500,"year_min":null,"year_max":null}},{"type":"Feature","geometry":{"type":"LineString","coordinates":[[-65.89029693603516,45.31610107421875],[-73.742294,45.467837]]},"properties":{"origin_iata":"YSJ","dest_iata":"YUL","passengers":25000,"departures":500,"year_min":null,"year_max":null}},{"type":"Feature","geometry":{"type":"LineString","coordinates":[[-73.742294,45.467837],[-68.204399,49.1325]]},"properties":{"origin_iata":"YUL","dest_iata":"YBC","passengers":25000,"departures":500,"year_min":null,"year_max":null}},{"type":"Feature","geometry":{"type":"LineString","coordinates":[[-73.742294,45.467837],[-70.992012,48.330123]]},"properties":{"origin_iata":"YUL","dest_iata":"YBG","passengers":25000,"departures":500,"year_min":null,"year_max":null}},{"type":"Feature","geometry":{"type":"LineString","coordinates":[[-73.742294,45.467837],[-66.529891,45.868697]]},"properties":{"origin_iata":"YUL","dest_iata":"YFC","passengers":25000,"departures":500,"year_min":null,"year_max":null}},{"type":"Feature","geometry":{"type":"LineString","coordinates":[[-73.742294,45.467837],[-64.67719,46.113189]]},"properties":{"origin_iata":"YUL","dest_iata":"YQM","passengers":25000,"departures":500,"year_min":null,"year_max":null}},{"type":"Feature","geometry":{"type":"LineString","coordinates":[[-73.742294,45.467837],[-65.89029693603516,45.31610107421875]]},"properties":{"origin_iata":"YUL","dest_iata":"YSJ","passengers":25000,"departures":500,"year_min":null,"year_max":null}},{"type":"Feature","geometry":{"type":"LineString","coordinates":[[-73.742294,45.467837],[-63.125174,46.288911]]},"properties":{"origin_iata":"YUL","dest_iata":"YYG","passengers":25000,"departures":500,"year_min":null,"year_max":null}},{"type":"Feature","geometry":{"type":"LineString","coordinates":[[-73.742294,45.467837],[-52.7519,47.618599]]},"properties":{"origin_iata":"YUL","dest_iata":"YYT","passengers":25000,"departures":500,"year_min":null,"year_max":null}},{"type":"Feature","geometry":{"type":"LineString","coordinates":[[-73.742294,45.467837],[-68.20809936523438,48.60860061645508]]},"properties":{"origin_iata":"YUL","dest_iata":"YYY","passengers":25000,"departures":500,"year_min":null,"year_max":null}},{"type":"Feature","geometry":{"type":"LineString","coordinates":[[-73.742294,45.467837],[-65.738899,47.6297]]},"properties":{"origin_iata":"YUL","dest_iata":"ZBF","passengers":25000,"departures":500,"year_min":null,"year_max":null}},{"type":"Feature","geometry":{"type":"LineString","coordinates":[[-123.183998,49.193901],[-123.869863,49.05497]]},"properties":{"origin_iata":"YVR","dest_iata":"YCD","passengers":25000,"departures":500,"year_min":null,"year_max":null}},{"type":"Feature","geometry":{"type":"LineString","coordinates":[[-123.183998,49.193901],[-117.632004,49.296398]]},"properties":{"origin_iata":"YVR","dest_iata":"YCG","passengers":25000,"departures":500,"year_min":null,"year_max":null}},{"type":"Feature","geometry":{"type":"LineString","coordinates":[[-123.183998,49.193901],[-111.222,56.653301]]},"properties":{"origin_iata":"YVR","dest_iata":"YMM","passengers":25000,"departures":500,"year_min":null,"year_max":null}},{"type":"Feature","geometry":{"type":"LineString","coordinates":[[-123.183998,49.193901],[-119.60199737548828,49.46310043334961]]},"properties":{"origin_iata":"YVR","dest_iata":"YYF","passengers":25000,"departures":500,"year_min":null,"year_max":null}},{"type":"Feature","geometry":{"type":"LineString","coordinates":[[-123.183998,49.193901],[-131.813995361,53.25429916379999]]},"properties":{"origin_iata":"YVR","dest_iata":"YZP","passengers":25000,"departures":500,"year_min":null,"year_max":null}},{"type":"Feature","geometry":{"type":"LineString","coordinates":[[-115.781998,49.610802],[-114.009933,51.118822]]},"properties":{"origin_iata":"YXC","dest_iata":"YYC","passengers":25000,"departures":500,"year_min":null,"year_max":null}},{"type":"Feature","geometry":{"type":"LineString","coordinates":[[-110.721001,50.018902],[-114.009933,51.118822]]},"properties":{"origin_iata":"YXH","dest_iata":"YYC","passengers":25000,"departures":500,"year_min":null,"year_max":null}},{"type":"Feature","geometry":{"type":"LineString","coordinates":[[-114.009933,51.118822],[-117.632004,49.296398]]},"properties":{"origin_iata":"YYC","dest_iata":"YCG","passengers":25000,"departures":500,"year_min":null,"year_max":null}},{"type":"Feature","geometry":{"type":"LineString","coordinates":[[-114.009933,51.118822],[-113.893997,52.182201]]},"properties":{"origin_iata":"YYC","dest_iata":"YQF","passengers":25000,"departures":500,"year_min":null,"year_max":null}},{"type":"Feature","geometry":{"type":"LineString","coordinates":[[-114.009933,51.118822],[-112.800003052,49.6302986145]]},"properties":{"origin_iata":"YYC","dest_iata":"YQL","passengers":25000,"departures":500,"year_min":null,"year_max":null}},{"type":"Feature","geometry":{"type":"LineString","coordinates":[[-114.009933,51.118822],[-115.781998,49.610802]]},"properties":{"origin_iata":"YYC","dest_iata":"YXC","passengers":25000,"departures":500,"year_min":null,"year_max":null}},{"type":"Feature","geometry":{"type":"LineString","coordinates":[[-114.009933,51.118822],[-110.721001,50.018902]]},"properties":{"origin_iata":"YYC","dest_iata":"YXH","passengers":25000,"departures":500,"year_min":null,"year_max":null}},{"type":"Feature","geometry":{"type":"LineString","coordinates":[[-114.009933,51.118822],[-114.440002,62.462799]]},"properties":{"origin_iata":"YYC","dest_iata":"YZF","passengers":25000,"departures":500,"year_min":null,"year_max":null}},{"type":"Feature","geometry":{"type":"LineString","coordinates":[[-119.60199737548828,49.46310043334961],[-123.183998,49.193901]]},"properties":{"origin_iata":"YYF","dest_iata":"YVR","passengers":25000,"departures":500,"year_min":null,"year_max":null}},{"type":"Feature","geometry":{"type":"LineString","coordinates":[[-63.125174,46.288911],[-63.5085983276,44.8807983398]]},"properties":{"origin_iata":"YYG","dest_iata":"YHZ","passengers":25000,"departures":500,"year_min":null,"year_max":null}},{"type":"Feature","geometry":{"type":"LineString","coordinates":[[-63.125174,46.288911],[-73.742294,45.467837]]},"properties":{"origin_iata":"YYG","dest_iata":"YUL","passengers":25000,"departures":500,"year_min":null,"year_max":null}},{"type":"Feature","geometry":{"type":"LineString","coordinates":[[-60.4258003235,53.3191986084],[-63.5085983276,44.8807983398]]},"properties":{"origin_iata":"YYR","dest_iata":"YHZ","passengers":25000,"departures":500,"year_min":null,"year_max":null}},{"type":"Feature","geometry":{"type":"LineString","coordinates":[[-60.4258003235,53.3191986084],[-54.567719,48.936258]]},"properties":{"origin_iata":"YYR","dest_iata":"YQX","passengers":25000,"departures":500,"year_min":null,"year_max":null}},{"type":"Feature","geometry":{"type":"LineString","coordinates":[[-52.7519,47.618599],[-54.567719,48.936258]]},"properties":{"origin_iata":"YYT","dest_iata":"YQX","passengers":25000,"departures":500,"year_min":null,"year_max":null}},{"type":"Feature","geometry":{"type":"LineString","coordinates":[[-52.7519,47.618599],[-73.742294,45.467837]]},"properties":{"origin_iata":"YYT","dest_iata":"YUL","passengers":25000,"departures":500,"year_min":null,"year_max":null}},{"type":"Feature","geometry":{"type":"LineString","coordinates":[[-68.20809936523438,48.60860061645508],[-73.742294,45.467837]]},"properties":{"origin_iata":"YYY","dest_iata":"YUL","passengers":25000,"departures":500,"year_min":null,"year_max":null}},{"type":"Feature","geometry":{"type":"LineString","coordinates":[[-114.440002,62.462799],[-114.009933,51.118822]]},"properties":{"origin_iata":"YZF","dest_iata":"YYC","passengers":25000,"departures":500,"year_min":null,"year_max":null}},{"type":"Feature","geometry":{"type":"LineString","coordinates":[[-131.813995361,53.25429916379999],[-123.183998,49.193901]]},"properties":{"origin_iata":"YZP","dest_iata":"YVR","passengers":25000,"departures":500,"year_min":null,"year_max":null}},{"type":"Feature","geometry":{"type":"LineString","coordinates":[[-65.738899,47.6297],[-73.742294,45.467837]]},"properties":{"origin_iata":"ZBF","dest_iata":"YUL","passengers":25000,"departures":500,"year_min":null,"year_max":null}},{"type":"Feature","geometry":{"type":"LineString","coordinates":[[-176.642783,51.883564],[-149.992561,61.179004]]},"properties":{"origin_iata":"ADK","dest_iata":"ANC","passengers":25000,"departures":500,"year_min":null,"year_max":null}},{"type":"Feature","geometry":{"type":"LineString","coordinates":[[-149.992561,61.179004],[-176.642783,51.883564]]},"properties":{"origin_iata":"ANC","dest_iata":"ADK","passengers":25000,"departures":500,"year_min":null,"year_max":null}},{"type":"Feature","geometry":{"type":"LineString","coordinates":[[-149.992561,61.179004],[-156.766008,71.285402]]},"properties":{"origin_iata":"ANC","dest_iata":"BRW","passengers":25000,"departures":500,"year_min":null,"year_max":null}},{"type":"Feature","geometry":{"type":"LineString","coordinates":[[-149.992561,61.179004],[-165.44500732421875,64.51219940185547]]},"properties":{"origin_iata":"ANC","dest_iata":"OME","passengers":25000,"departures":500,"year_min":null,"year_max":null}},{"type":"Feature","geometry":{"type":"LineString","coordinates":[[-149.992561,61.179004],[-162.598999,66.88469696]]},"properties":{"origin_iata":"ANC","dest_iata":"OTZ","passengers":25000,"departures":500,"year_min":null,"year_max":null}},{"type":"Feature","geometry":{"type":"LineString","coordinates":[[-149.992561,61.179004],[-148.4649963,70.19470215]]},"properties":{"origin_iata":"ANC","dest_iata":"SCC","passengers":25000,"departures":500,"year_min":null,"year_max":null}},{"type":"Feature","geometry":{"type":"LineString","coordinates":[[-156.766008,71.285402],[-149.992561,61.179004]]},"properties":{"origin_iata":"BRW","dest_iata":"ANC","passengers":25000,"departures":500,"year_min":null,"year_max":null}},{"type":"Feature","geometry":{"type":"LineString","coordinates":[[-156.766008,71.285402],[-147.856003,64.815102]]},"properties":{"origin_iata":"BRW","dest_iata":"FAI","passengers":25000,"departures":500,"year_min":null,"year_max":null}},{"type":"Feature","geometry":{"type":"LineString","coordinates":[[-156.766008,71.285402],[-148.4649963,70.19470215]]},"properties":{"origin_iata":"BRW","dest_iata":"SCC","passengers":25000,"departures":500,"year_min":null,"year_max":null}},{"type":"Feature","geometry":{"type":"LineString","coordinates":[[-145.477997,60.491798],[-139.660435,59.508717]]},"properties":{"origin_iata":"CDV","dest_iata":"YAK","passengers":25000,"departures":500,"year_min":null,"year_max":null}},{"type":"Feature","geometry":{"type":"LineString","coordinates":[[-165.44500732421875,64.51219940185547],[-149.992561,61.179004]]},"properties":{"origin_iata":"OME","dest_iata":"ANC","passengers":25000,"departures":500,"year_min":null,"year_max":null}},{"type":"Feature","geometry":{"type":"LineString","coordinates":[[-162.598999,66.88469696],[-149.992561,61.179004]]},"properties":{"origin_iata":"OTZ","dest_iata":"ANC","passengers":25000,"departures":500,"year_min":null,"year_max":null}},{"type":"Feature","geometry":{"type":"LineString","coordinates":[[-132.9450073,56.80170059],[-132.3699951,56.48429871]]},"properties":{"origin_iata":"PSG","dest_iata":"WRG","passengers":25000,"departures":500,"year_min":null,"year_max":null}},{"type":"Feature","geometry":{"type":"LineString","coordinates":[[-148.4649963,70.19470215],[-149.992561,61.179004]]},"properties":{"origin_iata":"SCC","dest_iata":"ANC","passengers":25000,"departures":500,"year_min":null,"year_max":null}},{"type":"Feature","geometry":{"type":"LineString","coordinates":[[-148.4649963,70.19470215],[-156.766008,71.285402]]},"properties":{"origin_iata":"SCC","dest_iata":"BRW","passengers":25000,"departures":500,"year_min":null,"year_max":null}},{"type":"Feature","geometry":{"type":"LineString","coordinates":[[-132.3699951,56.48429871],[-132.9450073,56.80170059]]},"properties":{"origin_iata":"WRG","dest_iata":"PSG","passengers":25000,"departures":500,"year_min":null,"year_max":null}},{"type":"Feature","geometry":{"type":"LineString","coordinates":[[-139.660435,59.508717],[-145.477997,60.491798]]},"properties":{"origin_iata":"YAK","dest_iata":"CDV","passengers":25000,"departures":500,"year_min":null,"year_max":null}},{"type":"Feature","geometry":{"type":"LineString","coordinates":[[-128.576009,54.468498],[-127.18299865722656,54.82469940185547]]},"properties":{"origin_iata":"YXT","dest_iata":"YYD","passengers":25000,"departures":500,"year_min":null,"year_max":null}},{"type":"Feature","geometry":{"type":"LineString","coordinates":[[-127.18299865722656,54.82469940185547],[-128.576009,54.468498]]},"properties":{"origin_iata":"YYD","dest_iata":"YXT","passengers":25000,"departures":500,"year_min":null,"year_max":null}},{"type":"Feature","geometry":{"type":"LineString","coordinates":[[-22.6056,63.985001],[-113.580002,53.3097]]},"properties":{"origin_iata":"KEF","dest_iata":"YEG","passengers":25000,"departures":500,"year_min":null,"year_max":null}},{"type":"Feature","geometry":{"type":"LineString","coordinates":[[-113.580002,53.3097],[-22.6056,63.985001]]},"properties":{"origin_iata":"YEG","dest_iata":"KEF","passengers":25000,"departures":500,"year_min":null,"year_max":null}},{"type":"Feature","geometry":{"type":"LineString","coordinates":[[-51.67914,64.191066],[-22.6056,63.985001]]},"properties":{"origin_iata":"GOH","dest_iata":"KEF","passengers":25000,"departures":500,"year_min":null,"year_max":null}},{"type":"Feature","geometry":{"type":"LineString","coordinates":[[-51.67914,64.191066],[-45.42469,61.15958]]},"properties":{"origin_iata":"GOH","dest_iata":"UAK","passengers":25000,"departures":500,"year_min":null,"year_max":null}},{"type":"Feature","geometry":{"type":"LineString","coordinates":[[-46.065001,60.76383],[-45.42469,61.15958]]},"properties":{"origin_iata":"JJU","dest_iata":"UAK","passengers":25000,"departures":500,"year_min":null,"year_max":null}},{"type":"Feature","geometry":{"type":"LineString","coordinates":[[-22.6056,63.985001],[-51.67914,64.191066]]},"properties":{"origin_iata":"KEF","dest_iata":"GOH","passengers":25000,"departures":500,"year_min":null,"year_max":null}},{"type":"Feature","geometry":{"type":"LineString","coordinates":[[-45.42469,61.15958],[-51.67914,64.191066]]},"properties":{"origin_iata":"UAK","dest_iata":"GOH","passengers":25000,"departures":500,"year_min":null,"year_max":null}},{"type":"Feature","geometry":{"type":"LineString","coordinates":[[-45.42469,61.15958],[-46.065001,60.76383]]},"properties":{"origin_iata":"UAK","dest_iata":"JJU","passengers":25000,"departures":500,"year_min":null,"year_max":null}},{"type":"Feature","geometry":{"type":"LineString","coordinates":[[-156.651965,58.677845],[-158.5050049,59.04470062]]},"properties":{"origin_iata":"AKN","dest_iata":"DLG","passengers":25000,"departures":500,"year_min":null,"year_max":null}},{"type":"Feature","geometry":{"type":"LineString","coordinates":[[-158.5050049,59.04470062],[-156.651965,58.677845]]},"properties":{"origin_iata":"DLG","dest_iata":"AKN","passengers":25000,"departures":500,"year_min":null,"year_max":null}},{"type":"Feature","geometry":{"type":"LineString","coordinates":[[-113.580002,53.3097],[-115.782997131,60.8396987915]]},"properties":{"origin_iata":"YEG","dest_iata":"YHY","passengers":25000,"departures":500,"year_min":null,"year_max":null}},{"type":"Feature","geometry":{"type":"LineString","coordinates":[[-113.580002,53.3097],[-111.961998,60.020302]]},"properties":{"origin_iata":"YEG","dest_iata":"YSM","passengers":25000,"departures":500,"year_min":null,"year_max":null}},{"type":"Feature","geometry":{"type":"LineString","coordinates":[[-115.782997131,60.8396987915],[-113.580002,53.3097]]},"properties":{"origin_iata":"YHY","dest_iata":"YEG","passengers":25000,"departures":500,"year_min":null,"year_max":null}},{"type":"Feature","geometry":{"type":"LineString","coordinates":[[-115.782997131,60.8396987915],[-111.961998,60.020302]]},"properties":{"origin_iata":"YHY","dest_iata":"YSM","passengers":25000,"departures":500,"year_min":null,"year_max":null}},{"type":"Feature","geometry":{"type":"LineString","coordinates":[[-119.377998,49.9561],[-113.893997,52.182201]]},"properties":{"origin_iata":"YLW","dest_iata":"YQF","passengers":25000,"departures":500,"year_min":null,"year_max":null}},{"type":"Feature","geometry":{"type":"LineString","coordinates":[[-111.222,56.653301],[-111.11699676513672,58.7672004699707]]},"properties":{"origin_iata":"YMM","dest_iata":"YPY","passengers":25000,"departures":500,"year_min":null,"year_max":null}},{"type":"Feature","geometry":{"type":"LineString","coordinates":[[-111.222,56.653301],[-113.893997,52.182201]]},"properties":{"origin_iata":"YMM","dest_iata":"YQF","passengers":25000,"departures":500,"year_min":null,"year_max":null}},{"type":"Feature","geometry":{"type":"LineString","coordinates":[[-111.11699676513672,58.7672004699707],[-111.222,56.653301]]},"properties":{"origin_iata":"YPY","dest_iata":"YMM","passengers":25000,"departures":500,"year_min":null,"year_max":null}},{"type":"Feature","geometry":{"type":"LineString","coordinates":[[-111.11699676513672,58.7672004699707],[-111.961998,60.020302]]},"properties":{"origin_iata":"YPY","dest_iata":"YSM","passengers":25000,"departures":500,"year_min":null,"year_max":null}},{"type":"Feature","geometry":{"type":"LineString","coordinates":[[-113.893997,52.182201],[-119.377998,49.9561]]},"properties":{"origin_iata":"YQF","dest_iata":"YLW","passengers":25000,"departures":500,"year_min":null,"year_max":null}},{"type":"Feature","geometry":{"type":"LineString","coordinates":[[-113.893997,52.182201],[-111.222,56.653301]]},"properties":{"origin_iata":"YQF","dest_iata":"YMM","passengers":25000,"departures":500,"year_min":null,"year_max":null}},{"type":"Feature","geometry":{"type":"LineString","coordinates":[[-111.961998,60.020302],[-113.580002,53.3097]]},"properties":{"origin_iata":"YSM","dest_iata":"YEG","passengers":25000,"departures":500,"year_min":null,"year_max":null}},{"type":"Feature","geometry":{"type":"LineString","coordinates":[[-111.961998,60.020302],[-115.782997131,60.8396987915]]},"properties":{"origin_iata":"YSM","dest_iata":"YHY","passengers":25000,"departures":500,"year_min":null,"year_max":null}},{"type":"Feature","geometry":{"type":"LineString","coordinates":[[-111.961998,60.020302],[-111.11699676513672,58.7672004699707]]},"properties":{"origin_iata":"YSM","dest_iata":"YPY","passengers":25000,"departures":500,"year_min":null,"year_max":null}},{"type":"Feature","geometry":{"type":"LineString","coordinates":[[-111.961998,60.020302],[-114.440002,62.462799]]},"properties":{"origin_iata":"YSM","dest_iata":"YZF","passengers":25000,"departures":500,"year_min":null,"year_max":null}},{"type":"Feature","geometry":{"type":"LineString","coordinates":[[-114.440002,62.462799],[-111.961998,60.020302]]},"properties":{"origin_iata":"YZF","dest_iata":"YSM","passengers":25000,"departures":500,"year_min":null,"year_max":null}},{"type":"Feature","geometry":{"type":"LineString","coordinates":[[-93.44349,48.655749],[-94.36309814453125,49.788299560546875]]},"properties":{"origin_iata":"YAG","dest_iata":"YQK","passengers":25000,"departures":500,"year_min":null,"year_max":null}},{"type":"Feature","geometry":{"type":"LineString","coordinates":[[-93.44349,48.655749],[-89.323898,48.371899]]},"properties":{"origin_iata":"YAG","dest_iata":"YQT","passengers":25000,"departures":500,"year_min":null,"year_max":null}},{"type":"Feature","geometry":{"type":"LineString","coordinates":[[-92.744202,49.831699],[-94.36309814453125,49.788299560546875]]},"properties":{"origin_iata":"YHD","dest_iata":"YQK","passengers":25000,"departures":500,"year_min":null,"year_max":null}},{"type":"Feature","geometry":{"type":"LineString","coordinates":[[-92.744202,49.831699],[-89.323898,48.371899]]},"properties":{"origin_iata":"YHD","dest_iata":"YQT","passengers":25000,"departures":500,"year_min":null,"year_max":null}},{"type":"Feature","geometry":{"type":"LineString","coordinates":[[-92.744202,49.831699],[-93.79309844970703,51.066898345947266]]},"properties":{"origin_iata":"YHD","dest_iata":"YRL","passengers":25000,"departures":500,"year_min":null,"year_max":null}},{"type":"Feature","geometry":{"type":"LineString","coordinates":[[-92.744202,49.831699],[-91.9052963256836,50.11389923095703]]},"properties":{"origin_iata":"YHD","dest_iata":"YXL","passengers":25000,"departures":500,"year_min":null,"year_max":null}},{"type":"Feature","geometry":{"type":"LineString","coordinates":[[-94.36309814453125,49.788299560546875],[-93.44349,48.655749]]},"properties":{"origin_iata":"YQK","dest_iata":"YAG","passengers":25000,"departures":500,"year_min":null,"year_max":null}},{"type":"Feature","geometry":{"type":"LineString","coordinates":[[-94.36309814453125,49.788299560546875],[-92.744202,49.831699]]},"properties":{"origin_iata":"YQK","dest_iata":"YHD","passengers":25000,"departures":500,"year_min":null,"year_max":null}},{"type":"Feature","geometry":{"type":"LineString","coordinates":[[-94.36309814453125,49.788299560546875],[-97.2398986816,49.909999847399995]]},"properties":{"origin_iata":"YQK","dest_iata":"YWG","passengers":25000,"departures":500,"year_min":null,"year_max":null}},{"type":"Feature","geometry":{"type":"LineString","coordinates":[[-89.323898,48.371899],[-93.44349,48.655749]]},"properties":{"origin_iata":"YQT","dest_iata":"YAG","passengers":25000,"departures":500,"year_min":null,"year_max":null}},{"type":"Feature","geometry":{"type":"LineString","coordinates":[[-89.323898,48.371899],[-81.376701355,48.569698333699996]]},"properties":{"origin_iata":"YQT","dest_iata":"YTS","passengers":25000,"departures":500,"year_min":null,"year_max":null}},{"type":"Feature","geometry":{"type":"LineString","coordinates":[[-93.79309844970703,51.066898345947266],[-92.744202,49.831699]]},"properties":{"origin_iata":"YRL","dest_iata":"YHD","passengers":25000,"departures":500,"year_min":null,"year_max":null}},{"type":"Feature","geometry":{"type":"LineString","coordinates":[[-93.79309844970703,51.066898345947266],[-97.2398986816,49.909999847399995]]},"properties":{"origin_iata":"YRL","dest_iata":"YWG","passengers":25000,"departures":500,"year_min":null,"year_max":null}},{"type":"Feature","geometry":{"type":"LineString","coordinates":[[-80.79889678955078,46.625],[-89.323898,48.371899]]},"properties":{"origin_iata":"YSB","dest_iata":"YQT","passengers":25000,"departures":500,"year_min":null,"year_max":null}},{"type":"Feature","geometry":{"type":"LineString","coordinates":[[-80.79889678955078,46.625],[-81.376701355,48.569698333699996]]},"properties":{"origin_iata":"YSB","dest_iata":"YTS","passengers":25000,"departures":500,"year_min":null,"year_max":null}},{"type":"Feature","geometry":{"type":"LineString","coordinates":[[-80.79889678955078,46.625],[-79.422798,46.363602]]},"properties":{"origin_iata":"YSB","dest_iata":"YYB","passengers":25000,"departures":500,"year_min":null,"year_max":null}},{"type":"Feature","geometry":{"type":"LineString","coordinates":[[-81.376701355,48.569698333699996],[-80.79889678955078,46.625]]},"properties":{"origin_iata":"YTS","dest_iata":"YSB","passengers":25000,"departures":500,"year_min":null,"year_max":null}},{"type":"Feature","geometry":{"type":"LineString","coordinates":[[-81.376701355,48.569698333699996],[-82.469645,49.411587]]},"properties":{"origin_iata":"YTS","dest_iata":"YYU","passengers":25000,"departures":500,"year_min":null,"year_max":null}},{"type":"Feature","geometry":{"type":"LineString","coordinates":[[-97.2398986816,49.909999847399995],[-94.36309814453125,49.788299560546875]]},"properties":{"origin_iata":"YWG","dest_iata":"YQK","passengers":25000,"departures":500,"year_min":null,"year_max":null}},{"type":"Feature","geometry":{"type":"LineString","coordinates":[[-97.2398986816,49.909999847399995],[-93.79309844970703,51.066898345947266]]},"properties":{"origin_iata":"YWG","dest_iata":"YRL","passengers":25000,"departures":500,"year_min":null,"year_max":null}},{"type":"Feature","geometry":{"type":"LineString","coordinates":[[-91.9052963256836,50.11389923095703],[-93.44349,48.655749]]},"properties":{"origin_iata":"YXL","dest_iata":"YAG","passengers":25000,"departures":500,"year_min":null,"year_max":null}},{"type":"Feature","geometry":{"type":"LineString","coordinates":[[-91.9052963256836,50.11389923095703],[-92.744202,49.831699]]},"properties":{"origin_iata":"YXL","dest_iata":"YHD","passengers":25000,"departures":500,"year_min":null,"year_max":null}},{"type":"Feature","geometry":{"type":"LineString","coordinates":[[-79.422798,46.363602],[-80.79889678955078,46.625]]},"properties":{"origin_iata":"YYB","dest_iata":"YSB","passengers":25000,"departures":500,"year_min":null,"year_max":null}},{"type":"Feature","geometry":{"type":"LineString","coordinates":[[-82.469645,49.411587],[-89.323898,48.371899]]},"properties":{"origin_iata":"YYU","dest_iata":"YQT","passengers":25000,"departures":500,"year_min":null,"year_max":null}},{"type":"Feature","geometry":{"type":"LineString","coordinates":[[-82.469645,49.411587],[-81.376701355,48.569698333699996]]},"properties":{"origin_iata":"YYU","dest_iata":"YTS","passengers":25000,"departures":500,"year_min":null,"year_max":null}},{"type":"Feature","geometry":{"type":"LineString","coordinates":[[-149.992561,61.179004],[-154.910996,59.754398]]},"properties":{"origin_iata":"ANC","dest_iata":"ILI","passengers":25000,"departures":500,"year_min":null,"year_max":null}},{"type":"Feature","geometry":{"type":"LineString","coordinates":[[-154.910996,59.754398],[-149.992561,61.179004]]},"properties":{"origin_iata":"ILI","dest_iata":"ANC","passengers":25000,"departures":500,"year_min":null,"year_max":null}},{"type":"Feature","geometry":{"type":"LineString","coordinates":[[-101.681999,54.678101],[-97.86419677734375,55.80110168457031]]},"properties":{"origin_iata":"YFO","dest_iata":"YTH","passengers":25000,"departures":500,"year_min":null,"year_max":null}},{"type":"Feature","geometry":{"type":"LineString","coordinates":[[-101.681999,54.678101],[-97.2398986816,49.909999847399995]]},"properties":{"origin_iata":"YFO","dest_iata":"YWG","passengers":25000,"departures":500,"year_min":null,"year_max":null}},{"type":"Feature","geometry":{"type":"LineString","coordinates":[[-94.711504,56.35712],[-97.86419677734375,55.80110168457031]]},"properties":{"origin_iata":"YGX","dest_iata":"YTH","passengers":25000,"departures":500,"year_min":null,"year_max":null}},{"type":"Feature","geometry":{"type":"LineString","coordinates":[[-94.711504,56.35712],[-97.2398986816,49.909999847399995]]},"properties":{"origin_iata":"YGX","dest_iata":"YWG","passengers":25000,"departures":500,"year_min":null,"year_max":null}},{"type":"Feature","geometry":{"type":"LineString","coordinates":[[-101.09100341796875,53.97140121459961],[-97.86419677734375,55.80110168457031]]},"properties":{"origin_iata":"YQD","dest_iata":"YTH","passengers":25000,"departures":500,"year_min":null,"year_max":null}},{"type":"Feature","geometry":{"type":"LineString","coordinates":[[-92.1157989502,62.8114013672],[-97.86419677734375,55.80110168457031]]},"properties":{"origin_iata":"YRT","dest_iata":"YTH","passengers":25000,"departures":500,"year_min":null,"year_max":null}},{"type":"Feature","geometry":{"type":"LineString","coordinates":[[-97.86419677734375,55.80110168457031],[-101.681999,54.678101]]},"properties":{"origin_iata":"YTH","dest_iata":"YFO","passengers":25000,"departures":500,"year_min":null,"year_max":null}},{"type":"Feature","geometry":{"type":"LineString","coordinates":[[-97.86419677734375,55.80110168457031],[-94.711504,56.35712]]},"properties":{"origin_iata":"YTH","dest_iata":"YGX","passengers":25000,"departures":500,"year_min":null,"year_max":null}},{"type":"Feature","geometry":{"type":"LineString","coordinates":[[-97.86419677734375,55.80110168457031],[-101.09100341796875,53.97140121459961]]},"properties":{"origin_iata":"YTH","dest_iata":"YQD","passengers":25000,"departures":500,"year_min":null,"year_max":null}},{"type":"Feature","geometry":{"type":"LineString","coordinates":[[-97.86419677734375,55.80110168457031],[-97.2398986816,49.909999847399995]]},"properties":{"origin_iata":"YTH","dest_iata":"YWG","passengers":25000,"departures":500,"year_min":null,"year_max":null}},{"type":"Feature","geometry":{"type":"LineString","coordinates":[[-97.2398986816,49.909999847399995],[-94.711504,56.35712]]},"properties":{"origin_iata":"YWG","dest_iata":"YGX","passengers":25000,"departures":500,"year_min":null,"year_max":null}},{"type":"Feature","geometry":{"type":"LineString","coordinates":[[-97.2398986816,49.909999847399995],[-97.86419677734375,55.80110168457031]]},"properties":{"origin_iata":"YWG","dest_iata":"YTH","passengers":25000,"departures":500,"year_min":null,"year_max":null}},{"type":"Feature","geometry":{"type":"LineString","coordinates":[[-68.204399,49.1325],[-66.8644027709961,52.92190170288086]]},"properties":{"origin_iata":"YBC","dest_iata":"YWK","passengers":25000,"departures":500,"year_min":null,"year_max":null}},{"type":"Feature","geometry":{"type":"LineString","coordinates":[[-70.992012,48.330123],[-73.416901,45.517502]]},"properties":{"origin_iata":"YBG","dest_iata":"YHU","passengers":25000,"departures":500,"year_min":null,"year_max":null}},{"type":"Feature","geometry":{"type":"LineString","coordinates":[[-70.992012,48.330123],[-71.393303,46.7911]]},"properties":{"origin_iata":"YBG","dest_iata":"YQB","passengers":25000,"departures":500,"year_min":null,"year_max":null}},{"type":"Feature","geometry":{"type":"LineString","coordinates":[[-70.992012,48.330123],[-66.2656021118164,50.22330093383789]]},"properties":{"origin_iata":"YBG","dest_iata":"YZV","passengers":25000,"departures":500,"year_min":null,"year_max":null}},{"type":"Feature","geometry":{"type":"LineString","coordinates":[[-61.778612,47.425242],[-71.393303,46.7911]]},"properties":{"origin_iata":"YGR","dest_iata":"YQB","passengers":25000,"departures":500,"year_min":null,"year_max":null}},{"type":"Feature","geometry":{"type":"LineString","coordinates":[[-61.778612,47.425242],[-65.460297,48.071098]]},"properties":{"origin_iata":"YGR","dest_iata":"YVB","passengers":25000,"departures":500,"year_min":null,"year_max":null}},{"type":"Feature","geometry":{"type":"LineString","coordinates":[[-73.416901,45.517502],[-70.992012,48.330123]]},"properties":{"origin_iata":"YHU","dest_iata":"YBG","passengers":25000,"departures":500,"year_min":null,"year_max":null}},{"type":"Feature","geometry":{"type":"LineString","coordinates":[[-73.416901,45.517502],[-71.393303,46.7911]]},"properties":{"origin_iata":"YHU","dest_iata":"YQB","passengers":25000,"departures":500,"year_min":null,"year_max":null}},{"type":"Feature","geometry":{"type":"LineString","coordinates":[[-73.416901,45.517502],[-77.7827987671,48.0532989502]]},"properties":{"origin_iata":"YHU","dest_iata":"YVO","passengers":25000,"departures":500,"year_min":null,"year_max":null}},{"type":"Feature","geometry":{"type":"LineString","coordinates":[[-73.416901,45.517502],[-66.2656021118164,50.22330093383789]]},"properties":{"origin_iata":"YHU","dest_iata":"YZV","passengers":25000,"departures":500,"year_min":null,"year_max":null}},{"type":"Feature","geometry":{"type":"LineString","coordinates":[[-71.393303,46.7911],[-61.778612,47.425242]]},"properties":{"origin_iata":"YQB","dest_iata":"YGR","passengers":25000,"departures":500,"year_min":null,"year_max":null}},{"type":"Feature","geometry":{"type":"LineString","coordinates":[[-71.393303,46.7911],[-73.416901,45.517502]]},"properties":{"origin_iata":"YQB","dest_iata":"YHU","passengers":25000,"departures":500,"year_min":null,"year_max":null}},{"type":"Feature","geometry":{"type":"LineString","coordinates":[[-71.393303,46.7911],[-65.460297,48.071098]]},"properties":{"origin_iata":"YQB","dest_iata":"YVB","passengers":25000,"departures":500,"year_min":null,"year_max":null}},{"type":"Feature","geometry":{"type":"LineString","coordinates":[[-71.393303,46.7911],[-66.8644027709961,52.92190170288086]]},"properties":{"origin_iata":"YQB","dest_iata":"YWK","passengers":25000,"departures":500,"year_min":null,"year_max":null}},{"type":"Feature","geometry":{"type":"LineString","coordinates":[[-71.393303,46.7911],[-68.20809936523438,48.60860061645508]]},"properties":{"origin_iata":"YQB","dest_iata":"YYY","passengers":25000,"departures":500,"year_min":null,"year_max":null}},{"type":"Feature","geometry":{"type":"LineString","coordinates":[[-65.460297,48.071098],[-61.778612,47.425242]]},"properties":{"origin_iata":"YVB","dest_iata":"YGR","passengers":25000,"departures":500,"year_min":null,"year_max":null}},{"type":"Feature","geometry":{"type":"LineString","coordinates":[[-65.460297,48.071098],[-68.20809936523438,48.60860061645508]]},"properties":{"origin_iata":"YVB","dest_iata":"YYY","passengers":25000,"departures":500,"year_min":null,"year_max":null}},{"type":"Feature","geometry":{"type":"LineString","coordinates":[[-65.460297,48.071098],[-65.738899,47.6297]]},"properties":{"origin_iata":"YVB","dest_iata":"ZBF","passengers":25000,"departures":500,"year_min":null,"year_max":null}},{"type":"Feature","geometry":{"type":"LineString","coordinates":[[-77.7827987671,48.0532989502],[-73.416901,45.517502]]},"properties":{"origin_iata":"YVO","dest_iata":"YHU","passengers":25000,"departures":500,"year_min":null,"year_max":null}},{"type":"Feature","geometry":{"type":"LineString","coordinates":[[-66.8644027709961,52.92190170288086],[-68.204399,49.1325]]},"properties":{"origin_iata":"YWK","dest_iata":"YBC","passengers":25000,"departures":500,"year_min":null,"year_max":null}},{"type":"Feature","geometry":{"type":"LineString","coordinates":[[-66.8644027709961,52.92190170288086],[-70.992012,48.330123]]},"properties":{"origin_iata":"YWK","dest_iata":"YBG","passengers":25000,"departures":500,"year_min":null,"year_max":null}},{"type":"Feature","geometry":{"type":"LineString","coordinates":[[-66.8644027709961,52.92190170288086],[-65.460297,48.071098]]},"properties":{"origin_iata":"YWK","dest_iata":"YVB","passengers":25000,"departures":500,"year_min":null,"year_max":null}},{"type":"Feature","geometry":{"type":"LineString","coordinates":[[-68.20809936523438,48.60860061645508],[-71.393303,46.7911]]},"properties":{"origin_iata":"YYY","dest_iata":"YQB","passengers":25000,"departures":500,"year_min":null,"year_max":null}},{"type":"Feature","geometry":{"type":"LineString","coordinates":[[-68.20809936523438,48.60860061645508],[-65.460297,48.071098]]},"properties":{"origin_iata":"YYY","dest_iata":"YVB","passengers":25000,"departures":500,"year_min":null,"year_max":null}},{"type":"Feature","geometry":{"type":"LineString","coordinates":[[-66.2656021118164,50.22330093383789],[-70.992012,48.330123]]},"properties":{"origin_iata":"YZV","dest_iata":"YBG","passengers":25000,"departures":500,"year_min":null,"year_max":null}},{"type":"Feature","geometry":{"type":"LineString","coordinates":[[-66.2656021118164,50.22330093383789],[-73.416901,45.517502]]},"properties":{"origin_iata":"YZV","dest_iata":"YHU","passengers":25000,"departures":500,"year_min":null,"year_max":null}},{"type":"Feature","geometry":{"type":"LineString","coordinates":[[-56.08321,51.391909],[-57.185299,51.4436]]},"properties":{"origin_iata":"YAY","dest_iata":"YBX","passengers":25000,"departures":500,"year_min":null,"year_max":null}},{"type":"Feature","geometry":{"type":"LineString","coordinates":[[-56.08321,51.391909],[-60.4258003235,53.3191986084]]},"properties":{"origin_iata":"YAY","dest_iata":"YYR","passengers":25000,"departures":500,"year_min":null,"year_max":null}},{"type":"Feature","geometry":{"type":"LineString","coordinates":[[-56.08321,51.391909],[-52.7519,47.618599]]},"properties":{"origin_iata":"YAY","dest_iata":"YYT","passengers":25000,"departures":500,"year_min":null,"year_max":null}},{"type":"Feature","geometry":{"type":"LineString","coordinates":[[-57.185299,51.4436],[-56.08321,51.391909]]},"properties":{"origin_iata":"YBX","dest_iata":"YAY","passengers":25000,"departures":500,"year_min":null,"year_max":null}},{"type":"Feature","geometry":{"type":"LineString","coordinates":[[-57.185299,51.4436],[-60.4258003235,53.3191986084]]},"properties":{"origin_iata":"YBX","dest_iata":"YYR","passengers":25000,"departures":500,"year_min":null,"year_max":null}},{"type":"Feature","geometry":{"type":"LineString","coordinates":[[-66.330299,47.990799],[-63.5085983276,44.8807983398]]},"properties":{"origin_iata":"YCL","dest_iata":"YHZ","passengers":25000,"departures":500,"year_min":null,"year_max":null}},{"type":"Feature","geometry":{"type":"LineString","coordinates":[[-66.330299,47.990799],[-66.8644027709961,52.92190170288086]]},"properties":{"origin_iata":"YCL","dest_iata":"YWK","passengers":25000,"departures":500,"year_min":null,"year_max":null}},{"type":"Feature","geometry":{"type":"LineString","coordinates":[[-63.5085983276,44.8807983398],[-66.330299,47.990799]]},"properties":{"origin_iata":"YHZ","dest_iata":"YCL","passengers":25000,"departures":500,"year_min":null,"year_max":null}},{"type":"Feature","geometry":{"type":"LineString","coordinates":[[-58.552892,48.54339],[-57.396147,49.208159]]},"properties":{"origin_iata":"YJT","dest_iata":"YDF","passengers":25000,"departures":500,"year_min":null,"year_max":null}},{"type":"Feature","geometry":{"type":"LineString","coordinates":[[-73.742294,45.467837],[-66.8644027709961,52.92190170288086]]},"properties":{"origin_iata":"YUL","dest_iata":"YWK","passengers":25000,"departures":500,"year_min":null,"year_max":null}},{"type":"Feature","geometry":{"type":"LineString","coordinates":[[-66.8644027709961,52.92190170288086],[-66.330299,47.990799]]},"properties":{"origin_iata":"YWK","dest_iata":"YCL","passengers":25000,"departures":500,"year_min":null,"year_max":null}},{"type":"Feature","geometry":{"type":"LineString","coordinates":[[-66.8644027709961,52.92190170288086],[-73.742294,45.467837]]},"properties":{"origin_iata":"YWK","dest_iata":"YUL","passengers":25000,"departures":500,"year_min":null,"year_max":null}},{"type":"Feature","geometry":{"type":"LineString","coordinates":[[-66.8644027709961,52.92190170288086],[-64.10639953613281,53.5619010925293]]},"properties":{"origin_iata":"YWK","dest_iata":"ZUM","passengers":25000,"departures":500,"year_min":null,"year_max":null}},{"type":"Feature","geometry":{"type":"LineString","coordinates":[[-60.4258003235,53.3191986084],[-56.08321,51.391909]]},"properties":{"origin_iata":"YYR","dest_iata":"YAY","passengers":25000,"departures":500,"year_min":null,"year_max":null}},{"type":"Feature","geometry":{"type":"LineString","coordinates":[[-60.4258003235,53.3191986084],[-57.185299,51.4436]]},"properties":{"origin_iata":"YYR","dest_iata":"YBX","passengers":25000,"departures":500,"year_min":null,"year_max":null}},{"type":"Feature","geometry":{"type":"LineString","coordinates":[[-60.4258003235,53.3191986084],[-64.10639953613281,53.5619010925293]]},"properties":{"origin_iata":"YYR","dest_iata":"ZUM","passengers":25000,"departures":500,"year_min":null,"year_max":null}},{"type":"Feature","geometry":{"type":"LineString","coordinates":[[-52.7519,47.618599],[-56.08321,51.391909]]},"properties":{"origin_iata":"YYT","dest_iata":"YAY","passengers":25000,"departures":500,"year_min":null,"year_max":null}},{"type":"Feature","geometry":{"type":"LineString","coordinates":[[-52.7519,47.618599],[-58.552892,48.54339]]},"properties":{"origin_iata":"YYT","dest_iata":"YJT","passengers":25000,"departures":500,"year_min":null,"year_max":null}},{"type":"Feature","geometry":{"type":"LineString","coordinates":[[-64.10639953613281,53.5619010925293],[-66.8644027709961,52.92190170288086]]},"properties":{"origin_iata":"ZUM","dest_iata":"YWK","passengers":25000,"departures":500,"year_min":null,"year_max":null}},{"type":"Feature","geometry":{"type":"LineString","coordinates":[[-64.10639953613281,53.5619010925293],[-60.4258003235,53.3191986084]]},"properties":{"origin_iata":"ZUM","dest_iata":"YYR","passengers":25000,"departures":500,"year_min":null,"year_max":null}},{"type":"Feature","geometry":{"type":"LineString","coordinates":[[-63.611401,50.281898],[-64.288597,49.836399]]},"properties":{"origin_iata":"YGV","dest_iata":"YPN","passengers":25000,"departures":500,"year_min":null,"year_max":null}},{"type":"Feature","geometry":{"type":"LineString","coordinates":[[-64.288597,49.836399],[-63.611401,50.281898]]},"properties":{"origin_iata":"YPN","dest_iata":"YGV","passengers":25000,"departures":500,"year_min":null,"year_max":null}},{"type":"Feature","geometry":{"type":"LineString","coordinates":[[-64.288597,49.836399],[-66.2656021118164,50.22330093383789]]},"properties":{"origin_iata":"YPN","dest_iata":"YZV","passengers":25000,"departures":500,"year_min":null,"year_max":null}},{"type":"Feature","geometry":{"type":"LineString","coordinates":[[-66.8644027709961,52.92190170288086],[-68.20809936523438,48.60860061645508]]},"properties":{"origin_iata":"YWK","dest_iata":"YYY","passengers":25000,"departures":500,"year_min":null,"year_max":null}},{"type":"Feature","geometry":{"type":"LineString","coordinates":[[-68.20809936523438,48.60860061645508],[-66.8644027709961,52.92190170288086]]},"properties":{"origin_iata":"YYY","dest_iata":"YWK","passengers":25000,"departures":500,"year_min":null,"year_max":null}},{"type":"Feature","geometry":{"type":"LineString","coordinates":[[-66.2656021118164,50.22330093383789],[-64.288597,49.836399]]},"properties":{"origin_iata":"YZV","dest_iata":"YPN","passengers":25000,"departures":500,"year_min":null,"year_max":null}},{"type":"Feature","geometry":{"type":"LineString","coordinates":[[-57.185299,51.4436],[-58.658298,51.2117]]},"properties":{"origin_iata":"YBX","dest_iata":"YIF","passengers":25000,"departures":500,"year_min":null,"year_max":null}},{"type":"Feature","geometry":{"type":"LineString","coordinates":[[-58.658298,51.2117],[-57.185299,51.4436]]},"properties":{"origin_iata":"YIF","dest_iata":"YBX","passengers":25000,"departures":500,"year_min":null,"year_max":null}},{"type":"Feature","geometry":{"type":"LineString","coordinates":[[-99.951897,49.91],[-114.009933,51.118822]]},"properties":{"origin_iata":"YBR","dest_iata":"YYC","passengers":25000,"departures":500,"year_min":null,"year_max":null}},{"type":"Feature","geometry":{"type":"LineString","coordinates":[[-123.869863,49.05497],[-114.009933,51.118822]]},"properties":{"origin_iata":"YCD","dest_iata":"YYC","passengers":25000,"departures":500,"year_min":null,"year_max":null}},{"type":"Feature","geometry":{"type":"LineString","coordinates":[[-113.580002,53.3097],[-119.377998,49.9561]]},"properties":{"origin_iata":"YEG","dest_iata":"YLW","passengers":25000,"departures":500,"year_min":null,"year_max":null}},{"type":"Feature","geometry":{"type":"LineString","coordinates":[[-113.580002,53.3097],[-124.887001,49.7108]]},"properties":{"origin_iata":"YEG","dest_iata":"YQQ","passengers":25000,"departures":500,"year_min":null,"year_max":null}},{"type":"Feature","geometry":{"type":"LineString","coordinates":[[-113.580002,53.3097],[-123.427792,48.647201]]},"properties":{"origin_iata":"YEG","dest_iata":"YYJ","passengers":25000,"departures":500,"year_min":null,"year_max":null}},{"type":"Feature","geometry":{"type":"LineString","coordinates":[[-63.5085983276,44.8807983398],[-114.009933,51.118822]]},"properties":{"origin_iata":"YHZ","dest_iata":"YYC","passengers":25000,"departures":500,"year_min":null,"year_max":null}},{"type":"Feature","geometry":{"type":"LineString","coordinates":[[-119.377998,49.9561],[-113.580002,53.3097]]},"properties":{"origin_iata":"YLW","dest_iata":"YEG","passengers":25000,"departures":500,"year_min":null,"year_max":null}},{"type":"Feature","geometry":{"type":"LineString","coordinates":[[-119.377998,49.9561],[-123.427792,48.647201]]},"properties":{"origin_iata":"YLW","dest_iata":"YYJ","passengers":25000,"departures":500,"year_min":null,"year_max":null}},{"type":"Feature","geometry":{"type":"LineString","coordinates":[[-124.887001,49.7108],[-113.580002,53.3097]]},"properties":{"origin_iata":"YQQ","dest_iata":"YEG","passengers":25000,"departures":500,"year_min":null,"year_max":null}},{"type":"Feature","geometry":{"type":"LineString","coordinates":[[-124.887001,49.7108],[-114.009933,51.118822]]},"properties":{"origin_iata":"YQQ","dest_iata":"YYC","passengers":25000,"departures":500,"year_min":null,"year_max":null}},{"type":"Feature","geometry":{"type":"LineString","coordinates":[[-120.739998,56.238098],[-114.009933,51.118822]]},"properties":{"origin_iata":"YXJ","dest_iata":"YYC","passengers":25000,"departures":500,"year_min":null,"year_max":null}},{"type":"Feature","geometry":{"type":"LineString","coordinates":[[-114.009933,51.118822],[-99.951897,49.91]]},"properties":{"origin_iata":"YYC","dest_iata":"YBR","passengers":25000,"departures":500,"year_min":null,"year_max":null}},{"type":"Feature","geometry":{"type":"LineString","coordinates":[[-114.009933,51.118822],[-123.869863,49.05497]]},"properties":{"origin_iata":"YYC","dest_iata":"YCD","passengers":25000,"departures":500,"year_min":null,"year_max":null}},{"type":"Feature","geometry":{"type":"LineString","coordinates":[[-114.009933,51.118822],[-63.5085983276,44.8807983398]]},"properties":{"origin_iata":"YYC","dest_iata":"YHZ","passengers":25000,"departures":500,"year_min":null,"year_max":null}},{"type":"Feature","geometry":{"type":"LineString","coordinates":[[-114.009933,51.118822],[-124.887001,49.7108]]},"properties":{"origin_iata":"YYC","dest_iata":"YQQ","passengers":25000,"departures":500,"year_min":null,"year_max":null}},{"type":"Feature","geometry":{"type":"LineString","coordinates":[[-114.009933,51.118822],[-120.739998,56.238098]]},"properties":{"origin_iata":"YYC","dest_iata":"YXJ","passengers":25000,"departures":500,"year_min":null,"year_max":null}},{"type":"Feature","geometry":{"type":"LineString","coordinates":[[-123.427792,48.647201],[-113.580002,53.3097]]},"properties":{"origin_iata":"YYJ","dest_iata":"YEG","passengers":25000,"departures":500,"year_min":null,"year_max":null}},{"type":"Feature","geometry":{"type":"LineString","coordinates":[[-123.427792,48.647201],[-119.377998,49.9561]]},"properties":{"origin_iata":"YYJ","dest_iata":"YLW","passengers":25000,"departures":500,"year_min":null,"year_max":null}},{"type":"Feature","geometry":{"type":"LineString","coordinates":[[-90.21420288085938,51.4463996887207],[-89.323898,48.371899]]},"properties":{"origin_iata":"YPL","dest_iata":"YQT","passengers":25000,"departures":500,"year_min":null,"year_max":null}},{"type":"Feature","geometry":{"type":"LineString","coordinates":[[-74.5280990600586,49.77190017700195],[-76.135597,51.691101]]},"properties":{"origin_iata":"YMT","dest_iata":"YNS","passengers":25000,"departures":500,"year_min":null,"year_max":null}},{"type":"Feature","geometry":{"type":"LineString","coordinates":[[-74.5280990600586,49.77190017700195],[-73.742294,45.467837]]},"properties":{"origin_iata":"YMT","dest_iata":"YUL","passengers":25000,"departures":500,"year_min":null,"year_max":null}},{"type":"Feature","geometry":{"type":"LineString","coordinates":[[-76.135597,51.691101],[-74.5280990600586,49.77190017700195]]},"properties":{"origin_iata":"YNS","dest_iata":"YMT","passengers":25000,"departures":500,"year_min":null,"year_max":null}},{"type":"Feature","geometry":{"type":"LineString","coordinates":[[-73.742294,45.467837],[-74.5280990600586,49.77190017700195]]},"properties":{"origin_iata":"YUL","dest_iata":"YMT","passengers":25000,"departures":500,"year_min":null,"year_max":null}}]}