{"type":"FeatureCollection","name":"airports","metadata":{"generated":"2026-05-14T18:16:35Z","source":"OurAirports (CC0)","clipped_to":"scenario.geojson land polygons (Ocean excluded)","count":419},"features":[{"type":"Feature","geometry":{"type":"Point","coordinates":[-156.820392609,64.4166256967]},"properties":{"name":"Kalakaket Creek AS Airport","iata":"KKK","icao":"1KC","type":"small_airport","tier":"limited","longest_ft":4000,"longest_paved_ft":0,"longest_hard_ft":4000,"municipality":"Kalakaket Creek","iso_country":"US","iso_region":"US-AK"}},{"type":"Feature","geometry":{"type":"Point","coordinates":[-155.684816,66.176133]},"properties":{"name":"Hog River Airport","iata":"HGZ","icao":"2AK6","type":"small_airport","tier":"limited","longest_ft":5500,"longest_paved_ft":0,"longest_hard_ft":5500,"municipality":"Hogatza","iso_country":"US","iso_region":"US-AK"}},{"type":"Feature","geometry":{"type":"Point","coordinates":[-152.162002563,60.588901519800004]},"properties":{"name":"Drift River Airport","iata":"DRF","icao":"3AK5","type":"small_airport","tier":"limited","longest_ft":4100,"longest_paved_ft":0,"longest_hard_ft":4100,"municipality":"Kenai","iso_country":"US","iso_region":"US-AK"}},{"type":"Feature","geometry":{"type":"Point","coordinates":[-153.0780029296875,70.00379943847656]},"properties":{"name":"Inigok Airport","iata":"","icao":"4AK1","type":"small_airport","tier":"limited","longest_ft":5000,"longest_paved_ft":0,"longest_hard_ft":5000,"municipality":"Deadhorse","iso_country":"US","iso_region":"US-AK"}},{"type":"Feature","geometry":{"type":"Point","coordinates":[-151.799901,60.816338]},"properties":{"name":"Trading Bay Production Airport","iata":"","icao":"5AK0","type":"small_airport","tier":"limited","longest_ft":4500,"longest_paved_ft":0,"longest_hard_ft":4500,"municipality":"Trading Bay","iso_country":"US","iso_region":"US-AK"}},{"type":"Feature","geometry":{"type":"Point","coordinates":[-147.392235,64.758904]},"properties":{"name":"Bradley Sky-Ranch Airport","iata":"","icao":"K95Z","type":"small_airport","tier":"limited","longest_ft":4100,"longest_paved_ft":0,"longest_hard_ft":4100,"municipality":"North Pole","iso_country":"US","iso_region":"US-AK"}},{"type":"Feature","geometry":{"type":"Point","coordinates":[-148.791618,63.640088]},"properties":{"name":"Denali Airport","iata":"","icao":"AK06","type":"small_airport","tier":"limited","longest_ft":4000,"longest_paved_ft":0,"longest_hard_ft":4000,"municipality":"Denali Park","iso_country":"US","iso_region":"US-AK"}},{"type":"Feature","geometry":{"type":"Point","coordinates":[-147.522891,64.821984]},"properties":{"name":"Lakloey Air Park","iata":"","icao":"AK22","type":"small_airport","tier":"limited","longest_ft":4000,"longest_paved_ft":0,"longest_hard_ft":4000,"municipality":"Fairbanks","iso_country":"US","iso_region":"US-AK"}},{"type":"Feature","geometry":{"type":"Point","coordinates":[-147.91900634765625,64.81400299072266]},"properties":{"name":"Chena Marina Airport","iata":"","icao":"AK28","type":"small_airport","tier":"limited","longest_ft":4700,"longest_paved_ft":0,"longest_hard_ft":4700,"municipality":"Fairbanks","iso_country":"US","iso_region":"US-AK"}},{"type":"Feature","geometry":{"type":"Point","coordinates":[-154.759994507,63.229198455799995]},"properties":{"name":"Nixon Fork Mine Airport","iata":"","icao":"AK40","type":"small_airport","tier":"limited","longest_ft":4200,"longest_paved_ft":0,"longest_hard_ft":4200,"municipality":"McGrath","iso_country":"US","iso_region":"US-AK"}},{"type":"Feature","geometry":{"type":"Point","coordinates":[-157.095036,57.884684]},"properties":{"name":"Fort Jensen Airport","iata":"","icao":"AK60","type":"small_airport","tier":"limited","longest_ft":4700,"longest_paved_ft":0,"longest_hard_ft":4700,"municipality":"Jensens","iso_country":"US","iso_region":"US-AK"}},{"type":"Feature","geometry":{"type":"Point","coordinates":[-145.424109,63.946809]},"properties":{"name":"All West Airport","iata":"","icao":"AK77","type":"small_airport","tier":"limited","longest_ft":5500,"longest_paved_ft":0,"longest_hard_ft":5500,"municipality":"Delta Junction","iso_country":"US","iso_region":"US-AK"}},{"type":"Feature","geometry":{"type":"Point","coordinates":[-45.42469,61.15958]},"properties":{"name":"Narsarsuaq Airport","iata":"UAK","icao":"BGBW","type":"heliport","tier":"standard","longest_ft":6004,"longest_paved_ft":6004,"longest_hard_ft":6004,"municipality":"Narsarsuaq","iso_country":"GL","iso_region":"GL-KU"}},{"type":"Feature","geometry":{"type":"Point","coordinates":[-51.67914,64.191066]},"properties":{"name":"Nuuk International Airport","iata":"GOH","icao":"BGGH","type":"large_airport","tier":"standard","longest_ft":7217,"longest_paved_ft":7217,"longest_hard_ft":7217,"municipality":"Nuuk","iso_country":"GL","iso_region":"GL-SE"}},{"type":"Feature","geometry":{"type":"Point","coordinates":[-68.700541,76.53063]},"properties":{"name":"Pituffik Space Base","iata":"THU","icao":"BGTL","type":"medium_airport","tier":"major","longest_ft":9997,"longest_paved_ft":9997,"longest_hard_ft":9997,"municipality":"Pituffik","iso_country":"GL","iso_region":"GL-AV"}},{"type":"Feature","geometry":{"type":"Point","coordinates":[-14.401399612426758,65.2833023071289]},"properties":{"name":"Egilssta\u00f0ir Airport","iata":"EGS","icao":"BIEG","type":"medium_airport","tier":"standard","longest_ft":7054,"longest_paved_ft":7054,"longest_hard_ft":7054,"municipality":"Egilssta\u00f0ir","iso_country":"IS","iso_region":"IS-7"}},{"type":"Feature","geometry":{"type":"Point","coordinates":[-17.426001,65.952301]},"properties":{"name":"H\u00fasav\u00edk Airport","iata":"HZK","icao":"BIHU","type":"medium_airport","tier":"limited","longest_ft":5266,"longest_paved_ft":5266,"longest_hard_ft":5266,"municipality":"H\u00fasav\u00edk","iso_country":"IS","iso_region":"IS-6"}},{"type":"Feature","geometry":{"type":"Point","coordinates":[-23.1353,66.058098]},"properties":{"name":"\u00cdsafj\u00f6r\u00f0ur Airport","iata":"IFJ","icao":"BIIS","type":"medium_airport","tier":"limited","longest_ft":4593,"longest_paved_ft":4593,"longest_hard_ft":4593,"municipality":"\u00cdsafj\u00f6r\u00f0ur","iso_country":"IS","iso_region":"IS-4"}},{"type":"Feature","geometry":{"type":"Point","coordinates":[-22.6056,63.985001]},"properties":{"name":"Keflavik International Airport","iata":"KEF","icao":"BIKF","type":"large_airport","tier":"major","longest_ft":10056,"longest_paved_ft":10056,"longest_hard_ft":10056,"municipality":"Reykjav\u00edk","iso_country":"IS","iso_region":"IS-2"}},{"type":"Feature","geometry":{"type":"Point","coordinates":[-19.572799682599996,65.73169708249999]},"properties":{"name":"Sau\u00f0\u00e1rkr\u00f3kur Airport","iata":"SAK","icao":"BIKR","type":"small_airport","tier":"standard","longest_ft":6191,"longest_paved_ft":6191,"longest_hard_ft":6191,"municipality":"Sau\u00f0\u00e1rkr\u00f3kur","iso_country":"IS","iso_region":"IS-5"}},{"type":"Feature","geometry":{"type":"Point","coordinates":[-74.090637,47.937546]},"properties":{"name":"Casey (Camp de Base) Airport","iata":"","icao":"CA-0084","type":"small_airport","tier":"limited","longest_ft":5411,"longest_paved_ft":5411,"longest_hard_ft":5411,"municipality":"","iso_country":"CA","iso_region":"CA-QC"}},{"type":"Feature","geometry":{"type":"Point","coordinates":[-73.58091115949999,45.6931260794]},"properties":{"name":"Saint-Fran\u00e7ois-de-Laval (Laval Aviation)","iata":"","icao":"CA-0464","type":"seaplane_base","tier":"limited","longest_ft":4000,"longest_paved_ft":4000,"longest_hard_ft":4000,"municipality":"","iso_country":"CA","iso_region":"CA-QC"}},{"type":"Feature","geometry":{"type":"Point","coordinates":[-62.295278,49.401389]},"properties":{"name":"Rivi\u00e8re-aux-Saumons Aerodrome","iata":"","icao":"CTH7","type":"small_airport","tier":"limited","longest_ft":5384,"longest_paved_ft":0,"longest_hard_ft":5384,"municipality":"Rivi\u00e8re-aux-Saumons","iso_country":"CA","iso_region":"CA-QC"}},{"type":"Feature","geometry":{"type":"Point","coordinates":[-120.745368,50.122504]},"properties":{"name":"Merritt Airport","iata":"YMB","icao":"CAD5","type":"small_airport","tier":"limited","longest_ft":4000,"longest_paved_ft":4000,"longest_hard_ft":4000,"municipality":"Merritt","iso_country":"CA","iso_region":"CA-BC"}},{"type":"Feature","geometry":{"type":"Point","coordinates":[-113.747191,50.453887]},"properties":{"name":"A J Flying Ranch Airport","iata":"","icao":"CAJ7","type":"small_airport","tier":"limited","longest_ft":4500,"longest_paved_ft":4500,"longest_hard_ft":4500,"municipality":"Cayley","iso_country":"CA","iso_region":"CA-AB"}},{"type":"Feature","geometry":{"type":"Point","coordinates":[-125.648189,57.427857]},"properties":{"name":"Fort Ware Airport","iata":"","icao":"CAJ9","type":"small_airport","tier":"limited","longest_ft":4700,"longest_paved_ft":0,"longest_hard_ft":4700,"municipality":"Fort Ware","iso_country":"CA","iso_region":"CA-BC"}},{"type":"Feature","geometry":{"type":"Point","coordinates":[-120.171273351,50.1654600485]},"properties":{"name":"Douglas Lake Airport","iata":"DGF","icao":"CAL3","type":"small_airport","tier":"limited","longest_ft":4600,"longest_paved_ft":4600,"longest_hard_ft":4600,"municipality":"Douglas Lake","iso_country":"CA","iso_region":"CA-BC"}},{"type":"Feature","geometry":{"type":"Point","coordinates":[-111.418998718,57.223899841299996]},"properties":{"name":"Fort MacKay/Albian Aerodrome","iata":"JHL","icao":"CAL4","type":"small_airport","tier":"standard","longest_ft":7549,"longest_paved_ft":7549,"longest_hard_ft":7549,"municipality":"Albian Village","iso_country":"CA","iso_region":"CA-AB"}},{"type":"Feature","geometry":{"type":"Point","coordinates":[-124.897003174,56.790599823]},"properties":{"name":"Ingenika Airport","iata":"","icao":"CAP6","type":"small_airport","tier":"limited","longest_ft":6000,"longest_paved_ft":0,"longest_hard_ft":6000,"municipality":"Ingenika","iso_country":"CA","iso_region":"CA-BC"}},{"type":"Feature","geometry":{"type":"Point","coordinates":[-124.010804,54.051607]},"properties":{"name":"Vanderhoof Airport","iata":"","icao":"CAU4","type":"small_airport","tier":"limited","longest_ft":5018,"longest_paved_ft":5018,"longest_hard_ft":5018,"municipality":"Vanderhoof","iso_country":"CA","iso_region":"CA-BC"}},{"type":"Feature","geometry":{"type":"Point","coordinates":[-124.063282,56.271002]},"properties":{"name":"Ospika Airport","iata":"","icao":"CBA9","type":"small_airport","tier":"limited","longest_ft":5600,"longest_paved_ft":0,"longest_hard_ft":5600,"municipality":"Ospika","iso_country":"CA","iso_region":"CA-BC"}},{"type":"Feature","geometry":{"type":"Point","coordinates":[-124.964996,56.906101]},"properties":{"name":"Tsay Keh Airport","iata":"","icao":"CBN9","type":"small_airport","tier":"limited","longest_ft":4500,"longest_paved_ft":0,"longest_hard_ft":4500,"municipality":"Tsay Keh","iso_country":"CA","iso_region":"CA-BC"}},{"type":"Feature","geometry":{"type":"Point","coordinates":[-124.470291138,56.52138778769999]},"properties":{"name":"Fort Grahame Airport","iata":"","icao":"CBW3","type":"small_airport","tier":"limited","longest_ft":5000,"longest_paved_ft":0,"longest_hard_ft":5000,"municipality":"Fort Graham","iso_country":"CA","iso_region":"CA-BC"}},{"type":"Feature","geometry":{"type":"Point","coordinates":[-130.25,56.966702]},"properties":{"name":"Bob Quinn Lake Airport","iata":"YBO","icao":"CBW4","type":"small_airport","tier":"limited","longest_ft":4200,"longest_paved_ft":0,"longest_hard_ft":4200,"municipality":"Bob Quinn Lake","iso_country":"CA","iso_region":"CA-BC"}},{"type":"Feature","geometry":{"type":"Point","coordinates":[-120.93499755859,55.025001525879]},"properties":{"name":"Tumbler Ridge Airport","iata":"TUX","icao":"CBX7","type":"small_airport","tier":"limited","longest_ft":4000,"longest_paved_ft":4000,"longest_hard_ft":4000,"municipality":"Tumbler Ridge","iso_country":"CA","iso_region":"CA-BC"}},{"type":"Feature","geometry":{"type":"Point","coordinates":[-67.16829681396484,46.562801361083984]},"properties":{"name":"Juniper Airport","iata":"","icao":"CCE3","type":"small_airport","tier":"limited","longest_ft":4021,"longest_paved_ft":4021,"longest_hard_ft":4021,"municipality":"Juniper","iso_country":"CA","iso_region":"CA-NB"}},{"type":"Feature","geometry":{"type":"Point","coordinates":[-67.62463,47.4486]},"properties":{"name":"Boston Brook Airport","iata":"","icao":"CCJ3","type":"small_airport","tier":"limited","longest_ft":4000,"longest_paved_ft":0,"longest_hard_ft":4000,"municipality":"Drummond","iso_country":"CA","iso_region":"CA-NB"}},{"type":"Feature","geometry":{"type":"Point","coordinates":[-63.460601806640625,45.41859817504883]},"properties":{"name":"Debert Airport","iata":"","icao":"CCQ3","type":"small_airport","tier":"limited","longest_ft":5000,"longest_paved_ft":5000,"longest_hard_ft":5000,"municipality":"Debert","iso_country":"CA","iso_region":"CA-NS"}},{"type":"Feature","geometry":{"type":"Point","coordinates":[-67.628098,46.426102]},"properties":{"name":"Florenceville Airport","iata":"","icao":"CCR3","type":"small_airport","tier":"limited","longest_ft":5400,"longest_paved_ft":5400,"longest_hard_ft":5400,"municipality":"Florenceville-Bristol","iso_country":"CA","iso_region":"CA-NB"}},{"type":"Feature","geometry":{"type":"Point","coordinates":[-65.904198,46.148602]},"properties":{"name":"Chipman Airport","iata":"","icao":"CCS4","type":"small_airport","tier":"limited","longest_ft":4022,"longest_paved_ft":4022,"longest_hard_ft":4022,"municipality":"Chipman","iso_country":"CA","iso_region":"CA-NB"}},{"type":"Feature","geometry":{"type":"Point","coordinates":[-67.0999984741211,45.56669998168945]},"properties":{"name":"Brockway Airport","iata":"","icao":"CCX3","type":"small_airport","tier":"limited","longest_ft":4000,"longest_paved_ft":0,"longest_hard_ft":4000,"municipality":"Brockway","iso_country":"CA","iso_region":"CA-NB"}},{"type":"Feature","geometry":{"type":"Point","coordinates":[-64.693901,46.509399]},"properties":{"name":"Bouctouche Airport","iata":"","icao":"CDT5","type":"small_airport","tier":"limited","longest_ft":5024,"longest_paved_ft":5024,"longest_hard_ft":5024,"municipality":"Buctouche","iso_country":"CA","iso_region":"CA-NB"}},{"type":"Feature","geometry":{"type":"Point","coordinates":[-67.426102,47.753601]},"properties":{"name":"Downs Gulch Airport","iata":"","icao":"CDV2","type":"small_airport","tier":"limited","longest_ft":4003,"longest_paved_ft":4003,"longest_hard_ft":4003,"municipality":"Downs Gulch","iso_country":"CA","iso_region":"CA-NB"}},{"type":"Feature","geometry":{"type":"Point","coordinates":[-117.752998,53.319199]},"properties":{"name":"Jasper-Hinton Airport","iata":"YJP","icao":"CEC4","type":"small_airport","tier":"limited","longest_ft":4300,"longest_paved_ft":4300,"longest_hard_ft":4300,"municipality":"Hinton","iso_country":"CA","iso_region":"CA-AB"}},{"type":"Feature","geometry":{"type":"Point","coordinates":[-113.933998,51.263901]},"properties":{"name":"Airdrie Aerodrome","iata":"","icao":"CEF4","type":"small_airport","tier":"limited","longest_ft":5000,"longest_paved_ft":5000,"longest_hard_ft":5000,"municipality":"Airdrie","iso_country":"CA","iso_region":"CA-AB"}},{"type":"Feature","geometry":{"type":"Point","coordinates":[-110.27899932861328,52.33810043334961]},"properties":{"name":"Provost Airport","iata":"","icao":"CEH6","type":"small_airport","tier":"limited","longest_ft":5001,"longest_paved_ft":5001,"longest_hard_ft":5001,"municipality":"Provost","iso_country":"CA","iso_region":"CA-AB"}},{"type":"Feature","geometry":{"type":"Point","coordinates":[-110.772017,53.892946]},"properties":{"name":"Elk Point Airport","iata":"","icao":"CEJ6","type":"small_airport","tier":"limited","longest_ft":4498,"longest_paved_ft":4498,"longest_hard_ft":4498,"municipality":"Elk Point","iso_country":"CA","iso_region":"CA-AB"}},{"type":"Feature","geometry":{"type":"Point","coordinates":[-115.41500091552734,54.670799255371094]},"properties":{"name":"Swan Hills Airport","iata":"","icao":"CEM5","type":"small_airport","tier":"limited","longest_ft":4500,"longest_paved_ft":4500,"longest_hard_ft":4500,"municipality":"Swan Hills","iso_country":"CA","iso_region":"CA-AB"}},{"type":"Feature","geometry":{"type":"Point","coordinates":[-113.843396,50.534162]},"properties":{"name":"High River Airport","iata":"","icao":"CEN4","type":"small_airport","tier":"limited","longest_ft":4160,"longest_paved_ft":4160,"longest_hard_ft":4160,"municipality":"High River","iso_country":"CA","iso_region":"CA-AB"}},{"type":"Feature","geometry":{"type":"Point","coordinates":[-110.73300170898438,55.900001525878906]},"properties":{"name":"Janvier Airport","iata":"","icao":"CEP5","type":"small_airport","tier":"limited","longest_ft":4500,"longest_paved_ft":0,"longest_hard_ft":4500,"municipality":"Janvier","iso_country":"CA","iso_region":"CA-AB"}},{"type":"Feature","geometry":{"type":"Point","coordinates":[-112.81600189208984,53.04029846191406]},"properties":{"name":"Camrose Airport","iata":"","icao":"CEQ3","type":"small_airport","tier":"limited","longest_ft":4512,"longest_paved_ft":4512,"longest_hard_ft":4512,"municipality":"Camrose","iso_country":"CA","iso_region":"CA-AB"}},{"type":"Feature","geometry":{"type":"Point","coordinates":[-114.95999908447,53.265800476074]},"properties":{"name":"Drayton Valley Industrial Airport","iata":"YDC","icao":"CER3","type":"small_airport","tier":"limited","longest_ft":5066,"longest_paved_ft":5066,"longest_hard_ft":5066,"municipality":"Drayton Valley","iso_country":"CA","iso_region":"CA-AB"}},{"type":"Feature","geometry":{"type":"Point","coordinates":[-111.573997498,57.0555992126]},"properties":{"name":"Fort McMurray / Mildred Lake Airport","iata":"NML","icao":"CER4","type":"small_airport","tier":"limited","longest_ft":5437,"longest_paved_ft":0,"longest_hard_ft":5437,"municipality":"Fort McMurray","iso_country":"CA","iso_region":"CA-AB"}},{"type":"Feature","geometry":{"type":"Point","coordinates":[-112.0270004272461,53.514400482177734]},"properties":{"name":"Vegreville Airport","iata":"","icao":"CEV3","type":"small_airport","tier":"limited","longest_ft":4000,"longest_paved_ft":4000,"longest_hard_ft":4000,"municipality":"Vegreville","iso_country":"CA","iso_region":"CA-AB"}},{"type":"Feature","geometry":{"type":"Point","coordinates":[-113.086566925,53.727998032]},"properties":{"name":"Edmonton / Josephburg Airport","iata":"","icao":"CFB6","type":"small_airport","tier":"limited","longest_ft":4560,"longest_paved_ft":4560,"longest_hard_ft":4560,"municipality":"Edmonton","iso_country":"CA","iso_region":"CA-AB"}},{"type":"Feature","geometry":{"type":"Point","coordinates":[-110.976666,57.275833]},"properties":{"name":"Fort Mackay / Firebag","iata":"YFI","icao":"CYFI","type":"small_airport","tier":"standard","longest_ft":6890,"longest_paved_ft":6890,"longest_hard_ft":6890,"municipality":"Suncor Energy Site","iso_country":"CA","iso_region":"CA-AB"}},{"type":"Feature","geometry":{"type":"Point","coordinates":[-63.461102,45.869999]},"properties":{"name":"Fox Harbour Airport","iata":"","icao":"CFH4","type":"small_airport","tier":"limited","longest_ft":4885,"longest_paved_ft":4885,"longest_hard_ft":4885,"municipality":"Fox Harbour","iso_country":"CA","iso_region":"CA-NS"}},{"type":"Feature","geometry":{"type":"Point","coordinates":[-116.337919235,58.172875198199996]},"properties":{"name":"La Crete Airport","iata":"","icao":"CFN5","type":"small_airport","tier":"limited","longest_ft":4400,"longest_paved_ft":4400,"longest_hard_ft":4400,"municipality":"La Crete","iso_country":"CA","iso_region":"CA-AB"}},{"type":"Feature","geometry":{"type":"Point","coordinates":[-114.677001953125,51.774200439453125]},"properties":{"name":"Sundre Airport","iata":"","icao":"CFN7","type":"small_airport","tier":"limited","longest_ft":4285,"longest_paved_ft":4285,"longest_hard_ft":4285,"municipality":"Sundre","iso_country":"CA","iso_region":"CA-AB"}},{"type":"Feature","geometry":{"type":"Point","coordinates":[-111.100998,52.830601]},"properties":{"name":"CFB Wainwright Field 21 Airport","iata":"","icao":"CYWN","type":"small_airport","tier":"standard","longest_ft":7349,"longest_paved_ft":7349,"longest_hard_ft":7349,"municipality":"Wainwright","iso_country":"CA","iso_region":"CA-AB"}},{"type":"Feature","geometry":{"type":"Point","coordinates":[-115.07499694824219,57.14189910888672]},"properties":{"name":"Loon River Airport","iata":"","icao":"CFS6","type":"small_airport","tier":"limited","longest_ft":5900,"longest_paved_ft":5900,"longest_hard_ft":5900,"municipality":"Loon River","iso_country":"CA","iso_region":"CA-AB"}},{"type":"Feature","geometry":{"type":"Point","coordinates":[-115.256538391,58.9458023034]},"properties":{"name":"Margaret Lake Airport","iata":"","icao":"CFV6","type":"small_airport","tier":"limited","longest_ft":4000,"longest_paved_ft":0,"longest_hard_ft":4000,"municipality":"Margaret Lake","iso_country":"CA","iso_region":"CA-AB"}},{"type":"Feature","geometry":{"type":"Point","coordinates":[-117.643997,56.950802]},"properties":{"name":"Manning Municipal Airport","iata":"","icao":"CFX4","type":"small_airport","tier":"limited","longest_ft":5577,"longest_paved_ft":5577,"longest_hard_ft":5577,"municipality":"Manning","iso_country":"CA","iso_region":"CA-AB"}},{"type":"Feature","geometry":{"type":"Point","coordinates":[-72.221001,52.730001]},"properties":{"name":"Clarence and Abel Swallow Airport","iata":"","icao":"CFX5","type":"small_airport","tier":"limited","longest_ft":4902,"longest_paved_ft":0,"longest_hard_ft":4902,"municipality":"Renard Diamond Mine","iso_country":"CA","iso_region":"CA-QC"}},{"type":"Feature","geometry":{"type":"Point","coordinates":[-103.8010025024414,49.6974983215332]},"properties":{"name":"Weyburn Airport","iata":"","icao":"CJE3","type":"small_airport","tier":"limited","longest_ft":4000,"longest_paved_ft":4000,"longest_hard_ft":4000,"municipality":"Weyburn","iso_country":"CA","iso_region":"CA-SK"}},{"type":"Feature","geometry":{"type":"Point","coordinates":[-95.73500061035156,50.39670181274414]},"properties":{"name":"Bird River (Lac Du Bonnet) Airport","iata":"","icao":"CJP7","type":"small_airport","tier":"limited","longest_ft":4250,"longest_paved_ft":0,"longest_hard_ft":4250,"municipality":"Bird River","iso_country":"CA","iso_region":"CA-MB"}},{"type":"Feature","geometry":{"type":"Point","coordinates":[-102.23899841308594,56.94940185546875]},"properties":{"name":"Malcolm Island Airport","iata":"","icao":"CJS2","type":"small_airport","tier":"limited","longest_ft":4625,"longest_paved_ft":0,"longest_hard_ft":4625,"municipality":"Malcolm Island","iso_country":"CA","iso_region":"CA-SK"}},{"type":"Feature","geometry":{"type":"Point","coordinates":[-109.51599884,58.3911018372]},"properties":{"name":"Cluff Lake Airport","iata":"XCL","icao":"CJS3","type":"small_airport","tier":"limited","longest_ft":5280,"longest_paved_ft":0,"longest_hard_ft":5280,"municipality":"Cluff Lake","iso_country":"CA","iso_region":"CA-SK"}},{"type":"Feature","geometry":{"type":"Point","coordinates":[-105.387744,50.43466]},"properties":{"name":"Moose Jaw Municipal Airport","iata":"","icao":"CJS4","type":"small_airport","tier":"limited","longest_ft":4000,"longest_paved_ft":4000,"longest_hard_ft":4000,"municipality":"Moose Jaw","iso_country":"CA","iso_region":"CA-SK"}},{"type":"Feature","geometry":{"type":"Point","coordinates":[-104.48400115966797,58.0531005859375]},"properties":{"name":"Cigar Lake Airport","iata":"","icao":"CJW7","type":"small_airport","tier":"limited","longest_ft":5100,"longest_paved_ft":0,"longest_hard_ft":5100,"municipality":"Cigar Lake","iso_country":"CA","iso_region":"CA-SK"}},{"type":"Feature","geometry":{"type":"Point","coordinates":[-97.01110076904297,54.25809860229492]},"properties":{"name":"Molson Lake Airport","iata":"","icao":"CKJ8","type":"small_airport","tier":"limited","longest_ft":4360,"longest_paved_ft":0,"longest_hard_ft":4360,"municipality":"Molson Lake","iso_country":"CA","iso_region":"CA-MB"}},{"type":"Feature","geometry":{"type":"Point","coordinates":[-90.3768997192,52.6067008972]},"properties":{"name":"Opapimiskan Lake Airport","iata":"YBS","icao":"CKM8","type":"small_airport","tier":"limited","longest_ft":4850,"longest_paved_ft":0,"longest_hard_ft":4850,"municipality":"Opapimiskan Lake","iso_country":"CA","iso_region":"CA-ON"}},{"type":"Feature","geometry":{"type":"Point","coordinates":[-105.02400207519531,57.76750183105469]},"properties":{"name":"McArthur River Airport","iata":"","icao":"CKQ8","type":"small_airport","tier":"limited","longest_ft":5280,"longest_paved_ft":0,"longest_hard_ft":5280,"municipality":"Mcarthur River","iso_country":"CA","iso_region":"CA-SK"}},{"type":"Feature","geometry":{"type":"Point","coordinates":[-137.221944,62.604722]},"properties":{"name":"Minto","iata":"","icao":"CMN4","type":"small_airport","tier":"limited","longest_ft":4495,"longest_paved_ft":0,"longest_hard_ft":4495,"municipality":"","iso_country":"CA","iso_region":"CA-YT"}},{"type":"Feature","geometry":{"type":"Point","coordinates":[-68.831019,50.657732]},"properties":{"name":"Manic-Cinq Airport","iata":"","icao":"CMN5","type":"small_airport","tier":"limited","longest_ft":4004,"longest_paved_ft":0,"longest_hard_ft":4004,"municipality":"Manicouagan","iso_country":"CA","iso_region":"CA-QC"}},{"type":"Feature","geometry":{"type":"Point","coordinates":[-84.096478,46.421233]},"properties":{"name":"Bar River Airport","iata":"YEB","icao":"CPF2","type":"small_airport","tier":"limited","longest_ft":4415,"longest_paved_ft":4415,"longest_hard_ft":4415,"municipality":"Echo Bay","iso_country":"CA","iso_region":"CA-ON"}},{"type":"Feature","geometry":{"type":"Point","coordinates":[-62.2369003296,49.078899383499994]},"properties":{"name":"Rivi\u00e8re Bell Aerodrome","iata":"","icao":"CRB5","type":"small_airport","tier":"limited","longest_ft":5528,"longest_paved_ft":0,"longest_hard_ft":5528,"municipality":"Rivi\u00e8re Bell","iso_country":"CA","iso_region":"CA-QC"}},{"type":"Feature","geometry":{"type":"Point","coordinates":[-126.172957,53.822569]},"properties":{"name":"Streatham Reef Hueston Airfield","iata":"","icao":"CRHA","type":"small_airport","tier":"major","longest_ft":9300,"longest_paved_ft":9300,"longest_hard_ft":9300,"municipality":"Streatham","iso_country":"CA","iso_region":"CA-BC"}},{"type":"Feature","geometry":{"type":"Point","coordinates":[-72.39469909667969,45.845298767089844]},"properties":{"name":"Drummondville Airport","iata":"","icao":"CSC3","type":"small_airport","tier":"limited","longest_ft":4000,"longest_paved_ft":4000,"longest_hard_ft":4000,"municipality":"Drummondville","iso_country":"CA","iso_region":"CA-QC"}},{"type":"Feature","geometry":{"type":"Point","coordinates":[-75.57779693603516,46.56439971923828]},"properties":{"name":"Mont Laurier Airport","iata":"","icao":"CSD4","type":"small_airport","tier":"limited","longest_ft":4000,"longest_paved_ft":4000,"longest_hard_ft":4000,"municipality":"Mont-Laurier","iso_country":"CA","iso_region":"CA-QC"}},{"type":"Feature","geometry":{"type":"Point","coordinates":[-65.71499633789062,51.88859939575195]},"properties":{"name":"Poste Montagnais (Mile 134) Airport","iata":"","icao":"CSF3","type":"small_airport","tier":"limited","longest_ft":4025,"longest_paved_ft":0,"longest_hard_ft":4025,"municipality":"Poste Montagnais","iso_country":"CA","iso_region":"CA-QC"}},{"type":"Feature","geometry":{"type":"Point","coordinates":[-71.2572021484375,46.051700592041016]},"properties":{"name":"Thetford Mines Airport","iata":"","icao":"CSM3","type":"small_airport","tier":"limited","longest_ft":4500,"longest_paved_ft":4500,"longest_hard_ft":4500,"municipality":"Thetford Mines","iso_country":"CA","iso_region":"CA-QC"}},{"type":"Feature","geometry":{"type":"Point","coordinates":[-149.781005859375,61.15869903564453]},"properties":{"name":"Campbell Airstrip","iata":"","icao":"CSR","type":"small_airport","tier":"limited","longest_ft":5000,"longest_paved_ft":0,"longest_hard_ft":5000,"municipality":"Anchorage","iso_country":"US","iso_region":"US-AK"}},{"type":"Feature","geometry":{"type":"Point","coordinates":[-71.931906,46.110604]},"properties":{"name":"Victoriaville Airport","iata":"","icao":"CSR3","type":"small_airport","tier":"limited","longest_ft":5530,"longest_paved_ft":5530,"longest_hard_ft":5530,"municipality":"Victoriaville","iso_country":"CA","iso_region":"CA-QC"}},{"type":"Feature","geometry":{"type":"Point","coordinates":[-79.178596496582,48.917198181152]},"properties":{"name":"La Sarre Airport","iata":"SSQ","icao":"CSR8","type":"small_airport","tier":"limited","longest_ft":4700,"longest_paved_ft":4700,"longest_hard_ft":4700,"municipality":"La Sarre","iso_country":"CA","iso_region":"CA-QC"}},{"type":"Feature","geometry":{"type":"Point","coordinates":[-73.042198,45.980301]},"properties":{"name":"Sorel Airport","iata":"","icao":"CSY3","type":"small_airport","tier":"limited","longest_ft":4000,"longest_paved_ft":4000,"longest_hard_ft":4000,"municipality":"Saint-Robert","iso_country":"CA","iso_region":"CA-QC"}},{"type":"Feature","geometry":{"type":"Point","coordinates":[-79.41809844970001,47.4491996765]},"properties":{"name":"St Bruno-de-Guigues Airport","iata":"","icao":"CTA4","type":"small_airport","tier":"limited","longest_ft":4489,"longest_paved_ft":4489,"longest_hard_ft":4489,"municipality":"St-Bruno-de-Guigues","iso_country":"CA","iso_region":"CA-QC"}},{"type":"Feature","geometry":{"type":"Point","coordinates":[-64.562703,48.38378]},"properties":{"name":"Du Rocher-Perc\u00e9 (Pabok) Airport","iata":"","icao":"CTG3","type":"small_airport","tier":"limited","longest_ft":4982,"longest_paved_ft":4982,"longest_hard_ft":4982,"municipality":"Grande-Rivi\u00e8re-Ouest","iso_country":"CA","iso_region":"CA-QC"}},{"type":"Feature","geometry":{"type":"Point","coordinates":[-73.321404,61.662201]},"properties":{"name":"Donaldson Airport","iata":"YAU","icao":"CTP9","type":"small_airport","tier":"limited","longest_ft":6529,"longest_paved_ft":0,"longest_hard_ft":6529,"municipality":"Kattiniq","iso_country":"CA","iso_region":"CA-QC"}},{"type":"Feature","geometry":{"type":"Point","coordinates":[-71.173301696777,54.553901672363]},"properties":{"name":"Fontanges Airport","iata":"YFG","icao":"CTU2","type":"small_airport","tier":"limited","longest_ft":4900,"longest_paved_ft":0,"longest_hard_ft":4900,"municipality":"Fontanges","iso_country":"CA","iso_region":"CA-QC"}},{"type":"Feature","geometry":{"type":"Point","coordinates":[-62.088056,56.344722]},"properties":{"name":"Voisey's Bay Airport","iata":"","icao":"CVB2","type":"small_airport","tier":"limited","longest_ft":5000,"longest_paved_ft":0,"longest_hard_ft":5000,"municipality":"Natuashish","iso_country":"CA","iso_region":"CA-NL"}},{"type":"Feature","geometry":{"type":"Point","coordinates":[-76.19640350339999,53.5717010498]},"properties":{"name":"La Grande-3 Airport","iata":"YAR","icao":"CYAD","type":"small_airport","tier":"limited","longest_ft":5000,"longest_paved_ft":0,"longest_hard_ft":5000,"municipality":"La Grande-3","iso_country":"CA","iso_region":"CA-QC"}},{"type":"Feature","geometry":{"type":"Point","coordinates":[-93.44349,48.655749]},"properties":{"name":"Fort Frances Municipal Airport","iata":"YAG","icao":"CYAG","type":"medium_airport","tier":"limited","longest_ft":4500,"longest_paved_ft":4500,"longest_hard_ft":4500,"municipality":"Fort Frances","iso_country":"CA","iso_region":"CA-ON"}},{"type":"Feature","geometry":{"type":"Point","coordinates":[-73.6753005981,53.754699707]},"properties":{"name":"La Grande-4 Airport","iata":"YAH","icao":"CYAH","type":"medium_airport","tier":"limited","longest_ft":5000,"longest_paved_ft":0,"longest_hard_ft":5000,"municipality":"La Grande-4","iso_country":"CA","iso_region":"CA-QC"}},{"type":"Feature","geometry":{"type":"Point","coordinates":[-56.08321,51.391909]},"properties":{"name":"St. Anthony Airport","iata":"YAY","icao":"CYAY","type":"medium_airport","tier":"limited","longest_ft":4000,"longest_paved_ft":4000,"longest_hard_ft":4000,"municipality":"St. Anthony","iso_country":"CA","iso_region":"CA-NL"}},{"type":"Feature","geometry":{"type":"Point","coordinates":[-125.775583,49.079833]},"properties":{"name":"Tofino / Long Beach Airport","iata":"YAZ","icao":"CYAZ","type":"medium_airport","tier":"limited","longest_ft":5000,"longest_paved_ft":5000,"longest_hard_ft":5000,"municipality":"Tofino","iso_country":"CA","iso_region":"CA-BC"}},{"type":"Feature","geometry":{"type":"Point","coordinates":[-68.204399,49.1325]},"properties":{"name":"Baie-Comeau Airport","iata":"YBC","icao":"CYBC","type":"medium_airport","tier":"standard","longest_ft":6000,"longest_paved_ft":6000,"longest_hard_ft":6000,"municipality":"Baie-Comeau","iso_country":"CA","iso_region":"CA-QC"}},{"type":"Feature","geometry":{"type":"Point","coordinates":[-126.596001,52.387501]},"properties":{"name":"Bella Coola Airport","iata":"QBC","icao":"CYBD","type":"medium_airport","tier":"limited","longest_ft":4200,"longest_paved_ft":4200,"longest_hard_ft":4200,"municipality":"Bella Coola","iso_country":"CA","iso_region":"CA-BC"}},{"type":"Feature","geometry":{"type":"Point","coordinates":[-110.744003,54.304199]},"properties":{"name":"Bonnyville Airport","iata":"YBY","icao":"CYBF","type":"medium_airport","tier":"limited","longest_ft":4434,"longest_paved_ft":4434,"longest_hard_ft":4434,"municipality":"Bonnyville","iso_country":"CA","iso_region":"CA-AB"}},{"type":"Feature","geometry":{"type":"Point","coordinates":[-70.992012,48.330123]},"properties":{"name":"Saguenay-Bagotville Airport","iata":"YBG","icao":"CYBG","type":"medium_airport","tier":"major","longest_ft":10000,"longest_paved_ft":10000,"longest_hard_ft":10000,"municipality":"Saguenay","iso_country":"CA","iso_region":"CA-QC"}},{"type":"Feature","geometry":{"type":"Point","coordinates":[-125.271004,49.950802]},"properties":{"name":"Campbell River Airport","iata":"YBL","icao":"CYBL","type":"medium_airport","tier":"standard","longest_ft":6499,"longest_paved_ft":6499,"longest_hard_ft":6499,"municipality":"Campbell River","iso_country":"CA","iso_region":"CA-BC"}},{"type":"Feature","geometry":{"type":"Point","coordinates":[-99.951897,49.91]},"properties":{"name":"Brandon Municipal Airport","iata":"YBR","icao":"CYBR","type":"medium_airport","tier":"standard","longest_ft":6500,"longest_paved_ft":6500,"longest_hard_ft":6500,"municipality":"Brandon","iso_country":"CA","iso_region":"CA-MB"}},{"type":"Feature","geometry":{"type":"Point","coordinates":[-114.369378,51.103982]},"properties":{"name":"Calgary / Springbank Airport","iata":"","icao":"CYBW","type":"medium_airport","tier":"limited","longest_ft":5000,"longest_paved_ft":5000,"longest_hard_ft":5000,"municipality":"Calgary","iso_country":"CA","iso_region":"CA-AB"}},{"type":"Feature","geometry":{"type":"Point","coordinates":[-57.185299,51.4436]},"properties":{"name":"Lourdes-de-Blanc-Sablon Airport","iata":"YBX","icao":"CYBX","type":"medium_airport","tier":"limited","longest_ft":4500,"longest_paved_ft":4500,"longest_hard_ft":4500,"municipality":"Blanc-Sablon","iso_country":"CA","iso_region":"CA-QC"}},{"type":"Feature","geometry":{"type":"Point","coordinates":[-123.869863,49.05497]},"properties":{"name":"Nanaimo Airport","iata":"YCD","icao":"CYCD","type":"medium_airport","tier":"standard","longest_ft":6602,"longest_paved_ft":6602,"longest_hard_ft":6602,"municipality":"Nanaimo","iso_country":"CA","iso_region":"CA-BC"}},{"type":"Feature","geometry":{"type":"Point","coordinates":[-117.632004,49.296398]},"properties":{"name":"Castlegar/West Kootenay Regional Airport","iata":"YCG","icao":"CYCG","type":"medium_airport","tier":"limited","longest_ft":5300,"longest_paved_ft":5300,"longest_hard_ft":5300,"municipality":"Castlegar","iso_country":"CA","iso_region":"CA-BC"}},{"type":"Feature","geometry":{"type":"Point","coordinates":[-65.449203,47.007801]},"properties":{"name":"Miramichi Airport","iata":"YCH","icao":"CYCH","type":"medium_airport","tier":"major","longest_ft":10006,"longest_paved_ft":10006,"longest_hard_ft":10006,"municipality":"Miramichi","iso_country":"CA","iso_region":"CA-NB"}},{"type":"Feature","geometry":{"type":"Point","coordinates":[-66.330299,47.990799]},"properties":{"name":"Charlo Airport","iata":"YCL","icao":"CYCL","type":"medium_airport","tier":"standard","longest_ft":6000,"longest_paved_ft":6000,"longest_hard_ft":6000,"municipality":"Charlo","iso_country":"CA","iso_region":"CA-NB"}},{"type":"Feature","geometry":{"type":"Point","coordinates":[-81.01360321044922,49.10559844970703]},"properties":{"name":"Cochrane Airport","iata":"YCN","icao":"CYCN","type":"medium_airport","tier":"limited","longest_ft":4500,"longest_paved_ft":4500,"longest_hard_ft":4500,"municipality":"Cochrane","iso_country":"CA","iso_region":"CA-ON"}},{"type":"Feature","geometry":{"type":"Point","coordinates":[-119.28299713134766,52.11669921875]},"properties":{"name":"Blue River Airport","iata":"","icao":"CYCP","type":"medium_airport","tier":"limited","longest_ft":5000,"longest_paved_ft":5000,"longest_hard_ft":5000,"municipality":"Blue River","iso_country":"CA","iso_region":"CA-BC"}},{"type":"Feature","geometry":{"type":"Point","coordinates":[-121.62699890136719,55.687198638916016]},"properties":{"name":"Chetwynd Airport","iata":"YCQ","icao":"CYCQ","type":"medium_airport","tier":"limited","longest_ft":4484,"longest_paved_ft":4484,"longest_hard_ft":4484,"municipality":"Chetwynd","iso_country":"CA","iso_region":"CA-BC"}},{"type":"Feature","geometry":{"type":"Point","coordinates":[-115.873739,50.331052]},"properties":{"name":"Fairmont Hot Springs Airport","iata":"YCZ","icao":"CYCZ","type":"small_airport","tier":"standard","longest_ft":6005,"longest_paved_ft":6005,"longest_hard_ft":6005,"municipality":"Fairmont Hot Springs","iso_country":"CA","iso_region":"CA-BC"}},{"type":"Feature","geometry":{"type":"Point","coordinates":[-139.1280059814453,64.04309844970703]},"properties":{"name":"Dawson City Airport","iata":"YDA","icao":"CYDA","type":"medium_airport","tier":"limited","longest_ft":5000,"longest_paved_ft":5000,"longest_hard_ft":5000,"municipality":"Dawson City","iso_country":"CA","iso_region":"CA-YT"}},{"type":"Feature","geometry":{"type":"Point","coordinates":[-57.396147,49.208159]},"properties":{"name":"Deer Lake Airport","iata":"YDF","icao":"CYDF","type":"medium_airport","tier":"major","longest_ft":8005,"longest_paved_ft":8005,"longest_hard_ft":8005,"municipality":"Deer Lake","iso_country":"CA","iso_region":"CA-NL"}},{"type":"Feature","geometry":{"type":"Point","coordinates":[-130.031998,58.422199]},"properties":{"name":"Dease Lake Airport","iata":"YDL","icao":"CYDL","type":"small_airport","tier":"standard","longest_ft":6000,"longest_paved_ft":6000,"longest_hard_ft":6000,"municipality":"Dease Lake","iso_country":"CA","iso_region":"CA-BC"}},{"type":"Feature","geometry":{"type":"Point","coordinates":[-132.42300415,61.9706001282]},"properties":{"name":"Ross River Airport","iata":"XRR","icao":"CYDM","type":"medium_airport","tier":"limited","longest_ft":5000,"longest_paved_ft":0,"longest_hard_ft":5000,"municipality":"Ross River","iso_country":"CA","iso_region":"CA-YT"}},{"type":"Feature","geometry":{"type":"Point","coordinates":[-100.052002,51.1008]},"properties":{"name":"Dauphin Barker Airport","iata":"YDN","icao":"CYDN","type":"medium_airport","tier":"limited","longest_ft":5000,"longest_paved_ft":5000,"longest_hard_ft":5000,"municipality":"Dauphin","iso_country":"CA","iso_region":"CA-MB"}},{"type":"Feature","geometry":{"type":"Point","coordinates":[-72.375,48.7785]},"properties":{"name":"Dolbeau-Saint-Felicien Airport","iata":"YDO","icao":"CYDO","type":"medium_airport","tier":"limited","longest_ft":4971,"longest_paved_ft":4971,"longest_hard_ft":4971,"municipality":"Dolbeau-Saint-Felicien","iso_country":"CA","iso_region":"CA-QC"}},{"type":"Feature","geometry":{"type":"Point","coordinates":[-120.183263,55.741245]},"properties":{"name":"Dawson Creek Airport","iata":"YDQ","icao":"CYDQ","type":"medium_airport","tier":"limited","longest_ft":5001,"longest_paved_ft":5001,"longest_hard_ft":5001,"municipality":"Dawson Creek","iso_country":"CA","iso_region":"CA-BC"}},{"type":"Feature","geometry":{"type":"Point","coordinates":[-113.580002,53.3097]},"properties":{"name":"Edmonton International Airport","iata":"YEG","icao":"CYEG","type":"large_airport","tier":"major","longest_ft":11000,"longest_paved_ft":11000,"longest_hard_ft":11000,"municipality":"Edmonton","iso_country":"CA","iso_region":"CA-AB"}},{"type":"Feature","geometry":{"type":"Point","coordinates":[-82.5614013672,46.351398468]},"properties":{"name":"Elliot Lake Municipal Airport","iata":"YEL","icao":"CYEL","type":"medium_airport","tier":"limited","longest_ft":4500,"longest_paved_ft":4500,"longest_hard_ft":4500,"municipality":"Elliot Lake","iso_country":"CA","iso_region":"CA-ON"}},{"type":"Feature","geometry":{"type":"Point","coordinates":[-102.966003418,49.2103004456]},"properties":{"name":"Estevan Airport","iata":"YEN","icao":"CYEN","type":"medium_airport","tier":"limited","longest_ft":5000,"longest_paved_ft":5000,"longest_hard_ft":5000,"municipality":"Estevan","iso_country":"CA","iso_region":"CA-SK"}},{"type":"Feature","geometry":{"type":"Point","coordinates":[-68.477732,47.487208]},"properties":{"name":"Edmundston Airport","iata":"","icao":"CYES","type":"small_airport","tier":"limited","longest_ft":4499,"longest_paved_ft":4499,"longest_hard_ft":4499,"municipality":"Edmundston","iso_country":"CA","iso_region":"CA-NB"}},{"type":"Feature","geometry":{"type":"Point","coordinates":[-116.464996338,53.578899383499994]},"properties":{"name":"Edson Airport","iata":"YET","icao":"CYET","type":"medium_airport","tier":"standard","longest_ft":6000,"longest_paved_ft":6000,"longest_hard_ft":6000,"municipality":"Edson","iso_country":"CA","iso_region":"CA-AB"}},{"type":"Feature","geometry":{"type":"Point","coordinates":[-133.483001709,68.30419921880001]},"properties":{"name":"Inuvik Mike Zubko Airport","iata":"YEV","icao":"CYEV","type":"medium_airport","tier":"standard","longest_ft":6000,"longest_paved_ft":6000,"longest_hard_ft":6000,"municipality":"Inuvik","iso_country":"CA","iso_region":"CA-NT"}},{"type":"Feature","geometry":{"type":"Point","coordinates":[-78.249702,48.563903]},"properties":{"name":"Amos/Magny Airport","iata":"YEY","icao":"CYEY","type":"medium_airport","tier":"limited","longest_ft":5000,"longest_paved_ft":5000,"longest_hard_ft":5000,"municipality":"Amos","iso_country":"CA","iso_region":"CA-QC"}},{"type":"Feature","geometry":{"type":"Point","coordinates":[-68.555801,63.756402]},"properties":{"name":"Iqaluit Airport","iata":"YFB","icao":"CYFB","type":"medium_airport","tier":"major","longest_ft":8605,"longest_paved_ft":8605,"longest_hard_ft":8605,"municipality":"Iqaluit","iso_country":"CA","iso_region":"CA-NU"}},{"type":"Feature","geometry":{"type":"Point","coordinates":[-66.529891,45.868697]},"properties":{"name":"Fredericton International Airport","iata":"YFC","icao":"CYFC","type":"medium_airport","tier":"major","longest_ft":8005,"longest_paved_ft":8005,"longest_hard_ft":8005,"municipality":"Fredericton","iso_country":"CA","iso_region":"CA-NB"}},{"type":"Feature","geometry":{"type":"Point","coordinates":[-69.09719848632812,48.74610137939453]},"properties":{"name":"Forestville Airport","iata":"YFE","icao":"CYFE","type":"medium_airport","tier":"limited","longest_ft":5000,"longest_paved_ft":5000,"longest_hard_ft":5000,"municipality":"Forestville","iso_country":"CA","iso_region":"CA-QC"}},{"type":"Feature","geometry":{"type":"Point","coordinates":[-74.779999,46.409401]},"properties":{"name":"Mont-Tremblant International Airport","iata":"YTM","icao":"CYFJ","type":"medium_airport","tier":"limited","longest_ft":5587,"longest_paved_ft":5587,"longest_hard_ft":5587,"municipality":"La Macaza","iso_country":"CA","iso_region":"CA-QC"}},{"type":"Feature","geometry":{"type":"Point","coordinates":[-101.681999,54.678101]},"properties":{"name":"Flin Flon Airport","iata":"YFO","icao":"CYFO","type":"small_airport","tier":"limited","longest_ft":5004,"longest_paved_ft":5004,"longest_hard_ft":5004,"municipality":"Flin Flon","iso_country":"CA","iso_region":"CA-MB"}},{"type":"Feature","geometry":{"type":"Point","coordinates":[-121.23699951171875,61.76020050048828]},"properties":{"name":"Fort Simpson Airport","iata":"YFS","icao":"CYFS","type":"medium_airport","tier":"standard","longest_ft":6000,"longest_paved_ft":6000,"longest_hard_ft":6000,"municipality":"Fort Simpson","iso_country":"CA","iso_region":"CA-NT"}},{"type":"Feature","geometry":{"type":"Point","coordinates":[-116.982002,51.299196]},"properties":{"name":"Golden Airport","iata":"","icao":"CYGE","type":"medium_airport","tier":"limited","longest_ft":4500,"longest_paved_ft":4500,"longest_hard_ft":4500,"municipality":"Golden","iso_country":"CA","iso_region":"CA-BC"}},{"type":"Feature","geometry":{"type":"Point","coordinates":[-77.7042007446289,53.625301361083984]},"properties":{"name":"La Grande Rivi\u00e8re Airport","iata":"YGL","icao":"CYGL","type":"medium_airport","tier":"standard","longest_ft":6500,"longest_paved_ft":6500,"longest_hard_ft":6500,"municipality":"La Grande Rivi\u00e8re","iso_country":"CA","iso_region":"CA-QC"}},{"type":"Feature","geometry":{"type":"Point","coordinates":[-97.04329681396484,50.62810134887695]},"properties":{"name":"Gimli Industrial Park Airport","iata":"YGM","icao":"CYGM","type":"medium_airport","tier":"standard","longest_ft":6800,"longest_paved_ft":6800,"longest_hard_ft":6800,"municipality":"Gimli","iso_country":"CA","iso_region":"CA-MB"}},{"type":"Feature","geometry":{"type":"Point","coordinates":[-64.481893,48.774915]},"properties":{"name":"Michel-Pouliot Gasp\u00e9 Airport","iata":"YGP","icao":"CYGP","type":"medium_airport","tier":"limited","longest_ft":5488,"longest_paved_ft":5488,"longest_hard_ft":5488,"municipality":"Gasp\u00e9","iso_country":"CA","iso_region":"CA-QC"}},{"type":"Feature","geometry":{"type":"Point","coordinates":[-86.93939971923828,49.77830123901367]},"properties":{"name":"Geraldton Greenstone Regional Airport","iata":"YGQ","icao":"CYGQ","type":"medium_airport","tier":"limited","longest_ft":5000,"longest_paved_ft":5000,"longest_hard_ft":5000,"municipality":"Geraldton","iso_country":"CA","iso_region":"CA-ON"}},{"type":"Feature","geometry":{"type":"Point","coordinates":[-61.778612,47.425242]},"properties":{"name":"\u00celes-de-la-Madeleine Airport","iata":"YGR","icao":"CYGR","type":"medium_airport","tier":"limited","longest_ft":4500,"longest_paved_ft":4500,"longest_hard_ft":4500,"municipality":"Les \u00celes-de-la-Madeleine","iso_country":"CA","iso_region":"CA-QC"}},{"type":"Feature","geometry":{"type":"Point","coordinates":[-81.816101,69.3647]},"properties":{"name":"Igloolik Airport","iata":"YGT","icao":"CYGT","type":"small_airport","tier":"limited","longest_ft":4095,"longest_paved_ft":0,"longest_hard_ft":4095,"municipality":"Igloolik","iso_country":"CA","iso_region":"CA-NU"}},{"type":"Feature","geometry":{"type":"Point","coordinates":[-63.611401,50.281898]},"properties":{"name":"Havre-Saint-Pierre Airport","iata":"YGV","icao":"CYGV","type":"medium_airport","tier":"limited","longest_ft":4500,"longest_paved_ft":4500,"longest_hard_ft":4500,"municipality":"Havre-Saint-Pierre","iso_country":"CA","iso_region":"CA-QC"}},{"type":"Feature","geometry":{"type":"Point","coordinates":[-77.76529693603516,55.281898498535156]},"properties":{"name":"Kuujjuarapik Airport","iata":"YGW","icao":"CYGW","type":"medium_airport","tier":"limited","longest_ft":5052,"longest_paved_ft":0,"longest_hard_ft":5052,"municipality":"Kuujjuarapik","iso_country":"CA","iso_region":"CA-QC"}},{"type":"Feature","geometry":{"type":"Point","coordinates":[-94.711504,56.35712]},"properties":{"name":"Gillam Airport","iata":"YGX","icao":"CYGX","type":"small_airport","tier":"limited","longest_ft":5000,"longest_paved_ft":0,"longest_hard_ft":5000,"municipality":"Gillam","iso_country":"CA","iso_region":"CA-MB"}},{"type":"Feature","geometry":{"type":"Point","coordinates":[-102.310997009,52.8166999817]},"properties":{"name":"Hudson Bay Airport","iata":"YHB","icao":"CYHB","type":"small_airport","tier":"limited","longest_ft":5000,"longest_paved_ft":5000,"longest_hard_ft":5000,"municipality":"Hudson Bay","iso_country":"CA","iso_region":"CA-SK"}},{"type":"Feature","geometry":{"type":"Point","coordinates":[-92.744202,49.831699]},"properties":{"name":"Dryden Regional Airport","iata":"YHD","icao":"CYHD","type":"medium_airport","tier":"limited","longest_ft":5993,"longest_paved_ft":5993,"longest_hard_ft":5993,"municipality":"Dryden","iso_country":"CA","iso_region":"CA-ON"}},{"type":"Feature","geometry":{"type":"Point","coordinates":[-83.68609619140625,49.71419906616211]},"properties":{"name":"Hearst Ren\u00e9 Fontaine Municipal Airport","iata":"YHF","icao":"CYHF","type":"medium_airport","tier":"limited","longest_ft":4500,"longest_paved_ft":4500,"longest_hard_ft":4500,"municipality":"Hearst","iso_country":"CA","iso_region":"CA-ON"}},{"type":"Feature","geometry":{"type":"Point","coordinates":[-76.135597,51.691101]},"properties":{"name":"Nemiscau Airport","iata":"YNS","icao":"CYHH","type":"small_airport","tier":"limited","longest_ft":5000,"longest_paved_ft":0,"longest_hard_ft":5000,"municipality":"Nemiscau","iso_country":"CA","iso_region":"CA-QC"}},{"type":"Feature","geometry":{"type":"Point","coordinates":[-137.546005,60.7892]},"properties":{"name":"Haines Junction Airport","iata":"YHT","icao":"CYHT","type":"medium_airport","tier":"limited","longest_ft":5000,"longest_paved_ft":0,"longest_hard_ft":5000,"municipality":"Haines Junction","iso_country":"CA","iso_region":"CA-YT"}},{"type":"Feature","geometry":{"type":"Point","coordinates":[-73.416901,45.517502]},"properties":{"name":"Montr\u00e9al / Saint-Hubert Metropolitan Airport","iata":"YHU","icao":"CYHU","type":"medium_airport","tier":"standard","longest_ft":7840,"longest_paved_ft":7840,"longest_hard_ft":7840,"municipality":"Montr\u00e9al","iso_country":"CA","iso_region":"CA-QC"}},{"type":"Feature","geometry":{"type":"Point","coordinates":[-115.782997131,60.8396987915]},"properties":{"name":"Hay River / Merlyn Carter Airport","iata":"YHY","icao":"CYHY","type":"medium_airport","tier":"standard","longest_ft":6000,"longest_paved_ft":6000,"longest_hard_ft":6000,"municipality":"Hay River","iso_country":"CA","iso_region":"CA-NT"}},{"type":"Feature","geometry":{"type":"Point","coordinates":[-63.5085983276,44.8807983398]},"properties":{"name":"Halifax / Stanfield International Airport","iata":"YHZ","icao":"CYHZ","type":"large_airport","tier":"major","longest_ft":10500,"longest_paved_ft":10500,"longest_hard_ft":10500,"municipality":"Halifax","iso_country":"CA","iso_region":"CA-NS"}},{"type":"Feature","geometry":{"type":"Point","coordinates":[-58.658298,51.2117]},"properties":{"name":"St Augustin Airport","iata":"YIF","icao":"CYIF","type":"medium_airport","tier":"limited","longest_ft":4590,"longest_paved_ft":4590,"longest_hard_ft":4590,"municipality":"St-Augustin","iso_country":"CA","iso_region":"CA-QC"}},{"type":"Feature","geometry":{"type":"Point","coordinates":[-124.26300048828125,54.39720153808594]},"properties":{"name":"Fort St James Airport","iata":"","icao":"CYJM","type":"small_airport","tier":"limited","longest_ft":4000,"longest_paved_ft":4000,"longest_hard_ft":4000,"municipality":"Fort St. James","iso_country":"CA","iso_region":"CA-BC"}},{"type":"Feature","geometry":{"type":"Point","coordinates":[-73.28109741210938,45.29439926147461]},"properties":{"name":"St Jean Airport","iata":"YJN","icao":"CYJN","type":"medium_airport","tier":"limited","longest_ft":4000,"longest_paved_ft":4000,"longest_hard_ft":4000,"municipality":"St Jean","iso_country":"CA","iso_region":"CA-QC"}},{"type":"Feature","geometry":{"type":"Point","coordinates":[-58.552892,48.54339]},"properties":{"name":"Stephenville Dymond International Airport","iata":"YJT","icao":"CYJT","type":"medium_airport","tier":"major","longest_ft":10000,"longest_paved_ft":10000,"longest_hard_ft":10000,"municipality":"Stephenville","iso_country":"CA","iso_region":"CA-NL"}},{"type":"Feature","geometry":{"type":"Point","coordinates":[-120.448641,50.703038]},"properties":{"name":"Kamloops John Moose Fulton Field Regional Airport","iata":"YKA","icao":"CYKA","type":"medium_airport","tier":"major","longest_ft":8000,"longest_paved_ft":8000,"longest_hard_ft":8000,"municipality":"Kamloops","iso_country":"CA","iso_region":"CA-BC"}},{"type":"Feature","geometry":{"type":"Point","coordinates":[-103.678001404,58.236099243199995]},"properties":{"name":"Collins Bay Airport","iata":"YKC","icao":"CYKC","type":"small_airport","tier":"limited","longest_ft":5200,"longest_paved_ft":0,"longest_hard_ft":5200,"municipality":"Collins Bay","iso_country":"CA","iso_region":"CA-SK"}},{"type":"Feature","geometry":{"type":"Point","coordinates":[-105.61799621582031,57.256099700927734]},"properties":{"name":"Key Lake Airport","iata":"YKJ","icao":"CYKJ","type":"medium_airport","tier":"limited","longest_ft":5200,"longest_paved_ft":0,"longest_hard_ft":5200,"municipality":"Key Lake","iso_country":"CA","iso_region":"CA-SK"}},{"type":"Feature","geometry":{"type":"Point","coordinates":[-66.8052978515625,54.805301666259766]},"properties":{"name":"Schefferville Airport","iata":"YKL","icao":"CYKL","type":"medium_airport","tier":"limited","longest_ft":5000,"longest_paved_ft":5000,"longest_hard_ft":5000,"municipality":"Schefferville","iso_country":"CA","iso_region":"CA-QC"}},{"type":"Feature","geometry":{"type":"Point","coordinates":[-79.98139953613281,48.21030044555664]},"properties":{"name":"Kirkland Lake Airport","iata":"YKX","icao":"CYKX","type":"medium_airport","tier":"limited","longest_ft":4500,"longest_paved_ft":4500,"longest_hard_ft":4500,"municipality":"Kirkland Lake","iso_country":"CA","iso_region":"CA-ON"}},{"type":"Feature","geometry":{"type":"Point","coordinates":[-112.031997681,54.7703018188]},"properties":{"name":"Lac La Biche Airport","iata":"YLB","icao":"CYLB","type":"small_airport","tier":"limited","longest_ft":5700,"longest_paved_ft":5700,"longest_hard_ft":5700,"municipality":"Lac La Biche","iso_country":"CA","iso_region":"CA-AB"}},{"type":"Feature","geometry":{"type":"Point","coordinates":[-83.3467025756836,47.81999969482422]},"properties":{"name":"Chapleau Airport","iata":"YLD","icao":"CYLD","type":"medium_airport","tier":"limited","longest_ft":5000,"longest_paved_ft":5000,"longest_hard_ft":5000,"municipality":"Chapleau","iso_country":"CA","iso_region":"CA-ON"}},{"type":"Feature","geometry":{"type":"Point","coordinates":[-108.52300262451172,54.125301361083984]},"properties":{"name":"Meadow Lake Airport","iata":"YLJ","icao":"CYLJ","type":"medium_airport","tier":"limited","longest_ft":5000,"longest_paved_ft":5000,"longest_hard_ft":5000,"municipality":"Meadow Lake","iso_country":"CA","iso_region":"CA-SK"}},{"type":"Feature","geometry":{"type":"Point","coordinates":[-110.072998,53.3092]},"properties":{"name":"Lloydminster Airport","iata":"YLL","icao":"CYLL","type":"medium_airport","tier":"limited","longest_ft":5577,"longest_paved_ft":5577,"longest_hard_ft":5577,"municipality":"Lloydminster","iso_country":"CA","iso_region":"CA-AB"}},{"type":"Feature","geometry":{"type":"Point","coordinates":[-72.7889022827,47.4096984863]},"properties":{"name":"La Tuque Airport","iata":"YLQ","icao":"CYLQ","type":"small_airport","tier":"limited","longest_ft":5000,"longest_paved_ft":5000,"longest_hard_ft":5000,"municipality":"La Tuque","iso_country":"CA","iso_region":"CA-QC"}},{"type":"Feature","geometry":{"type":"Point","coordinates":[-119.377998,49.9561]},"properties":{"name":"Kelowna International Airport","iata":"YLW","icao":"CYLW","type":"large_airport","tier":"major","longest_ft":8900,"longest_paved_ft":8900,"longest_hard_ft":8900,"municipality":"Kelowna","iso_country":"CA","iso_region":"CA-BC"}},{"type":"Feature","geometry":{"type":"Point","coordinates":[-67.45330047607422,48.85689926147461]},"properties":{"name":"Matane Airport","iata":"YME","icao":"CYME","type":"medium_airport","tier":"limited","longest_ft":5500,"longest_paved_ft":5500,"longest_hard_ft":5500,"municipality":"Matane","iso_country":"CA","iso_region":"CA-QC"}},{"type":"Feature","geometry":{"type":"Point","coordinates":[-105.55899810791016,50.330299377441406]},"properties":{"name":"Moose Jaw Air Vice Marshal C. M. McEwen Airport","iata":"YMJ","icao":"CYMJ","type":"medium_airport","tier":"major","longest_ft":8326,"longest_paved_ft":8326,"longest_hard_ft":8326,"municipality":"Moose Jaw","iso_country":"CA","iso_region":"CA-SK"}},{"type":"Feature","geometry":{"type":"Point","coordinates":[-70.2238998413086,47.59749984741211]},"properties":{"name":"Charlevoix Airport","iata":"YML","icao":"CYML","type":"medium_airport","tier":"limited","longest_ft":4501,"longest_paved_ft":4501,"longest_hard_ft":4501,"municipality":"Charlevoix","iso_country":"CA","iso_region":"CA-QC"}},{"type":"Feature","geometry":{"type":"Point","coordinates":[-111.222,56.653301]},"properties":{"name":"Fort McMurray International Airport","iata":"YMM","icao":"CYMM","type":"medium_airport","tier":"standard","longest_ft":7503,"longest_paved_ft":7503,"longest_hard_ft":7503,"municipality":"Fort McMurray","iso_country":"CA","iso_region":"CA-AB"}},{"type":"Feature","geometry":{"type":"Point","coordinates":[-74.5280990600586,49.77190017700195]},"properties":{"name":"Chapais Airport","iata":"YMT","icao":"CYMT","type":"medium_airport","tier":"standard","longest_ft":6496,"longest_paved_ft":6496,"longest_hard_ft":6496,"municipality":"Chibougamau","iso_country":"CA","iso_region":"CA-QC"}},{"type":"Feature","geometry":{"type":"Point","coordinates":[-75.990601,46.2728]},"properties":{"name":"Maniwaki Airport","iata":"YMW","icao":"CYMW","type":"small_airport","tier":"limited","longest_ft":4920,"longest_paved_ft":4920,"longest_hard_ft":4920,"municipality":"Messines","iso_country":"CA","iso_region":"CA-QC"}},{"type":"Feature","geometry":{"type":"Point","coordinates":[-74.038696,45.679501]},"properties":{"name":"Montreal Mirabel International Airport","iata":"YMX","icao":"CYMX","type":"medium_airport","tier":"major","longest_ft":12000,"longest_paved_ft":12000,"longest_hard_ft":12000,"municipality":"Montr\u00e9al","iso_country":"CA","iso_region":"CA-QC"}},{"type":"Feature","geometry":{"type":"Point","coordinates":[-61.78898,50.190114]},"properties":{"name":"Natashquan Airport","iata":"YNA","icao":"CYNA","type":"medium_airport","tier":"limited","longest_ft":4494,"longest_paved_ft":4494,"longest_hard_ft":4494,"municipality":"Natashquan","iso_country":"CA","iso_region":"CA-QC"}},{"type":"Feature","geometry":{"type":"Point","coordinates":[-75.563599,45.521702]},"properties":{"name":"Ottawa / Gatineau Airport","iata":"YND","icao":"CYND","type":"medium_airport","tier":"standard","longest_ft":6000,"longest_paved_ft":6000,"longest_hard_ft":6000,"municipality":"Gatineau","iso_country":"CA","iso_region":"CA-QC"}},{"type":"Feature","geometry":{"type":"Point","coordinates":[-121.978326,56.035142]},"properties":{"name":"Hudson's Hope Airport","iata":"YNH","icao":"CYNH","type":"small_airport","tier":"limited","longest_ft":5200,"longest_paved_ft":5200,"longest_hard_ft":5200,"municipality":"Hudson's Hope","iso_country":"CA","iso_region":"CA-BC"}},{"type":"Feature","geometry":{"type":"Point","coordinates":[-104.08200073242188,58.27669906616211]},"properties":{"name":"Points North Landing Airport","iata":"YNL","icao":"CYNL","type":"medium_airport","tier":"limited","longest_ft":6000,"longest_paved_ft":0,"longest_hard_ft":6000,"municipality":"Points North Landing","iso_country":"CA","iso_region":"CA-SK"}},{"type":"Feature","geometry":{"type":"Point","coordinates":[-77.80280303955078,49.76169967651367]},"properties":{"name":"Matagami Airport","iata":"YNM","icao":"CYNM","type":"medium_airport","tier":"limited","longest_ft":5000,"longest_paved_ft":5000,"longest_hard_ft":5000,"municipality":"Matagami","iso_country":"CA","iso_region":"CA-QC"}},{"type":"Feature","geometry":{"type":"Point","coordinates":[-110.27899932861328,54.404998779296875]},"properties":{"name":"CFB Cold Lake","iata":"YOD","icao":"CYOD","type":"medium_airport","tier":"major","longest_ft":12600,"longest_paved_ft":12600,"longest_hard_ft":12600,"municipality":"Cold Lake","iso_country":"CA","iso_region":"CA-AB"}},{"type":"Feature","geometry":{"type":"Point","coordinates":[-117.16500091552734,58.62139892578125]},"properties":{"name":"High Level Airport","iata":"YOJ","icao":"CYOJ","type":"medium_airport","tier":"limited","longest_ft":5000,"longest_paved_ft":5000,"longest_hard_ft":5000,"municipality":"High Level","iso_country":"CA","iso_region":"CA-AB"}},{"type":"Feature","geometry":{"type":"Point","coordinates":[-119.407997,58.491402]},"properties":{"name":"Rainbow Lake Airport","iata":"YOP","icao":"CYOP","type":"medium_airport","tier":"limited","longest_ft":4539,"longest_paved_ft":4539,"longest_hard_ft":4539,"municipality":"Rainbow Lake","iso_country":"CA","iso_region":"CA-AB"}},{"type":"Feature","geometry":{"type":"Point","coordinates":[-105.672996521,53.214199066199996]},"properties":{"name":"Prince Albert Glass Field","iata":"YPA","icao":"CYPA","type":"medium_airport","tier":"limited","longest_ft":5000,"longest_paved_ft":5000,"longest_hard_ft":5000,"municipality":"Prince Albert","iso_country":"CA","iso_region":"CA-SK"}},{"type":"Feature","geometry":{"type":"Point","coordinates":[-61.3680992126,45.6567001343]},"properties":{"name":"Port Hawkesbury Airport","iata":"YPS","icao":"CYPD","type":"medium_airport","tier":"limited","longest_ft":5000,"longest_paved_ft":5000,"longest_hard_ft":5000,"municipality":"Port Hawkesbury","iso_country":"CA","iso_region":"CA-NS"}},{"type":"Feature","geometry":{"type":"Point","coordinates":[-117.446999,56.226898]},"properties":{"name":"Peace River Airport","iata":"YPE","icao":"CYPE","type":"medium_airport","tier":"limited","longest_ft":5000,"longest_paved_ft":5000,"longest_hard_ft":5000,"municipality":"Peace River","iso_country":"CA","iso_region":"CA-AB"}},{"type":"Feature","geometry":{"type":"Point","coordinates":[-98.273817,49.903099]},"properties":{"name":"Portage-la-Prairie / Southport Airport","iata":"YPG","icao":"CYPG","type":"medium_airport","tier":"standard","longest_ft":7000,"longest_paved_ft":7000,"longest_hard_ft":7000,"municipality":"Portage la Prairie","iso_country":"CA","iso_region":"CA-MB"}},{"type":"Feature","geometry":{"type":"Point","coordinates":[-122.709294,49.21488]},"properties":{"name":"Pitt Meadows Regional Airport","iata":"","icao":"CYPK","type":"medium_airport","tier":"limited","longest_ft":5003,"longest_paved_ft":5003,"longest_hard_ft":5003,"municipality":"Pitt Meadows","iso_country":"CA","iso_region":"CA-BC"}},{"type":"Feature","geometry":{"type":"Point","coordinates":[-90.21420288085938,51.4463996887207]},"properties":{"name":"Pickle Lake Airport","iata":"YPL","icao":"CYPL","type":"medium_airport","tier":"limited","longest_ft":4921,"longest_paved_ft":4921,"longest_hard_ft":4921,"municipality":"Pickle Lake","iso_country":"CA","iso_region":"CA-ON"}},{"type":"Feature","geometry":{"type":"Point","coordinates":[-64.288597,49.836399]},"properties":{"name":"Port-Menier Airport","iata":"YPN","icao":"CYPN","type":"medium_airport","tier":"limited","longest_ft":4886,"longest_paved_ft":4886,"longest_hard_ft":4886,"municipality":"Port-Menier","iso_country":"CA","iso_region":"CA-QC"}},{"type":"Feature","geometry":{"type":"Point","coordinates":[-124.1449966430664,52.11280059814453]},"properties":{"name":"Puntzi Mountain Airport","iata":"","icao":"CYPU","type":"small_airport","tier":"standard","longest_ft":6012,"longest_paved_ft":6012,"longest_hard_ft":6012,"municipality":"Puntzi Mountain","iso_country":"CA","iso_region":"CA-BC"}},{"type":"Feature","geometry":{"type":"Point","coordinates":[-111.11699676513672,58.7672004699707]},"properties":{"name":"Fort Chipewyan Airport","iata":"YPY","icao":"CYPY","type":"medium_airport","tier":"limited","longest_ft":5000,"longest_paved_ft":5000,"longest_hard_ft":5000,"municipality":"Fort Chipewyan","iso_country":"CA","iso_region":"CA-AB"}},{"type":"Feature","geometry":{"type":"Point","coordinates":[-125.950996,54.3764]},"properties":{"name":"Burns Lake Airport","iata":"YPZ","icao":"CYPZ","type":"medium_airport","tier":"limited","longest_ft":5000,"longest_paved_ft":5000,"longest_hard_ft":5000,"municipality":"Burns Lake","iso_country":"CA","iso_region":"CA-BC"}},{"type":"Feature","geometry":{"type":"Point","coordinates":[-71.393303,46.7911]},"properties":{"name":"Quebec Jean Lesage International Airport","iata":"YQB","icao":"CYQB","type":"large_airport","tier":"major","longest_ft":9000,"longest_paved_ft":9000,"longest_hard_ft":9000,"municipality":"Quebec","iso_country":"CA","iso_region":"CA-QC"}},{"type":"Feature","geometry":{"type":"Point","coordinates":[-101.09100341796875,53.97140121459961]},"properties":{"name":"The Pas Airport","iata":"YQD","icao":"CYQD","type":"medium_airport","tier":"limited","longest_ft":5901,"longest_paved_ft":5901,"longest_hard_ft":5901,"municipality":"The Pas","iso_country":"CA","iso_region":"CA-MB"}},{"type":"Feature","geometry":{"type":"Point","coordinates":[-113.893997,52.182201]},"properties":{"name":"Red Deer Regional Airport","iata":"YQF","icao":"CYQF","type":"medium_airport","tier":"standard","longest_ft":7500,"longest_paved_ft":7500,"longest_hard_ft":7500,"municipality":"Springbrook","iso_country":"CA","iso_region":"CA-AB"}},{"type":"Feature","geometry":{"type":"Point","coordinates":[-128.821993,60.116839]},"properties":{"name":"Watson Lake Airport","iata":"YQH","icao":"CYQH","type":"medium_airport","tier":"limited","longest_ft":5504,"longest_paved_ft":5504,"longest_hard_ft":5504,"municipality":"Watson Lake","iso_country":"CA","iso_region":"CA-YT"}},{"type":"Feature","geometry":{"type":"Point","coordinates":[-66.08809661865234,43.826900482177734]},"properties":{"name":"Yarmouth Airport","iata":"YQI","icao":"CYQI","type":"medium_airport","tier":"standard","longest_ft":6000,"longest_paved_ft":6000,"longest_hard_ft":6000,"municipality":"Yarmouth","iso_country":"CA","iso_region":"CA-NS"}},{"type":"Feature","geometry":{"type":"Point","coordinates":[-94.36309814453125,49.788299560546875]},"properties":{"name":"Kenora Airport","iata":"YQK","icao":"CYQK","type":"medium_airport","tier":"limited","longest_ft":5800,"longest_paved_ft":5800,"longest_hard_ft":5800,"municipality":"Kenora","iso_country":"CA","iso_region":"CA-ON"}},{"type":"Feature","geometry":{"type":"Point","coordinates":[-112.800003052,49.6302986145]},"properties":{"name":"Lethbridge County Airport","iata":"YQL","icao":"CYQL","type":"medium_airport","tier":"standard","longest_ft":6500,"longest_paved_ft":6500,"longest_hard_ft":6500,"municipality":"Lethbridge","iso_country":"CA","iso_region":"CA-AB"}},{"type":"Feature","geometry":{"type":"Point","coordinates":[-64.67719,46.113189]},"properties":{"name":"Greater Moncton Rom\u00e9o LeBlanc International Airport","iata":"YQM","icao":"CYQM","type":"medium_airport","tier":"major","longest_ft":10001,"longest_paved_ft":10001,"longest_hard_ft":10001,"municipality":"Moncton","iso_country":"CA","iso_region":"CA-NB"}},{"type":"Feature","geometry":{"type":"Point","coordinates":[-124.887001,49.7108]},"properties":{"name":"Comox Valley International Airport / CFB Comox","iata":"YQQ","icao":"CYQQ","type":"medium_airport","tier":"major","longest_ft":10000,"longest_paved_ft":10000,"longest_hard_ft":10000,"municipality":"Comox","iso_country":"CA","iso_region":"CA-BC"}},{"type":"Feature","geometry":{"type":"Point","coordinates":[-104.660906,50.431938]},"properties":{"name":"Regina International Airport","iata":"YQR","icao":"CYQR","type":"medium_airport","tier":"standard","longest_ft":7900,"longest_paved_ft":7900,"longest_hard_ft":7900,"municipality":"Regina","iso_country":"CA","iso_region":"CA-SK"}},{"type":"Feature","geometry":{"type":"Point","coordinates":[-89.323898,48.371899]},"properties":{"name":"Thunder Bay International Airport","iata":"YQT","icao":"CYQT","type":"medium_airport","tier":"standard","longest_ft":7318,"longest_paved_ft":7318,"longest_hard_ft":7318,"municipality":"Thunder Bay","iso_country":"CA","iso_region":"CA-ON"}},{"type":"Feature","geometry":{"type":"Point","coordinates":[-118.885002136,55.1796989441]},"properties":{"name":"Grande Prairie Airport","iata":"YQU","icao":"CYQU","type":"medium_airport","tier":"major","longest_ft":8502,"longest_paved_ft":8502,"longest_hard_ft":8502,"municipality":"Grande Prairie","iso_country":"CA","iso_region":"CA-AB"}},{"type":"Feature","geometry":{"type":"Point","coordinates":[-102.461998,51.264702]},"properties":{"name":"Yorkton Municipal Airport","iata":"YQV","icao":"CYQV","type":"medium_airport","tier":"limited","longest_ft":4800,"longest_paved_ft":4800,"longest_hard_ft":4800,"municipality":"Yorkton","iso_country":"CA","iso_region":"CA-SK"}},{"type":"Feature","geometry":{"type":"Point","coordinates":[-108.243742,52.769409]},"properties":{"name":"North Battleford Airport","iata":"YQW","icao":"CYQW","type":"medium_airport","tier":"limited","longest_ft":5000,"longest_paved_ft":5000,"longest_hard_ft":5000,"municipality":"North Battleford","iso_country":"CA","iso_region":"CA-SK"}},{"type":"Feature","geometry":{"type":"Point","coordinates":[-54.567719,48.936258]},"properties":{"name":"Gander International Airport","iata":"YQX","icao":"CYQX","type":"medium_airport","tier":"major","longest_ft":10200,"longest_paved_ft":10200,"longest_hard_ft":10200,"municipality":"Gander","iso_country":"CA","iso_region":"CA-NL"}},{"type":"Feature","geometry":{"type":"Point","coordinates":[-60.049759,46.161072]},"properties":{"name":"Sydney / J.A. Douglas McCurdy Airport","iata":"YQY","icao":"CYQY","type":"medium_airport","tier":"standard","longest_ft":7070,"longest_paved_ft":7070,"longest_hard_ft":7070,"municipality":"Sydney","iso_country":"CA","iso_region":"CA-NS"}},{"type":"Feature","geometry":{"type":"Point","coordinates":[-122.51000213623047,53.026100158691406]},"properties":{"name":"Quesnel Airport","iata":"YQZ","icao":"CYQZ","type":"medium_airport","tier":"limited","longest_ft":5500,"longest_paved_ft":5500,"longest_hard_ft":5500,"municipality":"Quesnel","iso_country":"CA","iso_region":"CA-BC"}},{"type":"Feature","geometry":{"type":"Point","coordinates":[-71.05256,48.520963]},"properties":{"name":"Chicoutimi/Saint-Honor\u00e9 Aerodrome","iata":"","icao":"CYRC","type":"small_airport","tier":"standard","longest_ft":6087,"longest_paved_ft":6087,"longest_hard_ft":6087,"municipality":"Saint-Honor\u00e9","iso_country":"CA","iso_region":"CA-QC"}},{"type":"Feature","geometry":{"type":"Point","coordinates":[-69.58470153808594,47.764400482177734]},"properties":{"name":"Rivi\u00e8re-du-Loup Airport","iata":"YRI","icao":"CYRI","type":"medium_airport","tier":"standard","longest_ft":6000,"longest_paved_ft":6000,"longest_hard_ft":6000,"municipality":"Rivi\u00e8re-du-Loup","iso_country":"CA","iso_region":"CA-QC"}},{"type":"Feature","geometry":{"type":"Point","coordinates":[-72.265735,48.519665]},"properties":{"name":"Roberval Airport","iata":"YRJ","icao":"CYRJ","type":"medium_airport","tier":"limited","longest_ft":5000,"longest_paved_ft":5000,"longest_hard_ft":5000,"municipality":"Roberval","iso_country":"CA","iso_region":"CA-QC"}},{"type":"Feature","geometry":{"type":"Point","coordinates":[-93.79309844970703,51.066898345947266]},"properties":{"name":"Red Lake Airport","iata":"YRL","icao":"CYRL","type":"medium_airport","tier":"limited","longest_ft":5001,"longest_paved_ft":5001,"longest_hard_ft":5001,"municipality":"Red Lake","iso_country":"CA","iso_region":"CA-ON"}},{"type":"Feature","geometry":{"type":"Point","coordinates":[-114.903999329,52.4296989441]},"properties":{"name":"Rocky Mountain House Airport","iata":"YRM","icao":"CYRM","type":"small_airport","tier":"limited","longest_ft":5500,"longest_paved_ft":5500,"longest_hard_ft":5500,"municipality":"Rocky Mountain House","iso_country":"CA","iso_region":"CA-AB"}},{"type":"Feature","geometry":{"type":"Point","coordinates":[-72.67939758300781,46.35279846191406]},"properties":{"name":"Trois-Rivi\u00e8res Airport","iata":"YRQ","icao":"CYRQ","type":"medium_airport","tier":"major","longest_ft":9006,"longest_paved_ft":9006,"longest_hard_ft":9006,"municipality":"Trois-Rivi\u00e8res","iso_country":"CA","iso_region":"CA-QC"}},{"type":"Feature","geometry":{"type":"Point","coordinates":[-92.1157989502,62.8114013672]},"properties":{"name":"Rankin Inlet Airport","iata":"YRT","icao":"CYRT","type":"medium_airport","tier":"standard","longest_ft":6000,"longest_paved_ft":6000,"longest_hard_ft":6000,"municipality":"Rankin Inlet","iso_country":"CA","iso_region":"CA-NU"}},{"type":"Feature","geometry":{"type":"Point","coordinates":[-118.184258,50.962245]},"properties":{"name":"Revelstoke Airport","iata":"YRV","icao":"CYRV","type":"medium_airport","tier":"limited","longest_ft":4800,"longest_paved_ft":4800,"longest_hard_ft":4800,"municipality":"Revelstoke","iso_country":"CA","iso_region":"CA-BC"}},{"type":"Feature","geometry":{"type":"Point","coordinates":[-80.79889678955078,46.625]},"properties":{"name":"Sudbury Airport","iata":"YSB","icao":"CYSB","type":"medium_airport","tier":"standard","longest_ft":6600,"longest_paved_ft":6600,"longest_hard_ft":6600,"municipality":"Sudbury","iso_country":"CA","iso_region":"CA-ON"}},{"type":"Feature","geometry":{"type":"Point","coordinates":[-71.691399,45.438599]},"properties":{"name":"Sherbrooke Airport","iata":"YSC","icao":"CYSC","type":"medium_airport","tier":"standard","longest_ft":6000,"longest_paved_ft":6000,"longest_hard_ft":6000,"municipality":"Sherbrooke","iso_country":"CA","iso_region":"CA-QC"}},{"type":"Feature","geometry":{"type":"Point","coordinates":[-105.84100341796875,59.250301361083984]},"properties":{"name":"Stony Rapids Airport","iata":"YSF","icao":"CYSF","type":"medium_airport","tier":"limited","longest_ft":5050,"longest_paved_ft":0,"longest_hard_ft":5050,"municipality":"Stony Rapids","iso_country":"CA","iso_region":"CA-SK"}},{"type":"Feature","geometry":{"type":"Point","coordinates":[-70.714699,46.096401]},"properties":{"name":"Saint-Georges Airport","iata":"","icao":"CYSG","type":"medium_airport","tier":"limited","longest_ft":5108,"longest_paved_ft":5108,"longest_hard_ft":5108,"municipality":"Saint-Georges","iso_country":"CA","iso_region":"CA-QC"}},{"type":"Feature","geometry":{"type":"Point","coordinates":[-65.89029693603516,45.31610107421875]},"properties":{"name":"Saint John Airport","iata":"YSJ","icao":"CYSJ","type":"medium_airport","tier":"standard","longest_ft":7000,"longest_paved_ft":7000,"longest_hard_ft":7000,"municipality":"Saint John","iso_country":"CA","iso_region":"CA-NB"}},{"type":"Feature","geometry":{"type":"Point","coordinates":[-67.836242,47.157097]},"properties":{"name":"Saint-L\u00e9onard Airport","iata":"YSL","icao":"CYSL","type":"medium_airport","tier":"limited","longest_ft":4000,"longest_paved_ft":4000,"longest_hard_ft":4000,"municipality":"Saint-L\u00e9onard","iso_country":"CA","iso_region":"CA-NB"}},{"type":"Feature","geometry":{"type":"Point","coordinates":[-111.961998,60.020302]},"properties":{"name":"Fort Smith Airport","iata":"YSM","icao":"CYSM","type":"medium_airport","tier":"standard","longest_ft":6000,"longest_paved_ft":6000,"longest_hard_ft":6000,"municipality":"Fort Smith","iso_country":"CA","iso_region":"CA-NT"}},{"type":"Feature","geometry":{"type":"Point","coordinates":[-63.833599,46.440601]},"properties":{"name":"Summerside Airport","iata":"YSU","icao":"CYSU","type":"medium_airport","tier":"major","longest_ft":8000,"longest_paved_ft":8000,"longest_hard_ft":8000,"municipality":"Slemon Park","iso_country":"CA","iso_region":"CA-PE"}},{"type":"Feature","geometry":{"type":"Point","coordinates":[-114.878653,49.834273]},"properties":{"name":"Sparwood Elk Valley Airport","iata":"","icao":"CYSW","type":"small_airport","tier":"limited","longest_ft":4000,"longest_paved_ft":4000,"longest_hard_ft":4000,"municipality":"Sparwood","iso_country":"CA","iso_region":"CA-BC"}},{"type":"Feature","geometry":{"type":"Point","coordinates":[-71.641899,48.5089]},"properties":{"name":"Alma Airport","iata":"YTF","icao":"CYTF","type":"medium_airport","tier":"limited","longest_ft":5000,"longest_paved_ft":5000,"longest_hard_ft":5000,"municipality":"Alma","iso_country":"CA","iso_region":"CA-QC"}},{"type":"Feature","geometry":{"type":"Point","coordinates":[-97.86419677734375,55.80110168457031]},"properties":{"name":"Thompson Airport","iata":"YTH","icao":"CYTH","type":"medium_airport","tier":"limited","longest_ft":5800,"longest_paved_ft":5800,"longest_hard_ft":5800,"municipality":"Thompson","iso_country":"CA","iso_region":"CA-MB"}},{"type":"Feature","geometry":{"type":"Point","coordinates":[-62.621102,45.611904]},"properties":{"name":"Trenton Airport","iata":"","icao":"CYTN","type":"small_airport","tier":"limited","longest_ft":5377,"longest_paved_ft":5377,"longest_hard_ft":5377,"municipality":"Trenton","iso_country":"CA","iso_region":"CA-NS"}},{"type":"Feature","geometry":{"type":"Point","coordinates":[-81.376701355,48.569698333699996]},"properties":{"name":"Timmins/Victor M. Power","iata":"YTS","icao":"CYTS","type":"medium_airport","tier":"standard","longest_ft":6000,"longest_paved_ft":6000,"longest_hard_ft":6000,"municipality":"Timmins","iso_country":"CA","iso_region":"CA-ON"}},{"type":"Feature","geometry":{"type":"Point","coordinates":[-73.742294,45.467837]},"properties":{"name":"Montreal / Pierre Elliott Trudeau International Airport","iata":"YUL","icao":"CYUL","type":"large_airport","tier":"major","longest_ft":11000,"longest_paved_ft":11000,"longest_hard_ft":11000,"municipality":"Montr\u00e9al","iso_country":"CA","iso_region":"CA-QC"}},{"type":"Feature","geometry":{"type":"Point","coordinates":[-78.83560180664062,48.20610046386719]},"properties":{"name":"Rouyn Noranda Airport","iata":"YUY","icao":"CYUY","type":"medium_airport","tier":"standard","longest_ft":7485,"longest_paved_ft":7485,"longest_hard_ft":7485,"municipality":"Rouyn-Noranda","iso_country":"CA","iso_region":"CA-QC"}},{"type":"Feature","geometry":{"type":"Point","coordinates":[-65.460297,48.071098]},"properties":{"name":"Bonaventure Airport","iata":"YVB","icao":"CYVB","type":"medium_airport","tier":"limited","longest_ft":5985,"longest_paved_ft":5985,"longest_hard_ft":5985,"municipality":"Bonaventure","iso_country":"CA","iso_region":"CA-QC"}},{"type":"Feature","geometry":{"type":"Point","coordinates":[-105.262001038,55.151401519800004]},"properties":{"name":"La Ronge Airport","iata":"YVC","icao":"CYVC","type":"medium_airport","tier":"limited","longest_ft":5000,"longest_paved_ft":5000,"longest_hard_ft":5000,"municipality":"La Ronge","iso_country":"CA","iso_region":"CA-SK"}},{"type":"Feature","geometry":{"type":"Point","coordinates":[-100.917999,49.8783]},"properties":{"name":"Virden / RJ (Bob) Andrew Field Regional Aerodrome","iata":"","icao":"CYVD","type":"medium_airport","tier":"limited","longest_ft":4000,"longest_paved_ft":4000,"longest_hard_ft":4000,"municipality":"Virden","iso_country":"CA","iso_region":"CA-MB"}},{"type":"Feature","geometry":{"type":"Point","coordinates":[-77.7827987671,48.0532989502]},"properties":{"name":"Val-d'Or Airport","iata":"YVO","icao":"CYVO","type":"medium_airport","tier":"major","longest_ft":10000,"longest_paved_ft":10000,"longest_hard_ft":10000,"municipality":"Val-d'Or","iso_country":"CA","iso_region":"CA-QC"}},{"type":"Feature","geometry":{"type":"Point","coordinates":[-68.4269027709961,58.096099853515625]},"properties":{"name":"Kuujjuaq Airport","iata":"YVP","icao":"CYVP","type":"medium_airport","tier":"standard","longest_ft":6000,"longest_paved_ft":6000,"longest_hard_ft":6000,"municipality":"Kuujjuaq","iso_country":"CA","iso_region":"CA-QC"}},{"type":"Feature","geometry":{"type":"Point","coordinates":[-126.7979965209961,65.28160095214844]},"properties":{"name":"Norman Wells Airport","iata":"YVQ","icao":"CYVQ","type":"medium_airport","tier":"limited","longest_ft":5998,"longest_paved_ft":5998,"longest_hard_ft":5998,"municipality":"Norman Wells","iso_country":"CA","iso_region":"CA-NT"}},{"type":"Feature","geometry":{"type":"Point","coordinates":[-123.183998,49.193901]},"properties":{"name":"Vancouver International Airport","iata":"YVR","icao":"CYVR","type":"large_airport","tier":"major","longest_ft":11500,"longest_paved_ft":11500,"longest_hard_ft":11500,"municipality":"Vancouver","iso_country":"CA","iso_region":"CA-BC"}},{"type":"Feature","geometry":{"type":"Point","coordinates":[-108.417999268,55.8418998718]},"properties":{"name":"Buffalo Narrows Airport","iata":"YVT","icao":"CYVT","type":"small_airport","tier":"limited","longest_ft":5006,"longest_paved_ft":5006,"longest_hard_ft":5006,"municipality":"Buffalo Narrows","iso_country":"CA","iso_region":"CA-SK"}},{"type":"Feature","geometry":{"type":"Point","coordinates":[-97.2398986816,49.909999847399995]},"properties":{"name":"Winnipeg / James Armstrong Richardson International Airport","iata":"YWG","icao":"CYWG","type":"large_airport","tier":"major","longest_ft":11000,"longest_paved_ft":11000,"longest_hard_ft":11000,"municipality":"Winnipeg","iso_country":"CA","iso_region":"CA-MB"}},{"type":"Feature","geometry":{"type":"Point","coordinates":[-66.8644027709961,52.92190170288086]},"properties":{"name":"Wabush Airport","iata":"YWK","icao":"CYWK","type":"medium_airport","tier":"standard","longest_ft":6002,"longest_paved_ft":6002,"longest_hard_ft":6002,"municipality":"Wabush","iso_country":"CA","iso_region":"CA-NL"}},{"type":"Feature","geometry":{"type":"Point","coordinates":[-122.054000854,52.1831016541]},"properties":{"name":"Williams Lake Airport","iata":"YWL","icao":"CYWL","type":"medium_airport","tier":"standard","longest_ft":7000,"longest_paved_ft":7000,"longest_hard_ft":7000,"municipality":"Williams Lake","iso_country":"CA","iso_region":"CA-BC"}},{"type":"Feature","geometry":{"type":"Point","coordinates":[-113.20500183105469,54.743099212646484]},"properties":{"name":"Athabasca Airport","iata":"","icao":"CYWM","type":"small_airport","tier":"limited","longest_ft":4000,"longest_paved_ft":4000,"longest_hard_ft":4000,"municipality":"Athabasca","iso_country":"CA","iso_region":"CA-AB"}},{"type":"Feature","geometry":{"type":"Point","coordinates":[-115.781998,49.610802]},"properties":{"name":"Cranbrook/Canadian Rockies International Airport","iata":"YXC","icao":"CYXC","type":"medium_airport","tier":"standard","longest_ft":6000,"longest_paved_ft":6000,"longest_hard_ft":6000,"municipality":"Cranbrook","iso_country":"CA","iso_region":"CA-BC"}},{"type":"Feature","geometry":{"type":"Point","coordinates":[-106.700793,52.170723]},"properties":{"name":"Saskatoon John G. Diefenbaker International Airport","iata":"YXE","icao":"CYXE","type":"large_airport","tier":"major","longest_ft":8300,"longest_paved_ft":8300,"longest_hard_ft":8300,"municipality":"Saskatoon","iso_country":"CA","iso_region":"CA-SK"}},{"type":"Feature","geometry":{"type":"Point","coordinates":[-110.721001,50.018902]},"properties":{"name":"Medicine Hat Regional Airport","iata":"YXH","icao":"CYXH","type":"medium_airport","tier":"limited","longest_ft":5000,"longest_paved_ft":5000,"longest_hard_ft":5000,"municipality":"Medicine Hat","iso_country":"CA","iso_region":"CA-AB"}},{"type":"Feature","geometry":{"type":"Point","coordinates":[-120.739998,56.238098]},"properties":{"name":"Fort St John / North Peace Regional Airport","iata":"YXJ","icao":"CYXJ","type":"medium_airport","tier":"standard","longest_ft":6909,"longest_paved_ft":6909,"longest_hard_ft":6909,"municipality":"Fort Saint John","iso_country":"CA","iso_region":"CA-BC"}},{"type":"Feature","geometry":{"type":"Point","coordinates":[-68.496323,48.477644]},"properties":{"name":"Rimouski Airport","iata":"YXK","icao":"CYXK","type":"medium_airport","tier":"limited","longest_ft":4600,"longest_paved_ft":4600,"longest_hard_ft":4600,"municipality":"Rimouski","iso_country":"CA","iso_region":"CA-QC"}},{"type":"Feature","geometry":{"type":"Point","coordinates":[-91.9052963256836,50.11389923095703]},"properties":{"name":"Sioux Lookout Airport","iata":"YXL","icao":"CYXL","type":"medium_airport","tier":"limited","longest_ft":5300,"longest_paved_ft":5300,"longest_hard_ft":5300,"municipality":"Sioux Lookout","iso_country":"CA","iso_region":"CA-ON"}},{"type":"Feature","geometry":{"type":"Point","coordinates":[-79.8473453522,47.697400654599996]},"properties":{"name":"Earlton (Timiskaming Regional) Airport","iata":"YXR","icao":"CYXR","type":"medium_airport","tier":"limited","longest_ft":5998,"longest_paved_ft":5998,"longest_hard_ft":5998,"municipality":"Earlton","iso_country":"CA","iso_region":"CA-ON"}},{"type":"Feature","geometry":{"type":"Point","coordinates":[-122.666554,53.884311]},"properties":{"name":"Prince George (International) Airport","iata":"YXS","icao":"CYXS","type":"medium_airport","tier":"major","longest_ft":11450,"longest_paved_ft":11450,"longest_hard_ft":11450,"municipality":"Prince George","iso_country":"CA","iso_region":"CA-BC"}},{"type":"Feature","geometry":{"type":"Point","coordinates":[-128.576009,54.468498]},"properties":{"name":"Northwest Regional Airport Terrace-Kitimat","iata":"YXT","icao":"CYXT","type":"medium_airport","tier":"standard","longest_ft":7497,"longest_paved_ft":7497,"longest_hard_ft":7497,"municipality":"Terrace","iso_country":"CA","iso_region":"CA-BC"}},{"type":"Feature","geometry":{"type":"Point","coordinates":[-135.065705,60.708533]},"properties":{"name":"Whitehorse / Erik Nielsen International Airport","iata":"YXY","icao":"CYXY","type":"medium_airport","tier":"major","longest_ft":9497,"longest_paved_ft":9497,"longest_hard_ft":9497,"municipality":"Whitehorse","iso_country":"CA","iso_region":"CA-YT"}},{"type":"Feature","geometry":{"type":"Point","coordinates":[-84.78669738769531,47.96670150756836]},"properties":{"name":"Wawa Airport","iata":"YXZ","icao":"CYXZ","type":"medium_airport","tier":"limited","longest_ft":4429,"longest_paved_ft":4429,"longest_hard_ft":4429,"municipality":"Wawa","iso_country":"CA","iso_region":"CA-ON"}},{"type":"Feature","geometry":{"type":"Point","coordinates":[-79.422798,46.363602]},"properties":{"name":"North Bay Jack Garland Airport","iata":"YYB","icao":"CYYB","type":"medium_airport","tier":"major","longest_ft":10000,"longest_paved_ft":10000,"longest_hard_ft":10000,"municipality":"North Bay","iso_country":"CA","iso_region":"CA-ON"}},{"type":"Feature","geometry":{"type":"Point","coordinates":[-114.009933,51.118822]},"properties":{"name":"Calgary International Airport","iata":"YYC","icao":"CYYC","type":"large_airport","tier":"major","longest_ft":14000,"longest_paved_ft":14000,"longest_hard_ft":14000,"municipality":"Calgary","iso_country":"CA","iso_region":"CA-AB"}},{"type":"Feature","geometry":{"type":"Point","coordinates":[-127.18299865722656,54.82469940185547]},"properties":{"name":"Smithers Airport","iata":"YYD","icao":"CYYD","type":"medium_airport","tier":"limited","longest_ft":5000,"longest_paved_ft":5000,"longest_hard_ft":5000,"municipality":"Smithers","iso_country":"CA","iso_region":"CA-BC"}},{"type":"Feature","geometry":{"type":"Point","coordinates":[-122.597000122,58.8363990784]},"properties":{"name":"Fort Nelson Airport","iata":"YYE","icao":"CYYE","type":"medium_airport","tier":"standard","longest_ft":6400,"longest_paved_ft":6400,"longest_hard_ft":6400,"municipality":"Fort Nelson","iso_country":"CA","iso_region":"CA-BC"}},{"type":"Feature","geometry":{"type":"Point","coordinates":[-119.60199737548828,49.46310043334961]},"properties":{"name":"Penticton Airport","iata":"YYF","icao":"CYYF","type":"medium_airport","tier":"standard","longest_ft":6000,"longest_paved_ft":6000,"longest_hard_ft":6000,"municipality":"Penticton","iso_country":"CA","iso_region":"CA-BC"}},{"type":"Feature","geometry":{"type":"Point","coordinates":[-63.125174,46.288911]},"properties":{"name":"Charlottetown Airport","iata":"YYG","icao":"CYYG","type":"medium_airport","tier":"standard","longest_ft":7002,"longest_paved_ft":7002,"longest_hard_ft":7002,"municipality":"Charlottetown","iso_country":"CA","iso_region":"CA-PE"}},{"type":"Feature","geometry":{"type":"Point","coordinates":[-123.427792,48.647201]},"properties":{"name":"Victoria International Airport","iata":"YYJ","icao":"CYYJ","type":"large_airport","tier":"standard","longest_ft":7000,"longest_paved_ft":7000,"longest_hard_ft":7000,"municipality":"Victoria","iso_country":"CA","iso_region":"CA-BC"}},{"type":"Feature","geometry":{"type":"Point","coordinates":[-101.07599639892578,56.86389923095703]},"properties":{"name":"Lynn Lake Airport","iata":"YYL","icao":"CYYL","type":"medium_airport","tier":"limited","longest_ft":5000,"longest_paved_ft":5000,"longest_hard_ft":5000,"municipality":"Lynn Lake","iso_country":"CA","iso_region":"CA-MB"}},{"type":"Feature","geometry":{"type":"Point","coordinates":[-107.691001892,50.291900634799994]},"properties":{"name":"Swift Current Airport","iata":"YYN","icao":"CYYN","type":"medium_airport","tier":"limited","longest_ft":4250,"longest_paved_ft":4250,"longest_hard_ft":4250,"municipality":"Swift Current","iso_country":"CA","iso_region":"CA-SK"}},{"type":"Feature","geometry":{"type":"Point","coordinates":[-94.06500244140625,58.739200592041016]},"properties":{"name":"Churchill Airport","iata":"YYQ","icao":"CYYQ","type":"medium_airport","tier":"major","longest_ft":9200,"longest_paved_ft":9200,"longest_hard_ft":9200,"municipality":"Churchill","iso_country":"CA","iso_region":"CA-MB"}},{"type":"Feature","geometry":{"type":"Point","coordinates":[-60.4258003235,53.3191986084]},"properties":{"name":"Goose Bay Airport","iata":"YYR","icao":"CYYR","type":"medium_airport","tier":"major","longest_ft":11046,"longest_paved_ft":11046,"longest_hard_ft":11046,"municipality":"Goose Bay","iso_country":"CA","iso_region":"CA-NL"}},{"type":"Feature","geometry":{"type":"Point","coordinates":[-52.7519,47.618599]},"properties":{"name":"St. John's International Airport","iata":"YYT","icao":"CYYT","type":"large_airport","tier":"major","longest_ft":8502,"longest_paved_ft":8502,"longest_hard_ft":8502,"municipality":"St. John's","iso_country":"CA","iso_region":"CA-NL"}},{"type":"Feature","geometry":{"type":"Point","coordinates":[-82.469645,49.411587]},"properties":{"name":"Kapuskasing Airport","iata":"YYU","icao":"CYYU","type":"medium_airport","tier":"limited","longest_ft":5500,"longest_paved_ft":5500,"longest_hard_ft":5500,"municipality":"Kapuskasing","iso_country":"CA","iso_region":"CA-ON"}},{"type":"Feature","geometry":{"type":"Point","coordinates":[-88.90969848632812,50.29029846191406]},"properties":{"name":"Armstrong Airport","iata":"YYW","icao":"CYYW","type":"medium_airport","tier":"limited","longest_ft":4000,"longest_paved_ft":4000,"longest_hard_ft":4000,"municipality":"Armstrong","iso_country":"CA","iso_region":"CA-ON"}},{"type":"Feature","geometry":{"type":"Point","coordinates":[-68.20809936523438,48.60860061645508]},"properties":{"name":"Mont Joli Airport","iata":"YYY","icao":"CYYY","type":"medium_airport","tier":"standard","longest_ft":6000,"longest_paved_ft":6000,"longest_hard_ft":6000,"municipality":"Mont-Joli","iso_country":"CA","iso_region":"CA-QC"}},{"type":"Feature","geometry":{"type":"Point","coordinates":[-114.440002,62.462799]},"properties":{"name":"Yellowknife International Airport","iata":"YZF","icao":"CYZF","type":"medium_airport","tier":"standard","longest_ft":7500,"longest_paved_ft":7500,"longest_hard_ft":7500,"municipality":"Yellowknife","iso_country":"CA","iso_region":"CA-NT"}},{"type":"Feature","geometry":{"type":"Point","coordinates":[-114.777276,55.292945]},"properties":{"name":"Slave Lake Airport","iata":"YZH","icao":"CYZH","type":"medium_airport","tier":"limited","longest_ft":5561,"longest_paved_ft":5561,"longest_hard_ft":5561,"municipality":"Slave Lake","iso_country":"CA","iso_region":"CA-AB"}},{"type":"Feature","geometry":{"type":"Point","coordinates":[-131.813995361,53.25429916379999]},"properties":{"name":"Sandspit Airport","iata":"YZP","icao":"CYZP","type":"medium_airport","tier":"limited","longest_ft":5120,"longest_paved_ft":5120,"longest_hard_ft":5120,"municipality":"Sandspit","iso_country":"CA","iso_region":"CA-BC"}},{"type":"Feature","geometry":{"type":"Point","coordinates":[-127.36699676513672,50.680599212646484]},"properties":{"name":"Port Hardy Airport","iata":"YZT","icao":"CYZT","type":"medium_airport","tier":"limited","longest_ft":5000,"longest_paved_ft":5000,"longest_hard_ft":5000,"municipality":"Port Hardy","iso_country":"CA","iso_region":"CA-BC"}},{"type":"Feature","geometry":{"type":"Point","coordinates":[-115.787003,54.143902]},"properties":{"name":"Whitecourt Airport","iata":"YZU","icao":"CYZU","type":"medium_airport","tier":"limited","longest_ft":5800,"longest_paved_ft":5800,"longest_hard_ft":5800,"municipality":"Whitecourt","iso_country":"CA","iso_region":"CA-AB"}},{"type":"Feature","geometry":{"type":"Point","coordinates":[-66.2656021118164,50.22330093383789]},"properties":{"name":"Sept-\u00celes Airport","iata":"YZV","icao":"CYZV","type":"medium_airport","tier":"standard","longest_ft":6552,"longest_paved_ft":6552,"longest_hard_ft":6552,"municipality":"Sept-\u00celes","iso_country":"CA","iso_region":"CA-QC"}},{"type":"Feature","geometry":{"type":"Point","coordinates":[-64.91690063476562,44.98440170288086]},"properties":{"name":"CFB Greenwood","iata":"YZX","icao":"CYZX","type":"medium_airport","tier":"major","longest_ft":8000,"longest_paved_ft":8000,"longest_hard_ft":8000,"municipality":"Greenwood","iso_country":"CA","iso_region":"CA-NS"}},{"type":"Feature","geometry":{"type":"Point","coordinates":[-123.133907,55.297786]},"properties":{"name":"Mackenzie Airport","iata":"","icao":"CYZY","type":"medium_airport","tier":"limited","longest_ft":5033,"longest_paved_ft":5033,"longest_hard_ft":5033,"municipality":"Mackenzie","iso_country":"CA","iso_region":"CA-BC"}},{"type":"Feature","geometry":{"type":"Point","coordinates":[-119.228996,50.682802]},"properties":{"name":"Shuswap Regional Airport","iata":"YSN","icao":"CZAM","type":"medium_airport","tier":"limited","longest_ft":4260,"longest_paved_ft":4260,"longest_hard_ft":4260,"municipality":"Salmon Arm","iso_country":"CA","iso_region":"CA-BC"}},{"type":"Feature","geometry":{"type":"Point","coordinates":[-123.006877,49.074338]},"properties":{"name":"Boundary Bay Airport","iata":"YDT","icao":"CZBB","type":"medium_airport","tier":"limited","longest_ft":5606,"longest_paved_ft":5606,"longest_hard_ft":5606,"municipality":"Delta","iso_country":"CA","iso_region":"CA-BC"}},{"type":"Feature","geometry":{"type":"Point","coordinates":[-65.738899,47.6297]},"properties":{"name":"Bathurst Airport","iata":"ZBF","icao":"CZBF","type":"medium_airport","tier":"limited","longest_ft":5613,"longest_paved_ft":5613,"longest_hard_ft":5613,"municipality":"South Tetagouche","iso_country":"CA","iso_region":"CA-NB"}},{"type":"Feature","geometry":{"type":"Point","coordinates":[-72.741402,45.290798]},"properties":{"name":"Bromont (Roland D\u00e9sourdy) Airport","iata":"ZBM","icao":"CZBM","type":"medium_airport","tier":"limited","longest_ft":5000,"longest_paved_ft":5000,"longest_hard_ft":5000,"municipality":"Bromont","iso_country":"CA","iso_region":"CA-QC"}},{"type":"Feature","geometry":{"type":"Point","coordinates":[-121.333000183,51.736099243199995]},"properties":{"name":"South Cariboo Region / 108 Mile Airport","iata":"ZMH","icao":"CZML","type":"small_airport","tier":"limited","longest_ft":5293,"longest_paved_ft":5293,"longest_hard_ft":5293,"municipality":"108 Mile","iso_country":"CA","iso_region":"CA-BC"}},{"type":"Feature","geometry":{"type":"Point","coordinates":[-132.125,54.0275]},"properties":{"name":"Masset Airport","iata":"ZMT","icao":"CZMT","type":"medium_airport","tier":"limited","longest_ft":5000,"longest_paved_ft":5000,"longest_hard_ft":5000,"municipality":"Masset","iso_country":"CA","iso_region":"CA-BC"}},{"type":"Feature","geometry":{"type":"Point","coordinates":[-113.997002,49.520429]},"properties":{"name":"Pincher Creek Airport","iata":"WPC","icao":"CZPC","type":"medium_airport","tier":"standard","longest_ft":6600,"longest_paved_ft":6600,"longest_hard_ft":6600,"municipality":"Pincher Creek","iso_country":"CA","iso_region":"CA-AB"}},{"type":"Feature","geometry":{"type":"Point","coordinates":[-92.081137,55.86356]},"properties":{"name":"Shamattawa Airport","iata":"ZTM","icao":"CZTM","type":"small_airport","tier":"limited","longest_ft":4006,"longest_paved_ft":0,"longest_hard_ft":4006,"municipality":"Shamattawa","iso_country":"CA","iso_region":"CA-MB"}},{"type":"Feature","geometry":{"type":"Point","coordinates":[-64.10639953613281,53.5619010925293]},"properties":{"name":"Churchill Falls Airport","iata":"ZUM","icao":"CZUM","type":"small_airport","tier":"limited","longest_ft":5500,"longest_paved_ft":5500,"longest_hard_ft":5500,"municipality":"Churchill Falls","iso_country":"CA","iso_region":"CA-NL"}},{"type":"Feature","geometry":{"type":"Point","coordinates":[-113.853996,53.6675]},"properties":{"name":"Edmonton / Villeneuve Airport","iata":"","icao":"CZVL","type":"small_airport","tier":"limited","longest_ft":5001,"longest_paved_ft":5001,"longest_hard_ft":5001,"municipality":"Edmonton","iso_country":"CA","iso_region":"CA-AB"}},{"type":"Feature","geometry":{"type":"Point","coordinates":[-156.904999,66.943298]},"properties":{"name":"Dahl Creek Airport","iata":"DCK","icao":"PODC","type":"small_airport","tier":"limited","longest_ft":4780,"longest_paved_ft":0,"longest_hard_ft":4780,"municipality":"Dahl Creek","iso_country":"US","iso_region":"US-AK"}},{"type":"Feature","geometry":{"type":"Point","coordinates":[-157.988998413,62.452598571799996]},"properties":{"name":"Flat Airport","iata":"FLT","icao":"FLT","type":"small_airport","tier":"limited","longest_ft":4045,"longest_paved_ft":0,"longest_hard_ft":4045,"municipality":"Flat","iso_country":"US","iso_region":"US-AK"}},{"type":"Feature","geometry":{"type":"Point","coordinates":[-46.065001,60.76383]},"properties":{"name":"Qaqortoq Airport","iata":"JJU","icao":"BGQO","type":"medium_airport","tier":"limited","longest_ft":4924,"longest_paved_ft":4924,"longest_hard_ft":4924,"municipality":"Qaqortoq","iso_country":"GL","iso_region":"GL-KU"}},{"type":"Feature","geometry":{"type":"Point","coordinates":[-105.457145,45.470462]},"properties":{"name":"Broadus Airport","iata":"BDX","icao":"K00F","type":"small_airport","tier":"limited","longest_ft":4400,"longest_paved_ft":4400,"longest_hard_ft":4400,"municipality":"Broadus","iso_country":"US","iso_region":"US-MT"}},{"type":"Feature","geometry":{"type":"Point","coordinates":[-99.1511,47.451099]},"properties":{"name":"Carrington Municipal Airport","iata":"","icao":"K46D","type":"small_airport","tier":"limited","longest_ft":4198,"longest_paved_ft":4198,"longest_hard_ft":4198,"municipality":"Carrington","iso_country":"US","iso_region":"US-ND"}},{"type":"Feature","geometry":{"type":"Point","coordinates":[-84.876404,44.912498]},"properties":{"name":"Lakes of the North Airport","iata":"","icao":"K4Y4","type":"small_airport","tier":"limited","longest_ft":4285,"longest_paved_ft":4285,"longest_hard_ft":4285,"municipality":"Gaylord","iso_country":"US","iso_region":"US-MI"}},{"type":"Feature","geometry":{"type":"Point","coordinates":[-83.422302,44.312801]},"properties":{"name":"Iosco County Airport","iata":"ECA","icao":"K6D9","type":"small_airport","tier":"limited","longest_ft":4802,"longest_paved_ft":4802,"longest_hard_ft":4802,"municipality":"East Tawas","iso_country":"US","iso_region":"US-MI"}},{"type":"Feature","geometry":{"type":"Point","coordinates":[-84.276199,44.806499]},"properties":{"name":"Eagle II Airport","iata":"","icao":"88MI","type":"small_airport","tier":"limited","longest_ft":5047,"longest_paved_ft":5047,"longest_hard_ft":5047,"municipality":"Lewiston","iso_country":"US","iso_region":"US-MI"}},{"type":"Feature","geometry":{"type":"Point","coordinates":[-85.198402,44.988602]},"properties":{"name":"Antrim County Airport","iata":"ACB","icao":"KACB","type":"small_airport","tier":"limited","longest_ft":5003,"longest_paved_ft":5003,"longest_hard_ft":5003,"municipality":"Bellaire","iso_country":"US","iso_region":"US-MI"}},{"type":"Feature","geometry":{"type":"Point","coordinates":[-83.56030273,45.0780983]},"properties":{"name":"Alpena County Regional Airport","iata":"APN","icao":"KAPN","type":"medium_airport","tier":"major","longest_ft":9001,"longest_paved_ft":9001,"longest_hard_ft":9001,"municipality":"Alpena","iso_country":"US","iso_region":"US-MI"}},{"type":"Feature","geometry":{"type":"Point","coordinates":[-82.985397,43.780201]},"properties":{"name":"Huron County Memorial Airport","iata":"","icao":"KBAX","type":"small_airport","tier":"limited","longest_ft":5000,"longest_paved_ft":5000,"longest_hard_ft":5000,"municipality":"Bad Axe","iso_country":"US","iso_region":"US-MI"}},{"type":"Feature","geometry":{"type":"Point","coordinates":[-84.924103,45.165798]},"properties":{"name":"Boyne Mountain Airport","iata":"","icao":"KBFA","type":"small_airport","tier":"limited","longest_ft":5187,"longest_paved_ft":5187,"longest_hard_ft":5187,"municipality":"Boyne Falls","iso_country":"US","iso_region":"US-MI"}},{"type":"Feature","geometry":{"type":"Point","coordinates":[-104.259002,46.347599]},"properties":{"name":"Baker Municipal Airport","iata":"","icao":"KBHK","type":"small_airport","tier":"limited","longest_ft":5904,"longest_paved_ft":5904,"longest_hard_ft":5904,"municipality":"Baker","iso_country":"US","iso_region":"US-MT"}},{"type":"Feature","geometry":{"type":"Point","coordinates":[-85.421534,44.275749]},"properties":{"name":"Wexford County Airport","iata":"CAD","icao":"KCAD","type":"small_airport","tier":"limited","longest_ft":5001,"longest_paved_ft":5001,"longest_hard_ft":5001,"municipality":"Cadillac","iso_country":"US","iso_region":"US-MI"}},{"type":"Feature","geometry":{"type":"Point","coordinates":[-84.462082,46.242038]},"properties":{"name":"Chippewa County International Airport","iata":"CIU","icao":"KCIU","type":"medium_airport","tier":"standard","longest_ft":7203,"longest_paved_ft":7203,"longest_hard_ft":7203,"municipality":"Kincheloe","iso_country":"US","iso_region":"US-MI"}},{"type":"Feature","geometry":{"type":"Point","coordinates":[-85.274803,45.304798]},"properties":{"name":"Charlevoix Municipal Airport","iata":"","icao":"KCVX","type":"small_airport","tier":"limited","longest_ft":4549,"longest_paved_ft":4549,"longest_hard_ft":4549,"municipality":"Charlevoix","iso_country":"US","iso_region":"US-MI"}},{"type":"Feature","geometry":{"type":"Point","coordinates":[-103.8619995,44.73419952]},"properties":{"name":"Belle Fourche Municipal Airport","iata":"","icao":"KEFC","type":"small_airport","tier":"limited","longest_ft":4501,"longest_paved_ft":4501,"longest_hard_ft":4501,"municipality":"Belle Fourche","iso_country":"US","iso_region":"US-SD"}},{"type":"Feature","geometry":{"type":"Point","coordinates":[-86.200798,44.625198]},"properties":{"name":"Frankfort Dow Memorial Field","iata":"","icao":"KFKS","type":"small_airport","tier":"limited","longest_ft":4050,"longest_paved_ft":4050,"longest_hard_ft":4050,"municipality":"Frankfort","iso_country":"US","iso_region":"US-MI"}},{"type":"Feature","geometry":{"type":"Point","coordinates":[-105.539001,44.3489]},"properties":{"name":"Northeast Wyoming Regional Airport","iata":"GCC","icao":"KGCC","type":"medium_airport","tier":"standard","longest_ft":7501,"longest_paved_ft":7501,"longest_hard_ft":7501,"municipality":"Gillette","iso_country":"US","iso_region":"US-WY"}},{"type":"Feature","geometry":{"type":"Point","coordinates":[-84.47499847410002,43.9706001282]},"properties":{"name":"Gladwin Zettel Memorial Airport","iata":"GDW","icao":"KGDW","type":"small_airport","tier":"limited","longest_ft":4699,"longest_paved_ft":4699,"longest_hard_ft":4699,"municipality":"Gladwin","iso_country":"US","iso_region":"US-MI"}},{"type":"Feature","geometry":{"type":"Point","coordinates":[-95.32039642333984,45.64390182495117]},"properties":{"name":"Glenwood Municipal Airport","iata":"","icao":"KGHW","type":"small_airport","tier":"limited","longest_ft":4500,"longest_paved_ft":4500,"longest_hard_ft":4500,"municipality":"Glenwood","iso_country":"US","iso_region":"US-MN"}},{"type":"Feature","geometry":{"type":"Point","coordinates":[-84.7035980225,45.013500213600004]},"properties":{"name":"Gaylord Regional Airport","iata":"GLR","icao":"KGLR","type":"small_airport","tier":"standard","longest_ft":6579,"longest_paved_ft":6579,"longest_hard_ft":6579,"municipality":"Gaylord","iso_country":"US","iso_region":"US-MI"}},{"type":"Feature","geometry":{"type":"Point","coordinates":[-84.728897,44.680302]},"properties":{"name":"Grayling Army Air Field","iata":"","icao":"KGOV","type":"small_airport","tier":"limited","longest_ft":5005,"longest_paved_ft":5005,"longest_hard_ft":5005,"municipality":"Grayling","iso_country":"US","iso_region":"US-MI"}},{"type":"Feature","geometry":{"type":"Point","coordinates":[-160.066289,62.895187]},"properties":{"name":"Grayling Airport","iata":"KGX","icao":"PAGX","type":"small_airport","tier":"limited","longest_ft":4000,"longest_paved_ft":0,"longest_hard_ft":4000,"municipality":"Grayling","iso_country":"US","iso_region":"US-AK"}},{"type":"Feature","geometry":{"type":"Point","coordinates":[-102.655998,46.0149]},"properties":{"name":"Hettinger Municipal Airport","iata":"","icao":"KHEI","type":"small_airport","tier":"limited","longest_ft":4652,"longest_paved_ft":4652,"longest_hard_ft":4652,"municipality":"Hettinger","iso_country":"US","iso_region":"US-ND"}},{"type":"Feature","geometry":{"type":"Point","coordinates":[-84.671095,44.359798]},"properties":{"name":"Roscommon County - Blodgett Memorial Airport","iata":"HTL","icao":"KHTL","type":"small_airport","tier":"limited","longest_ft":4000,"longest_paved_ft":4000,"longest_hard_ft":4000,"municipality":"Houghton Lake","iso_country":"US","iso_region":"US-MI"}},{"type":"Feature","geometry":{"type":"Point","coordinates":[-99.842102,43.390202]},"properties":{"name":"Winner Regional Airport","iata":"","icao":"KICR","type":"small_airport","tier":"limited","longest_ft":5500,"longest_paved_ft":5500,"longest_hard_ft":5500,"municipality":"Winner","iso_country":"US","iso_region":"US-SD"}},{"type":"Feature","geometry":{"type":"Point","coordinates":[-86.40789795,43.96250153]},"properties":{"name":"Mason County Airport","iata":"LDM","icao":"KLDM","type":"small_airport","tier":"limited","longest_ft":5003,"longest_paved_ft":5003,"longest_hard_ft":5003,"municipality":"Ludington","iso_country":"US","iso_region":"US-MI"}},{"type":"Feature","geometry":{"type":"Point","coordinates":[-102.106002808,45.9187011719]},"properties":{"name":"Lemmon Municipal Airport","iata":"LEM","icao":"KLEM","type":"small_airport","tier":"limited","longest_ft":4501,"longest_paved_ft":4501,"longest_hard_ft":4501,"municipality":"Lemmon","iso_country":"US","iso_region":"US-SD"}},{"type":"Feature","geometry":{"type":"Point","coordinates":[-109.466143,47.048429]},"properties":{"name":"Lewistown Municipal Airport","iata":"LWT","icao":"KLWT","type":"medium_airport","tier":"standard","longest_ft":6100,"longest_paved_ft":6100,"longest_hard_ft":6100,"municipality":"Lewistown","iso_country":"US","iso_region":"US-MT"}},{"type":"Feature","geometry":{"type":"Point","coordinates":[-94.347397,45.949699]},"properties":{"name":"Little Falls-Morrison County-Lindbergh field","iata":"","icao":"KLXL","type":"small_airport","tier":"limited","longest_ft":4010,"longest_paved_ft":4010,"longest_hard_ft":4010,"municipality":"Little Falls","iso_country":"US","iso_region":"US-MN"}},{"type":"Feature","geometry":{"type":"Point","coordinates":[-106.70899963378906,45.852901458740234]},"properties":{"name":"Colstrip Airport","iata":"","icao":"KM46","type":"small_airport","tier":"limited","longest_ft":5100,"longest_paved_ft":5100,"longest_hard_ft":5100,"municipality":"Colstrip","iso_country":"US","iso_region":"US-MT"}},{"type":"Feature","geometry":{"type":"Point","coordinates":[-86.246495,44.272707]},"properties":{"name":"Manistee County Blacker Airport","iata":"MBL","icao":"KMBL","type":"small_airport","tier":"limited","longest_ft":5501,"longest_paved_ft":5501,"longest_hard_ft":5501,"municipality":"Manistee","iso_country":"US","iso_region":"US-MI"}},{"type":"Feature","geometry":{"type":"Point","coordinates":[-84.91339874267578,45.42559814453125]},"properties":{"name":"Harbor Springs Airport","iata":"","icao":"KMGN","type":"small_airport","tier":"limited","longest_ft":4149,"longest_paved_ft":4149,"longest_hard_ft":4149,"municipality":"Harbor Springs","iso_country":"US","iso_region":"US-MI"}},{"type":"Feature","geometry":{"type":"Point","coordinates":[-84.737503,43.6217]},"properties":{"name":"Mount Pleasant Municipal Airport","iata":"MOP","icao":"KMOP","type":"small_airport","tier":"limited","longest_ft":5000,"longest_paved_ft":5000,"longest_hard_ft":5000,"municipality":"Mount Pleasant","iso_country":"US","iso_region":"US-MI"}},{"type":"Feature","geometry":{"type":"Point","coordinates":[-84.990303,45.208302]},"properties":{"name":"Boyne City Municipal Airport","iata":"","icao":"KN98","type":"small_airport","tier":"limited","longest_ft":4001,"longest_paved_ft":4001,"longest_hard_ft":4001,"municipality":"Boyne City","iso_country":"US","iso_region":"US-MI"}},{"type":"Feature","geometry":{"type":"Point","coordinates":[-98.686989,42.468916]},"properties":{"name":"O'Neill Municipal Airport\u2013John L Baker Field","iata":"ONL","icao":"KONL","type":"small_airport","tier":"limited","longest_ft":4408,"longest_paved_ft":4408,"longest_hard_ft":4408,"municipality":"O'Neill","iso_country":"US","iso_region":"US-NE"}},{"type":"Feature","geometry":{"type":"Point","coordinates":[-83.394096,44.451599]},"properties":{"name":"Oscoda Wurtsmith Airport","iata":"OSC","icao":"KOSC","type":"small_airport","tier":"major","longest_ft":11800,"longest_paved_ft":11800,"longest_hard_ft":11800,"municipality":"Oscoda","iso_country":"US","iso_region":"US-MI"}},{"type":"Feature","geometry":{"type":"Point","coordinates":[-84.79669952,45.57089996]},"properties":{"name":"Pellston Regional Airport of Emmet County Airport","iata":"PLN","icao":"KPLN","type":"medium_airport","tier":"standard","longest_ft":6513,"longest_paved_ft":6513,"longest_hard_ft":6513,"municipality":"Pellston","iso_country":"US","iso_region":"US-MI"}},{"type":"Feature","geometry":{"type":"Point","coordinates":[-83.812897,45.407101]},"properties":{"name":"Presque Isle County Airport","iata":"","icao":"KPZQ","type":"small_airport","tier":"limited","longest_ft":4106,"longest_paved_ft":4106,"longest_hard_ft":4106,"municipality":"Rogers City","iso_country":"US","iso_region":"US-MI"}},{"type":"Feature","geometry":{"type":"Point","coordinates":[-99.568398,42.569698]},"properties":{"name":"Rock County Airport","iata":"","icao":"KRBE","type":"small_airport","tier":"limited","longest_ft":4698,"longest_paved_ft":4698,"longest_hard_ft":4698,"municipality":"Bassett","iso_country":"US","iso_region":"US-NE"}},{"type":"Feature","geometry":{"type":"Point","coordinates":[-85.51604,43.901755]},"properties":{"name":"Nartron Field","iata":"","icao":"MI31","type":"small_airport","tier":"limited","longest_ft":4506,"longest_paved_ft":4506,"longest_hard_ft":4506,"municipality":"Reed City","iso_country":"US","iso_region":"US-MI"}},{"type":"Feature","geometry":{"type":"Point","coordinates":[-85.50409698490002,43.7225990295]},"properties":{"name":"Roben Hood Airport","iata":"WBR","icao":"KRQB","type":"small_airport","tier":"limited","longest_ft":4300,"longest_paved_ft":4300,"longest_hard_ft":4300,"municipality":"Big Rapids","iso_country":"US","iso_region":"US-MI"}},{"type":"Feature","geometry":{"type":"Point","coordinates":[-85.566597,45.692299]},"properties":{"name":"Beaver Island Airport","iata":"","icao":"KSJX","type":"small_airport","tier":"limited","longest_ft":4299,"longest_paved_ft":4299,"longest_hard_ft":4299,"municipality":"Beaver Island","iso_country":"US","iso_region":"US-MI"}},{"type":"Feature","geometry":{"type":"Point","coordinates":[-84.519302,45.653702]},"properties":{"name":"Cheboygan County Airport","iata":"","icao":"KSLH","type":"small_airport","tier":"limited","longest_ft":4004,"longest_paved_ft":4004,"longest_hard_ft":4004,"municipality":"Cheboygan","iso_country":"US","iso_region":"US-MI"}},{"type":"Feature","geometry":{"type":"Point","coordinates":[-85.582199,44.741402]},"properties":{"name":"Cherry Capital Airport","iata":"TVC","icao":"KTVC","type":"medium_airport","tier":"standard","longest_ft":7016,"longest_paved_ft":7016,"longest_hard_ft":7016,"municipality":"Traverse City","iso_country":"US","iso_region":"US-MI"}},{"type":"Feature","geometry":{"type":"Point","coordinates":[-104.56800079345703,44.662899017333984]},"properties":{"name":"Hulett Municipal Airport","iata":"","icao":"KW43","type":"small_airport","tier":"limited","longest_ft":5500,"longest_paved_ft":5500,"longest_hard_ft":5500,"municipality":"Hulett","iso_country":"US","iso_region":"US-WY"}},{"type":"Feature","geometry":{"type":"Point","coordinates":[-84.179802,44.244801]},"properties":{"name":"West Branch Community Airport","iata":"WBK","icao":"KY31","type":"small_airport","tier":"limited","longest_ft":5000,"longest_paved_ft":5000,"longest_hard_ft":5000,"municipality":"West Branch","iso_country":"US","iso_region":"US-MI"}},{"type":"Feature","geometry":{"type":"Point","coordinates":[-97.385902404785,42.916698455811]},"properties":{"name":"Chan Gurney Municipal Airport","iata":"YKN","icao":"KYKN","type":"medium_airport","tier":"standard","longest_ft":6094,"longest_paved_ft":6094,"longest_hard_ft":6094,"municipality":"Yankton","iso_country":"US","iso_region":"US-SD"}},{"type":"Feature","geometry":{"type":"Point","coordinates":[-147.761993408,64.80680084229999]},"properties":{"name":"Metro Field","iata":"MTX","icao":"MTF","type":"small_airport","tier":"limited","longest_ft":4600,"longest_paved_ft":4600,"longest_hard_ft":4600,"municipality":"Fairbanks","iso_country":"US","iso_region":"US-AK"}},{"type":"Feature","geometry":{"type":"Point","coordinates":[-146.290028,70.136]},"properties":{"name":"Point Thomson Airstrip","iata":"","icao":"PAAD","type":"small_airport","tier":"limited","longest_ft":5000,"longest_paved_ft":0,"longest_hard_ft":5000,"municipality":"Deadhorse","iso_country":"US","iso_region":"US-AK"}},{"type":"Feature","geometry":{"type":"Point","coordinates":[-174.205994,52.220299]},"properties":{"name":"Atka Airport","iata":"AKB","icao":"PAAK","type":"small_airport","tier":"limited","longest_ft":4500,"longest_paved_ft":4500,"longest_hard_ft":4500,"municipality":"Atka","iso_country":"US","iso_region":"US-AK"}},{"type":"Feature","geometry":{"type":"Point","coordinates":[-149.08901,61.594898]},"properties":{"name":"Warren \"Bud\" Woods Palmer Municipal Airport","iata":"PAQ","icao":"PAAQ","type":"medium_airport","tier":"standard","longest_ft":6006,"longest_paved_ft":6006,"longest_hard_ft":6006,"municipality":"Palmer","iso_country":"US","iso_region":"US-AK"}},{"type":"Feature","geometry":{"type":"Point","coordinates":[-161.8379974,60.77980042]},"properties":{"name":"Bethel Airport","iata":"BET","icao":"PABE","type":"medium_airport","tier":"standard","longest_ft":6400,"longest_paved_ft":6400,"longest_hard_ft":6400,"municipality":"Bethel","iso_country":"US","iso_region":"US-AK"}},{"type":"Feature","geometry":{"type":"Point","coordinates":[-145.722,63.994499]},"properties":{"name":"Allen Army Airfield","iata":"BIG","icao":"PABI","type":"medium_airport","tier":"major","longest_ft":9000,"longest_paved_ft":9000,"longest_hard_ft":9000,"municipality":"Delta Junction Ft Greely","iso_country":"US","iso_region":"US-AK"}},{"type":"Feature","geometry":{"type":"Point","coordinates":[-147.02999877929688,70.13749694824219]},"properties":{"name":"Badami Airport","iata":"","icao":"PABP","type":"small_airport","tier":"limited","longest_ft":5100,"longest_paved_ft":0,"longest_hard_ft":5100,"municipality":"Deadhorse","iso_country":"US","iso_region":"US-AK"}},{"type":"Feature","geometry":{"type":"Point","coordinates":[-156.766008,71.285402]},"properties":{"name":"Wiley Post Will Rogers Memorial Airport","iata":"BRW","icao":"PABR","type":"medium_airport","tier":"standard","longest_ft":7100,"longest_paved_ft":7100,"longest_hard_ft":7100,"municipality":"Utqia\u0121vik","iso_country":"US","iso_region":"US-AK"}},{"type":"Feature","geometry":{"type":"Point","coordinates":[-149.507004,61.4165]},"properties":{"name":"Birchwood Airport","iata":"","icao":"PABV","type":"medium_airport","tier":"limited","longest_ft":4012,"longest_paved_ft":4012,"longest_hard_ft":4012,"municipality":"Birchwood","iso_country":"US","iso_region":"US-AK"}},{"type":"Feature","geometry":{"type":"Point","coordinates":[-162.725029,55.207871]},"properties":{"name":"Cold Bay Airport","iata":"CDB","icao":"PACD","type":"medium_airport","tier":"major","longest_ft":10179,"longest_paved_ft":10179,"longest_hard_ft":10179,"municipality":"Cold Bay","iso_country":"US","iso_region":"US-AK"}},{"type":"Feature","geometry":{"type":"Point","coordinates":[-143.740005,66.644997]},"properties":{"name":"Chalkyitsik Airport","iata":"CIK","icao":"PACI","type":"small_airport","tier":"limited","longest_ft":4000,"longest_paved_ft":0,"longest_hard_ft":4000,"municipality":"Chalkyitsik","iso_country":"US","iso_region":"US-AK"}},{"type":"Feature","geometry":{"type":"Point","coordinates":[-145.477997,60.491798]},"properties":{"name":"Merle K (Mudhole) Smith Airport","iata":"CDV","icao":"PACV","type":"medium_airport","tier":"standard","longest_ft":7500,"longest_paved_ft":7500,"longest_hard_ft":7500,"municipality":"Cordova","iso_country":"US","iso_region":"US-AK"}},{"type":"Feature","geometry":{"type":"Point","coordinates":[-150.203994751,67.25219726559999]},"properties":{"name":"Coldfoot Airport","iata":"CXF","icao":"PACX","type":"small_airport","tier":"limited","longest_ft":4011,"longest_paved_ft":0,"longest_hard_ft":4011,"municipality":"Coldfoot","iso_country":"US","iso_region":"US-AK"}},{"type":"Feature","geometry":{"type":"Point","coordinates":[-162.899002,68.032097]},"properties":{"name":"Red Dog Airport","iata":"RDB","icao":"PADG","type":"small_airport","tier":"standard","longest_ft":6312,"longest_paved_ft":6312,"longest_hard_ft":6312,"municipality":"Red Dog","iso_country":"US","iso_region":"US-AK"}},{"type":"Feature","geometry":{"type":"Point","coordinates":[-176.642783,51.883564]},"properties":{"name":"Adak Airport","iata":"ADK","icao":"PADK","type":"medium_airport","tier":"standard","longest_ft":7790,"longest_paved_ft":7790,"longest_hard_ft":7790,"municipality":"Adak","iso_country":"US","iso_region":"US-AK"}},{"type":"Feature","geometry":{"type":"Point","coordinates":[-158.5050049,59.04470062]},"properties":{"name":"Dillingham Airport","iata":"DLG","icao":"PADL","type":"medium_airport","tier":"standard","longest_ft":6400,"longest_paved_ft":6400,"longest_hard_ft":6400,"municipality":"Dillingham","iso_country":"US","iso_region":"US-AK"}},{"type":"Feature","geometry":{"type":"Point","coordinates":[-152.4940033,57.75]},"properties":{"name":"Kodiak Airport","iata":"ADQ","icao":"PADQ","type":"medium_airport","tier":"standard","longest_ft":7534,"longest_paved_ft":7534,"longest_hard_ft":7534,"municipality":"Kodiak","iso_country":"US","iso_region":"US-AK"}},{"type":"Feature","geometry":{"type":"Point","coordinates":[-149.807097,61.251709]},"properties":{"name":"Elmendorf Air Force Base","iata":"EDF","icao":"PAED","type":"medium_airport","tier":"major","longest_ft":10000,"longest_paved_ft":10000,"longest_hard_ft":10000,"municipality":"Anchorage","iso_country":"US","iso_region":"US-AK"}},{"type":"Feature","geometry":{"type":"Point","coordinates":[-147.102005,64.66570282]},"properties":{"name":"Eielson Air Force Base","iata":"EIL","icao":"PAEI","type":"medium_airport","tier":"major","longest_ft":14530,"longest_paved_ft":14530,"longest_hard_ft":14530,"municipality":"Fairbanks","iso_country":"US","iso_region":"US-AK"}},{"type":"Feature","geometry":{"type":"Point","coordinates":[-151.245174,60.570946]},"properties":{"name":"Kenai Municipal Airport","iata":"ENA","icao":"PAEN","type":"medium_airport","tier":"standard","longest_ft":7855,"longest_paved_ft":7855,"longest_hard_ft":7855,"municipality":"Kenai","iso_country":"US","iso_region":"US-AK"}},{"type":"Feature","geometry":{"type":"Point","coordinates":[-147.856003,64.815102]},"properties":{"name":"Fairbanks International Airport","iata":"FAI","icao":"PAFA","type":"medium_airport","tier":"major","longest_ft":11800,"longest_paved_ft":11800,"longest_hard_ft":11800,"municipality":"Fairbanks","iso_country":"US","iso_region":"US-AK"}},{"type":"Feature","geometry":{"type":"Point","coordinates":[-147.613998,64.837502]},"properties":{"name":"Ladd Army Airfield","iata":"FBK","icao":"PAFB","type":"medium_airport","tier":"major","longest_ft":8575,"longest_paved_ft":8575,"longest_hard_ft":8575,"municipality":"Fairbanks","iso_country":"US","iso_region":"US-AK"}},{"type":"Feature","geometry":{"type":"Point","coordinates":[-149.653,61.266399]},"properties":{"name":"Bryant Army Airfield","iata":"FRN","icao":"PAFR","type":"small_airport","tier":"limited","longest_ft":4175,"longest_paved_ft":4175,"longest_hard_ft":4175,"municipality":"Fort Richardson","iso_country":"US","iso_region":"US-AK"}},{"type":"Feature","geometry":{"type":"Point","coordinates":[-154.360399,63.017949]},"properties":{"name":"Nikolai Airport","iata":"NIB","icao":"PAFS","type":"small_airport","tier":"limited","longest_ft":4003,"longest_paved_ft":0,"longest_hard_ft":4003,"municipality":"Nikolai","iso_country":"US","iso_region":"US-AK"}},{"type":"Feature","geometry":{"type":"Point","coordinates":[-156.936997,64.736198]},"properties":{"name":"Edward G. Pitka Sr Airport","iata":"GAL","icao":"PAGA","type":"medium_airport","tier":"standard","longest_ft":6000,"longest_paved_ft":6000,"longest_hard_ft":6000,"municipality":"Galena","iso_country":"US","iso_region":"US-AK"}},{"type":"Feature","geometry":{"type":"Point","coordinates":[-149.490005493,68.4796981812]},"properties":{"name":"Galbraith Lake Airport","iata":"GBH","icao":"PAGB","type":"small_airport","tier":"limited","longest_ft":5182,"longest_paved_ft":0,"longest_hard_ft":5182,"municipality":"Galbraith Lake","iso_country":"US","iso_region":"US-AK"}},{"type":"Feature","geometry":{"type":"Point","coordinates":[-145.454662,62.155859]},"properties":{"name":"Gulkana Airport","iata":"GKN","icao":"PAGK","type":"medium_airport","tier":"limited","longest_ft":5001,"longest_paved_ft":5001,"longest_hard_ft":5001,"municipality":"Gulkana","iso_country":"US","iso_region":"US-AK"}},{"type":"Feature","geometry":{"type":"Point","coordinates":[-171.733303,63.767694]},"properties":{"name":"Gambell Airport","iata":"GAM","icao":"PAGM","type":"medium_airport","tier":"limited","longest_ft":4500,"longest_paved_ft":4500,"longest_hard_ft":4500,"municipality":"Gambell","iso_country":"US","iso_region":"US-AK"}},{"type":"Feature","geometry":{"type":"Point","coordinates":[-135.7070007,58.4253006]},"properties":{"name":"Gustavus Airport","iata":"GST","icao":"PAGS","type":"medium_airport","tier":"standard","longest_ft":6720,"longest_paved_ft":6720,"longest_hard_ft":6720,"municipality":"Gustavus","iso_country":"US","iso_region":"US-AK"}},{"type":"Feature","geometry":{"type":"Point","coordinates":[-159.77499389648438,62.18830108642578]},"properties":{"name":"Holy Cross Airport","iata":"HCR","icao":"PAHC","type":"medium_airport","tier":"limited","longest_ft":4000,"longest_paved_ft":0,"longest_hard_ft":4000,"municipality":"Holy Cross","iso_country":"US","iso_region":"US-AK"}},{"type":"Feature","geometry":{"type":"Point","coordinates":[-135.523925,59.243921]},"properties":{"name":"Haines Airport","iata":"HNS","icao":"PAHN","type":"medium_airport","tier":"limited","longest_ft":4000,"longest_paved_ft":4000,"longest_hard_ft":4000,"municipality":"Haines","iso_country":"US","iso_region":"US-AK"}},{"type":"Feature","geometry":{"type":"Point","coordinates":[-151.479235,59.644456]},"properties":{"name":"Homer Airport","iata":"HOM","icao":"PAHO","type":"medium_airport","tier":"standard","longest_ft":6701,"longest_paved_ft":6701,"longest_hard_ft":6701,"municipality":"Homer","iso_country":"US","iso_region":"US-AK"}},{"type":"Feature","geometry":{"type":"Point","coordinates":[-154.910996,59.754398]},"properties":{"name":"Iliamna Airport","iata":"ILI","icao":"PAIL","type":"medium_airport","tier":"limited","longest_ft":5086,"longest_paved_ft":5086,"longest_hard_ft":5086,"municipality":"Iliamna","iso_country":"US","iso_region":"US-AK"}},{"type":"Feature","geometry":{"type":"Point","coordinates":[-155.121002197,58.9821014404]},"properties":{"name":"Kulik Lake Airport","iata":"LKK","icao":"PAKL","type":"small_airport","tier":"limited","longest_ft":5000,"longest_paved_ft":0,"longest_hard_ft":4400,"municipality":"Kulik Lake","iso_country":"US","iso_region":"US-AK"}},{"type":"Feature","geometry":{"type":"Point","coordinates":[-156.651965,58.677845]},"properties":{"name":"King Salmon Airport","iata":"AKN","icao":"PAKN","type":"medium_airport","tier":"major","longest_ft":8901,"longest_paved_ft":8901,"longest_hard_ft":8901,"municipality":"King Salmon","iso_country":"US","iso_region":"US-AK"}},{"type":"Feature","geometry":{"type":"Point","coordinates":[-151.742996,68.133598]},"properties":{"name":"Anaktuvuk Pass Airport","iata":"AKP","icao":"PAKP","type":"medium_airport","tier":"limited","longest_ft":4800,"longest_paved_ft":0,"longest_hard_ft":4800,"municipality":"Anaktuvuk Pass","iso_country":"US","iso_region":"US-AK"}},{"type":"Feature","geometry":{"type":"Point","coordinates":[-149.598007202,70.33080291750001]},"properties":{"name":"Ugnu-Kuparuk Airport","iata":"UUK","icao":"PAKU","type":"small_airport","tier":"limited","longest_ft":6000,"longest_paved_ft":0,"longest_hard_ft":6000,"municipality":"Kuparuk","iso_country":"US","iso_region":"US-AK"}},{"type":"Feature","geometry":{"type":"Point","coordinates":[-153.237766,70.911118]},"properties":{"name":"Point Lonely Short Range Radar Site Airfield","iata":"LNI","icao":"PALN","type":"small_airport","tier":"limited","longest_ft":5000,"longest_paved_ft":0,"longest_hard_ft":5000,"municipality":"Point Lonely","iso_country":"US","iso_region":"US-AK"}},{"type":"Feature","geometry":{"type":"Point","coordinates":[-150.945007,70.344299]},"properties":{"name":"Alpine Airstrip","iata":"","icao":"PALP","type":"small_airport","tier":"limited","longest_ft":5005,"longest_paved_ft":0,"longest_hard_ft":5005,"municipality":"Nuiqsut","iso_country":"US","iso_region":"US-AK"}},{"type":"Feature","geometry":{"type":"Point","coordinates":[-155.6060028,62.95289993]},"properties":{"name":"McGrath Airport","iata":"MCG","icao":"PAMC","type":"medium_airport","tier":"limited","longest_ft":5936,"longest_paved_ft":5936,"longest_hard_ft":5936,"municipality":"McGrath","iso_country":"US","iso_region":"US-AK"}},{"type":"Feature","geometry":{"type":"Point","coordinates":[-162.1100006,63.49010086]},"properties":{"name":"St Michael Airport","iata":"SMK","icao":"PAMK","type":"small_airport","tier":"limited","longest_ft":4001,"longest_paved_ft":0,"longest_hard_ft":4001,"municipality":"St Michael","iso_country":"US","iso_region":"US-AK"}},{"type":"Feature","geometry":{"type":"Point","coordinates":[-149.843988,61.212792]},"properties":{"name":"Merrill Field","iata":"MRI","icao":"PAMR","type":"medium_airport","tier":"limited","longest_ft":4000,"longest_paved_ft":4000,"longest_hard_ft":4000,"municipality":"Anchorage","iso_country":"US","iso_region":"US-AK"}},{"type":"Feature","geometry":{"type":"Point","coordinates":[-149.992561,61.179004]},"properties":{"name":"Ted Stevens Anchorage International Airport","iata":"ANC","icao":"PANC","type":"large_airport","tier":"major","longest_ft":12400,"longest_paved_ft":12400,"longest_hard_ft":12400,"municipality":"Anchorage","iso_country":"US","iso_region":"US-AK"}},{"type":"Feature","geometry":{"type":"Point","coordinates":[-159.54299926757812,61.581600189208984]},"properties":{"name":"Aniak Airport","iata":"ANI","icao":"PANI","type":"medium_airport","tier":"standard","longest_ft":6200,"longest_paved_ft":6200,"longest_hard_ft":6200,"municipality":"Aniak","iso_country":"US","iso_region":"US-AK"}},{"type":"Feature","geometry":{"type":"Point","coordinates":[-149.074516,64.548772]},"properties":{"name":"Nenana Municipal Airport","iata":"ENN","icao":"PANN","type":"medium_airport","tier":"limited","longest_ft":4600,"longest_paved_ft":4600,"longest_hard_ft":4600,"municipality":"Nenana","iso_country":"US","iso_region":"US-AK"}},{"type":"Feature","geometry":{"type":"Point","coordinates":[-131.572609,55.037663]},"properties":{"name":"Annette Island Airport","iata":"ANN","icao":"PANT","type":"medium_airport","tier":"standard","longest_ft":7493,"longest_paved_ft":7493,"longest_hard_ft":7493,"municipality":"Metlakatla","iso_country":"US","iso_region":"US-AK"}},{"type":"Feature","geometry":{"type":"Point","coordinates":[-156.897003,66.9123]},"properties":{"name":"Kobuk Airport","iata":"OBU","icao":"PAOB","type":"small_airport","tier":"limited","longest_ft":4020,"longest_paved_ft":0,"longest_hard_ft":4020,"municipality":"Kobuk","iso_country":"US","iso_region":"US-AK"}},{"type":"Feature","geometry":{"type":"Point","coordinates":[-165.44500732421875,64.51219940185547]},"properties":{"name":"Nome Airport","iata":"OME","icao":"PAOM","type":"medium_airport","tier":"standard","longest_ft":6176,"longest_paved_ft":6176,"longest_hard_ft":6176,"municipality":"Nome","iso_country":"US","iso_region":"US-AK"}},{"type":"Feature","geometry":{"type":"Point","coordinates":[-141.929001,62.9613]},"properties":{"name":"Northway Airport","iata":"ORT","icao":"PAOR","type":"medium_airport","tier":"limited","longest_ft":5100,"longest_paved_ft":0,"longest_hard_ft":5100,"municipality":"Northway","iso_country":"US","iso_region":"US-AK"}},{"type":"Feature","geometry":{"type":"Point","coordinates":[-162.598999,66.88469696]},"properties":{"name":"Ralph Wien Memorial Airport","iata":"OTZ","icao":"PAOT","type":"medium_airport","tier":"standard","longest_ft":6300,"longest_paved_ft":6300,"longest_hard_ft":6300,"municipality":"Kotzebue","iso_country":"US","iso_region":"US-AK"}},{"type":"Feature","geometry":{"type":"Point","coordinates":[-132.9450073,56.80170059]},"properties":{"name":"Petersburg James A Johnson Airport","iata":"PSG","icao":"PAPG","type":"medium_airport","tier":"standard","longest_ft":6400,"longest_paved_ft":6400,"longest_hard_ft":6400,"municipality":"Petersburg","iso_country":"US","iso_region":"US-AK"}},{"type":"Feature","geometry":{"type":"Point","coordinates":[-166.798996,68.348801]},"properties":{"name":"Point Hope Airport","iata":"PHO","icao":"PAPO","type":"small_airport","tier":"limited","longest_ft":4000,"longest_paved_ft":4000,"longest_hard_ft":4000,"municipality":"Point Hope","iso_country":"US","iso_region":"US-AK"}},{"type":"Feature","geometry":{"type":"Point","coordinates":[-150.64399719238,66.814102172852]},"properties":{"name":"Prospect Creek Airport","iata":"PPC","icao":"PAPR","type":"small_airport","tier":"limited","longest_ft":4968,"longest_paved_ft":0,"longest_hard_ft":4968,"municipality":"Prospect Creek","iso_country":"US","iso_region":"US-AK"}},{"type":"Feature","geometry":{"type":"Point","coordinates":[-161.845,59.7551]},"properties":{"name":"Quinhagak Airport","iata":"KWN","icao":"PAQH","type":"small_airport","tier":"limited","longest_ft":4000,"longest_paved_ft":0,"longest_hard_ft":4000,"municipality":"Quinhagak","iso_country":"US","iso_region":"US-AK"}},{"type":"Feature","geometry":{"type":"Point","coordinates":[-148.4649963,70.19470215]},"properties":{"name":"Deadhorse Airport","iata":"SCC","icao":"PASC","type":"medium_airport","tier":"standard","longest_ft":6500,"longest_paved_ft":6500,"longest_hard_ft":6500,"municipality":"Deadhorse","iso_country":"US","iso_region":"US-AK"}},{"type":"Feature","geometry":{"type":"Point","coordinates":[-166.089112,66.249604]},"properties":{"name":"Shishmaref Airport","iata":"SHH","icao":"PASH","type":"small_airport","tier":"limited","longest_ft":4997,"longest_paved_ft":4997,"longest_hard_ft":4997,"municipality":"Shishmaref","iso_country":"US","iso_region":"US-AK"}},{"type":"Feature","geometry":{"type":"Point","coordinates":[-170.222555,57.166311]},"properties":{"name":"St Paul Island Airport","iata":"SNP","icao":"PASN","type":"medium_airport","tier":"standard","longest_ft":6500,"longest_paved_ft":6500,"longest_hard_ft":6500,"municipality":"St Paul Island","iso_country":"US","iso_region":"US-AK"}},{"type":"Feature","geometry":{"type":"Point","coordinates":[-151.038471,60.474935]},"properties":{"name":"Soldotna Airport","iata":"SXQ","icao":"PASX","type":"medium_airport","tier":"limited","longest_ft":5001,"longest_paved_ft":5001,"longest_hard_ft":5001,"municipality":"Soldotna","iso_country":"US","iso_region":"US-AK"}},{"type":"Feature","geometry":{"type":"Point","coordinates":[-152.108994,65.1744]},"properties":{"name":"Ralph M Calhoun Memorial Airport","iata":"TAL","icao":"PATA","type":"small_airport","tier":"limited","longest_ft":4400,"longest_paved_ft":0,"longest_hard_ft":4400,"municipality":"Tanana","iso_country":"US","iso_region":"US-AK"}},{"type":"Feature","geometry":{"type":"Point","coordinates":[-167.921997,65.563103]},"properties":{"name":"Tin City Long Range Radar Station Airport","iata":"TNC","icao":"PATC","type":"small_airport","tier":"limited","longest_ft":4702,"longest_paved_ft":0,"longest_hard_ft":4702,"municipality":"Tin City","iso_country":"US","iso_region":"US-AK"}},{"type":"Feature","geometry":{"type":"Point","coordinates":[-164.722481,62.682653]},"properties":{"name":"Alakanuk Airport","iata":"AUK","icao":"PAUK","type":"small_airport","tier":"limited","longest_ft":4000,"longest_paved_ft":0,"longest_hard_ft":4000,"municipality":"Alakanuk","iso_country":"US","iso_region":"US-AK"}},{"type":"Feature","geometry":{"type":"Point","coordinates":[-152.136002,69.371101]},"properties":{"name":"Umiat Airport","iata":"UMT","icao":"PAUM","type":"small_airport","tier":"limited","longest_ft":5583,"longest_paved_ft":0,"longest_hard_ft":5583,"municipality":"Umiat","iso_country":"US","iso_region":"US-AK"}},{"type":"Feature","geometry":{"type":"Point","coordinates":[-150.052002,61.7542]},"properties":{"name":"Willow Airport","iata":"WOW","icao":"PAUO","type":"small_airport","tier":"limited","longest_ft":4400,"longest_paved_ft":0,"longest_hard_ft":4400,"municipality":"Willow","iso_country":"US","iso_region":"US-AK"}},{"type":"Feature","geometry":{"type":"Point","coordinates":[-165.604332,54.14459]},"properties":{"name":"Akutan Airport","iata":"KQA","icao":"PAUT","type":"small_airport","tier":"limited","longest_ft":4500,"longest_paved_ft":4500,"longest_hard_ft":4500,"municipality":"Akutan","iso_country":"US","iso_region":"US-AK"}},{"type":"Feature","geometry":{"type":"Point","coordinates":[-146.246567,61.132712]},"properties":{"name":"Valdez Pioneer Field","iata":"VDZ","icao":"PAVD","type":"medium_airport","tier":"standard","longest_ft":6500,"longest_paved_ft":6500,"longest_hard_ft":6500,"municipality":"Valdez","iso_country":"US","iso_region":"US-AK"}},{"type":"Feature","geometry":{"type":"Point","coordinates":[-146.365997,67.008698]},"properties":{"name":"Venetie Airport","iata":"VEE","icao":"PAVE","type":"small_airport","tier":"limited","longest_ft":4000,"longest_paved_ft":0,"longest_hard_ft":4000,"municipality":"Venetie","iso_country":"US","iso_region":"US-AK"}},{"type":"Feature","geometry":{"type":"Point","coordinates":[-149.418612,60.130478]},"properties":{"name":"Seward Airport","iata":"SWD","icao":"PAWD","type":"medium_airport","tier":"limited","longest_ft":4249,"longest_paved_ft":4249,"longest_hard_ft":4249,"municipality":"Seward","iso_country":"US","iso_region":"US-AK"}},{"type":"Feature","geometry":{"type":"Point","coordinates":[-132.3699951,56.48429871]},"properties":{"name":"Wrangell Airport","iata":"WRG","icao":"PAWG","type":"medium_airport","tier":"standard","longest_ft":6000,"longest_paved_ft":6000,"longest_hard_ft":6000,"municipality":"Wrangell","iso_country":"US","iso_region":"US-AK"}},{"type":"Feature","geometry":{"type":"Point","coordinates":[-139.660435,59.508717]},"properties":{"name":"Yakutat Airport","iata":"YAK","icao":"PAYA","type":"medium_airport","tier":"standard","longest_ft":7732,"longest_paved_ft":7732,"longest_hard_ft":7732,"municipality":"Yakutat","iso_country":"US","iso_region":"US-AK"}},{"type":"Feature","geometry":{"type":"Point","coordinates":[-152.621994,66.551804]},"properties":{"name":"Allakaket Airport","iata":"AET","icao":"PFAL","type":"small_airport","tier":"limited","longest_ft":4000,"longest_paved_ft":0,"longest_hard_ft":4000,"municipality":"Allakaket","iso_country":"US","iso_region":"US-AK"}},{"type":"Feature","geometry":{"type":"Point","coordinates":[-163.533005,63.030602]},"properties":{"name":"Kotlik Airport","iata":"KOT","icao":"PFKO","type":"small_airport","tier":"limited","longest_ft":4400,"longest_paved_ft":0,"longest_hard_ft":4400,"municipality":"Kotlik","iso_country":"US","iso_region":"US-AK"}},{"type":"Feature","geometry":{"type":"Point","coordinates":[-157.727005,64.876099]},"properties":{"name":"Koyukuk Airport","iata":"KYU","icao":"PFKU","type":"small_airport","tier":"limited","longest_ft":4000,"longest_paved_ft":0,"longest_hard_ft":4000,"municipality":"Koyukuk","iso_country":"US","iso_region":"US-AK"}},{"type":"Feature","geometry":{"type":"Point","coordinates":[-161.018997,66.817902]},"properties":{"name":"Robert (Bob) Curtis Memorial Airport","iata":"ORV","icao":"PFNO","type":"small_airport","tier":"limited","longest_ft":4000,"longest_paved_ft":0,"longest_hard_ft":4000,"municipality":"Noorvik","iso_country":"US","iso_region":"US-AK"}},{"type":"Feature","geometry":{"type":"Point","coordinates":[-145.249987,66.571651]},"properties":{"name":"Fort Yukon Airport","iata":"FYU","icao":"PFYU","type":"medium_airport","tier":"limited","longest_ft":5000,"longest_paved_ft":0,"longest_hard_ft":5000,"municipality":"Fort Yukon","iso_country":"US","iso_region":"US-AK"}},{"type":"Feature","geometry":{"type":"Point","coordinates":[-157.350006,61.788101]},"properties":{"name":"Red Devil Airport","iata":"RDV","icao":"RDV","type":"small_airport","tier":"limited","longest_ft":4820,"longest_paved_ft":0,"longest_hard_ft":4820,"municipality":"Red Devil","iso_country":"US","iso_region":"US-AK"}},{"type":"Feature","geometry":{"type":"Point","coordinates":[-104.005512,45.479342]},"properties":{"name":"Sky Ranch for Boys Airport","iata":"","icao":"SD33","type":"small_airport","tier":"limited","longest_ft":4800,"longest_paved_ft":4800,"longest_hard_ft":4800,"municipality":"Camp Crook","iso_country":"US","iso_region":"US-SD"}},{"type":"Feature","geometry":{"type":"Point","coordinates":[-149.056835,66.016727]},"properties":{"name":"Stevens Village Airport","iata":"SVS","icao":"PFSV","type":"small_airport","tier":"limited","longest_ft":4000,"longest_paved_ft":0,"longest_hard_ft":4000,"municipality":"Stevens Village","iso_country":"US","iso_region":"US-AK"}},{"type":"Feature","geometry":{"type":"Point","coordinates":[-143.335998535,63.374401092499994]},"properties":{"name":"Tanacross Airport","iata":"TSG","icao":"TSG","type":"small_airport","tier":"limited","longest_ft":4963,"longest_paved_ft":4963,"longest_hard_ft":4963,"municipality":"Tanacross","iso_country":"US","iso_region":"US-AK"}},{"type":"Feature","geometry":{"type":"Point","coordinates":[-157.74479,57.424052]},"properties":{"name":"Ugashik Bay Airport","iata":"UGB","icao":"UGB","type":"small_airport","tier":"limited","longest_ft":5280,"longest_paved_ft":0,"longest_hard_ft":5280,"municipality":"Pilot Point","iso_country":"US","iso_region":"US-AK"}},{"type":"Feature","geometry":{"type":"Point","coordinates":[-156.635529,71.339245]},"properties":{"name":"Point Barrow Long Range Radar Station Airstrip","iata":"","icao":"US-0252","type":"small_airport","tier":"limited","longest_ft":4800,"longest_paved_ft":0,"longest_hard_ft":4800,"municipality":"Utqiagvik","iso_country":"US","iso_region":"US-AK"}},{"type":"Feature","geometry":{"type":"Point","coordinates":[-153.892279,62.509327]},"properties":{"name":"Farewell Airport","iata":"FWL","icao":"US-12647","type":"small_airport","tier":"limited","longest_ft":4600,"longest_paved_ft":0,"longest_hard_ft":4600,"municipality":"Farewell","iso_country":"US","iso_region":"US-AK"}},{"type":"Feature","geometry":{"type":"Point","coordinates":[-76.611944,52.221944]},"properties":{"name":"Opinaca Aerodrome","iata":"YOI","icao":"YOI","type":"small_airport","tier":"limited","longest_ft":4915,"longest_paved_ft":0,"longest_hard_ft":4915,"municipality":"\u00c9l\u00e9onore Mine","iso_country":"CA","iso_region":"CA-QC"}},{"type":"Feature","geometry":{"type":"Point","coordinates":[-145.824005127,66.2740020752]},"properties":{"name":"Birch Creek Airport","iata":"KBC","icao":"Z91","type":"small_airport","tier":"limited","longest_ft":4000,"longest_paved_ft":0,"longest_hard_ft":4000,"municipality":"Birch Creek","iso_country":"US","iso_region":"US-AK"}},{"type":"Feature","geometry":{"type":"Point","coordinates":[-159.994003296,60.9807014465]},"properties":{"name":"Nyac Airport","iata":"ZNC","icao":"ZNC","type":"small_airport","tier":"limited","longest_ft":4512,"longest_paved_ft":0,"longest_hard_ft":4512,"municipality":"Nyac","iso_country":"US","iso_region":"US-AK"}}]}