{"type":"FeatureCollection","name":"hospitals","metadata":{"generated":"2026-05-14T16:46:14Z","source":"HIFLD Hospitals (US) + StatCan ODHF v1.1 (CA) + OSM (GL/IS)","clipped_to":"scenario.geojson land polygons (Ocean excluded)","count":953},"features":[{"type":"Feature","geometry":{"type":"Point","coordinates":[-100.894448090807,47.5182155167328]},"properties":{"name":"CHI ST ALEXIUS HEALTH TURTLE LAKE","address":"","city":"TURTLE LAKE","region":"ND","country":"US","type":"CRITICAL ACCESS","beds":25,"trauma":"NOT AVAILABLE","helipad":"NOT AVAILABLE","tier":"limited","source":"HIFLD"}},{"type":"Feature","geometry":{"type":"Point","coordinates":[-149.829801554098,61.1850968029751]},"properties":{"name":"ALASKA PSYCHIATRIC INSTITUTE","address":"","city":"ANCHORAGE","region":"AK","country":"US","type":"PSYCHIATRIC","beds":80,"trauma":"NOT AVAILABLE","helipad":"NOT AVAILABLE","tier":"limited","source":"HIFLD"}},{"type":"Feature","geometry":{"type":"Point","coordinates":[-149.800292628602,61.182950346981]},"properties":{"name":"ALASKA NATIVE MEDICAL CENTER - ANMC","address":"","city":"ANCHORAGE","region":"AK","country":"US","type":"GENERAL ACUTE CARE","beds":148,"trauma":"LEVEL II","helipad":"NOT AVAILABLE","tier":"major","source":"HIFLD"}},{"type":"Feature","geometry":{"type":"Point","coordinates":[-151.077826957848,60.4931690516105]},"properties":{"name":"CENTRAL PENINSULA GENERAL HOSPITAL","address":"","city":"SOLDOTNA","region":"AK","country":"US","type":"GENERAL ACUTE CARE","beds":108,"trauma":"LEVEL II","helipad":"Y","tier":"major","source":"HIFLD"}},{"type":"Feature","geometry":{"type":"Point","coordinates":[-149.828988170368,61.2107391418979]},"properties":{"name":"ALASKA REGIONAL HOSPITAL","address":"","city":"ANCHORAGE","region":"AK","country":"US","type":"GENERAL ACUTE CARE","beds":132,"trauma":"NOT DESIGNATED","helipad":"Y","tier":"standard","source":"HIFLD"}},{"type":"Feature","geometry":{"type":"Point","coordinates":[-149.819958702732,61.1887628803028]},"properties":{"name":"PROVIDENCE ALASKA MEDICAL CENTER","address":"","city":"ANCHORAGE","region":"AK","country":"US","type":"GENERAL ACUTE CARE","beds":371,"trauma":"LEVEL II","helipad":"Y","tier":"major","source":"HIFLD"}},{"type":"Feature","geometry":{"type":"Point","coordinates":[-99.1238200243746,47.4542295859267]},"properties":{"name":"CARRINGTON HEALTH CENTER","address":"","city":"CARRINGTON","region":"ND","country":"US","type":"CRITICAL ACCESS","beds":25,"trauma":"NOT AVAILABLE","helipad":"NOT AVAILABLE","tier":"limited","source":"HIFLD"}},{"type":"Feature","geometry":{"type":"Point","coordinates":[-151.550129834324,59.6524701162029]},"properties":{"name":"SOUTH PENINSULA HOSPITAL","address":"","city":"HOMER","region":"AK","country":"US","type":"CRITICAL ACCESS","beds":50,"trauma":"LEVEL IV","helipad":"Y","tier":"major","source":"HIFLD"}},{"type":"Feature","geometry":{"type":"Point","coordinates":[-147.739392817125,64.8317447076522]},"properties":{"name":"FAIRBANKS MEMORIAL HOSPITAL","address":"","city":"FAIRBANKS","region":"AK","country":"US","type":"GENERAL ACUTE CARE","beds":217,"trauma":"LEVEL IV","helipad":"Y","tier":"major","source":"HIFLD"}},{"type":"Feature","geometry":{"type":"Point","coordinates":[-152.375607730612,57.800899982748]},"properties":{"name":"PROVIDENCE KODIAK ISLAND MEDICAL CENTER","address":"","city":"KODIAK","region":"AK","country":"US","type":"GENERAL ACUTE CARE","beds":25,"trauma":"LEVEL IV","helipad":"Y","tier":"major","source":"HIFLD"}},{"type":"Feature","geometry":{"type":"Point","coordinates":[-101.841463454874,46.4073258144348]},"properties":{"name":"JACOBSON MEMORIAL HOSPITAL & CARE CENTER","address":"","city":"ELGIN","region":"ND","country":"US","type":"CRITICAL ACCESS","beds":30,"trauma":"NOT AVAILABLE","helipad":"NOT AVAILABLE","tier":"limited","source":"HIFLD"}},{"type":"Feature","geometry":{"type":"Point","coordinates":[-149.258311156834,61.5628935768771]},"properties":{"name":"MAT-SU REGIONAL MEDICAL CENTER","address":"","city":"PALMER","region":"AK","country":"US","type":"GENERAL ACUTE CARE","beds":74,"trauma":"LEVEL IV","helipad":"Y","tier":"major","source":"HIFLD"}},{"type":"Feature","geometry":{"type":"Point","coordinates":[-146.346551668025,61.1365337821084]},"properties":{"name":"PROVIDENCE VALDEZ MEDICAL CENTER","address":"","city":"VALDEZ","region":"AK","country":"US","type":"GENERAL ACUTE CARE","beds":21,"trauma":"LEVEL IV","helipad":"Y","tier":"major","source":"HIFLD"}},{"type":"Feature","geometry":{"type":"Point","coordinates":[-162.58682625183,66.8960016235761]},"properties":{"name":"MANIILAQ MEDICAL CENTER","address":"","city":"KOTZEBUE","region":"AK","country":"US","type":"CRITICAL ACCESS","beds":17,"trauma":"LEVEL IV","helipad":"NOT AVAILABLE","tier":"major","source":"HIFLD"}},{"type":"Feature","geometry":{"type":"Point","coordinates":[-98.1185568736008,47.4459560479333]},"properties":{"name":"COOPERSTOWN MEDICAL CENTER","address":"","city":"COOPERSTOWN","region":"ND","country":"US","type":"CRITICAL ACCESS","beds":18,"trauma":"NOT AVAILABLE","helipad":"NOT AVAILABLE","tier":"limited","source":"HIFLD"}},{"type":"Feature","geometry":{"type":"Point","coordinates":[-102.628574447952,46.0018005937225]},"properties":{"name":"WEST RIVER REGIONAL MEDICAL CENTER-CAH","address":"","city":"HETTINGER","region":"ND","country":"US","type":"CRITICAL ACCESS","beds":25,"trauma":"NOT AVAILABLE","helipad":"NOT AVAILABLE","tier":"limited","source":"HIFLD"}},{"type":"Feature","geometry":{"type":"Point","coordinates":[-156.778767704766,71.2928471401834]},"properties":{"name":"SAMUEL SIMMONDS MEMORIAL HOSPITAL","address":"","city":"BARROW","region":"AK","country":"US","type":"CRITICAL ACCESS","beds":null,"trauma":"LEVEL IV","helipad":"NOT AVAILABLE","tier":"major","source":"HIFLD"}},{"type":"Feature","geometry":{"type":"Point","coordinates":[-146.409077652911,62.0718928523733]},"properties":{"name":"CROSS ROAD MEDICAL CENTER","address":"","city":"GLENNALLEN","region":"AK","country":"US","type":"GENERAL ACUTE CARE","beds":null,"trauma":"NOT AVAILABLE","helipad":"NOT AVAILABLE","tier":"standard","source":"HIFLD"}},{"type":"Feature","geometry":{"type":"Point","coordinates":[-147.092624533995,64.6784067051054]},"properties":{"name":"EIELSON MEDICAL CLINIC","address":"","city":"EIELSON AFB","region":"AK","country":"US","type":"MILITARY","beds":null,"trauma":"NOT AVAILABLE","helipad":"NOT AVAILABLE","tier":"major","source":"HIFLD"}},{"type":"Feature","geometry":{"type":"Point","coordinates":[-103.404660439827,46.1818714126356]},"properties":{"name":"SOUTHWEST HEALTHCARE SERVICES","address":"","city":"BOWMAN","region":"ND","country":"US","type":"CRITICAL ACCESS","beds":23,"trauma":"NOT AVAILABLE","helipad":"NOT AVAILABLE","tier":"limited","source":"HIFLD"}},{"type":"Feature","geometry":{"type":"Point","coordinates":[-98.1777495725847,47.765642663778]},"properties":{"name":"NELSON COUNTY HEALTH SYSTEM","address":"","city":"MCVILLE","region":"ND","country":"US","type":"CRITICAL ACCESS","beds":19,"trauma":"NOT AVAILABLE","helipad":"NOT AVAILABLE","tier":"limited","source":"HIFLD"}},{"type":"Feature","geometry":{"type":"Point","coordinates":[-99.9320512638547,47.7670968873115]},"properties":{"name":"ST ALOISIUS MEDICAL CENTER","address":"","city":"HARVEY","region":"ND","country":"US","type":"CRITICAL ACCESS","beds":25,"trauma":"NOT AVAILABLE","helipad":"Y","tier":"limited","source":"HIFLD"}},{"type":"Feature","geometry":{"type":"Point","coordinates":[-134.465152632288,58.3290795114104]},"properties":{"name":"BARTLETT REGIONAL HOSPITAL","address":"","city":"JUNEAU","region":"AK","country":"US","type":"CRITICAL ACCESS","beds":null,"trauma":"LEVEL IV","helipad":"Y","tier":"major","source":"HIFLD"}},{"type":"Feature","geometry":{"type":"Point","coordinates":[-147.662229159048,64.8297002383754]},"properties":{"name":"BASSETT ARMY COMMUNITY HOSPITAL","address":"","city":"FORT WAINWRIGHT","region":"AK","country":"US","type":"MILITARY","beds":null,"trauma":"NOT DESIGNATED","helipad":"Y","tier":"major","source":"HIFLD"}},{"type":"Feature","geometry":{"type":"Point","coordinates":[-149.744530504179,61.232788022849]},"properties":{"name":"ALASKA VA HEALTHCARE SYSTEM","address":"","city":"ANCHORAGE","region":"AK","country":"US","type":"MILITARY","beds":null,"trauma":"NOT AVAILABLE","helipad":"Y","tier":"major","source":"HIFLD"}},{"type":"Feature","geometry":{"type":"Point","coordinates":[-84.2443007611711,44.2638023098288]},"properties":{"name":"WEST BRANCH REGIONAL MEDICAL CENTER","address":"","city":"WEST BRANCH","region":"MI","country":"US","type":"GENERAL ACUTE CARE","beds":88,"trauma":"NOT AVAILABLE","helipad":"NOT AVAILABLE","tier":"standard","source":"HIFLD"}},{"type":"Feature","geometry":{"type":"Point","coordinates":[-106.976002022975,44.8083730565714]},"properties":{"name":"MEMORIAL HOSPITAL OF SHERIDAN COUNTY","address":"","city":"SHERIDAN","region":"WY","country":"US","type":"GENERAL ACUTE CARE","beds":88,"trauma":"ATH","helipad":"Y","tier":"standard","source":"HIFLD"}},{"type":"Feature","geometry":{"type":"Point","coordinates":[-105.517479239875,44.2898826473663]},"properties":{"name":"CAMPBELL COUNTY MEMORIAL HOSPITAL","address":"","city":"GILLETTE","region":"WY","country":"US","type":"GENERAL ACUTE CARE","beds":90,"trauma":"ATH","helipad":"Y","tier":"standard","source":"HIFLD"}},{"type":"Feature","geometry":{"type":"Point","coordinates":[-97.9912405548077,43.3996903802069]},"properties":{"name":"AVERA SAINT BENEDICT HEALTH CENTER","address":"","city":"PARKSTON","region":"SD","country":"US","type":"CRITICAL ACCESS","beds":25,"trauma":"TRH","helipad":"NOT AVAILABLE","tier":"limited","source":"HIFLD"}},{"type":"Feature","geometry":{"type":"Point","coordinates":[-99.8472950910955,43.3699297578521]},"properties":{"name":"WINNER REGIONAL HEALTHCARE CENTER","address":"","city":"WINNER","region":"SD","country":"US","type":"CRITICAL ACCESS","beds":25,"trauma":"CTH","helipad":"Y","tier":"limited","source":"HIFLD"}},{"type":"Feature","geometry":{"type":"Point","coordinates":[-97.7290452420443,43.1490361598909]},"properties":{"name":"LANDMANN-JUNGMAN MEMORIAL HOSPITAL","address":"","city":"SCOTLAND","region":"SD","country":"US","type":"CRITICAL ACCESS","beds":25,"trauma":"TRH","helipad":"Y","tier":"limited","source":"HIFLD"}},{"type":"Feature","geometry":{"type":"Point","coordinates":[-98.8361564418663,43.384647676649]},"properties":{"name":"PLATTE HEALTH CENTER","address":"","city":"PLATTE","region":"SD","country":"US","type":"CRITICAL ACCESS","beds":17,"trauma":"TRH","helipad":"Y","tier":"limited","source":"HIFLD"}},{"type":"Feature","geometry":{"type":"Point","coordinates":[-97.401259173572,42.9147729669989]},"properties":{"name":"SD HUMAN SERVICES CENTER","address":"","city":"YANKTON","region":"SD","country":"US","type":"PSYCHIATRIC","beds":133,"trauma":"NOT AVAILABLE","helipad":"NOT AVAILABLE","tier":"limited","source":"HIFLD"}},{"type":"Feature","geometry":{"type":"Point","coordinates":[-98.3020032285661,43.0783751487941]},"properties":{"name":"WAGNER COMMUNITY MEMORIAL HOSPITAL","address":"","city":"WAGNER","region":"SD","country":"US","type":"CRITICAL ACCESS","beds":20,"trauma":"TRH","helipad":"Y","tier":"limited","source":"HIFLD"}},{"type":"Feature","geometry":{"type":"Point","coordinates":[-97.8675251008027,42.9915707799676]},"properties":{"name":"SAINT MICHAELS HOSPITAL","address":"","city":"TYNDALL","region":"SD","country":"US","type":"CRITICAL ACCESS","beds":25,"trauma":"TRH","helipad":"Y","tier":"limited","source":"HIFLD"}},{"type":"Feature","geometry":{"type":"Point","coordinates":[-83.2781900102607,43.834188077218]},"properties":{"name":"SCHEURER HOSPITAL","address":"","city":"PIGEON","region":"MI","country":"US","type":"CRITICAL ACCESS","beds":25,"trauma":"NOT AVAILABLE","helipad":"NOT AVAILABLE","tier":"limited","source":"HIFLD"}},{"type":"Feature","geometry":{"type":"Point","coordinates":[-83.9243996003613,43.5998367453695]},"properties":{"name":"MCLAREN BAY REGIONAL","address":"","city":"BAY CITY","region":"MI","country":"US","type":"GENERAL ACUTE CARE","beds":20,"trauma":"NOT AVAILABLE","helipad":"NOT AVAILABLE","tier":"standard","source":"HIFLD"}},{"type":"Feature","geometry":{"type":"Point","coordinates":[-83.92445664256,43.6004770329887]},"properties":{"name":"MCLAREN BAY SPECIAL CARE HOSPITAL","address":"","city":"BAY CITY","region":"MI","country":"US","type":"LONG TERM CARE","beds":31,"trauma":"NOT AVAILABLE","helipad":"NOT AVAILABLE","tier":"limited","source":"HIFLD"}},{"type":"Feature","geometry":{"type":"Point","coordinates":[-82.6521156840915,43.8426626307759]},"properties":{"name":"HARBOR BEACH COMMUNITY HOSPITAL","address":"","city":"HARBOR BEACH","region":"MI","country":"US","type":"CRITICAL ACCESS","beds":15,"trauma":"NOT AVAILABLE","helipad":"NOT AVAILABLE","tier":"limited","source":"HIFLD"}},{"type":"Feature","geometry":{"type":"Point","coordinates":[-85.5212920635778,43.878461731224]},"properties":{"name":"SPECTRUM HEALTH - REED CITY CAMPUS","address":"","city":"REED CITY","region":"MI","country":"US","type":"CRITICAL ACCESS","beds":25,"trauma":"NOT AVAILABLE","helipad":"NOT AVAILABLE","tier":"limited","source":"HIFLD"}},{"type":"Feature","geometry":{"type":"Point","coordinates":[-84.4938875626609,43.9759436706639]},"properties":{"name":"MIDMICHIGAN MEDICAL CENTER-GLADWIN","address":"","city":"GLADWIN","region":"MI","country":"US","type":"CRITICAL ACCESS","beds":25,"trauma":"NOT AVAILABLE","helipad":"NOT AVAILABLE","tier":"limited","source":"HIFLD"}},{"type":"Feature","geometry":{"type":"Point","coordinates":[-86.3646861907151,43.6066040376463]},"properties":{"name":"MERCY HEALTH PARTNERS LAKESHORE CAMPUS","address":"","city":"SHELBY","region":"MI","country":"US","type":"CRITICAL ACCESS","beds":24,"trauma":"NOT AVAILABLE","helipad":"NOT AVAILABLE","tier":"limited","source":"HIFLD"}},{"type":"Feature","geometry":{"type":"Point","coordinates":[-83.9692167038878,43.981865680257]},"properties":{"name":"SAINT MARY'S STANDISH COMMUNITY HOSPITAL","address":"","city":"STANDISH","region":"MI","country":"US","type":"CRITICAL ACCESS","beds":25,"trauma":"NOT AVAILABLE","helipad":"NOT AVAILABLE","tier":"limited","source":"HIFLD"}},{"type":"Feature","geometry":{"type":"Point","coordinates":[-84.7294509216227,45.8906314637711]},"properties":{"name":"MACKINAC STRAITS HOSPITAL AND HEALTH CENTER","address":"","city":"SAINT IGNACE","region":"MI","country":"US","type":"CRITICAL ACCESS","beds":15,"trauma":"NOT AVAILABLE","helipad":"NOT AVAILABLE","tier":"limited","source":"HIFLD"}},{"type":"Feature","geometry":{"type":"Point","coordinates":[-85.1842968501195,44.7312908617839]},"properties":{"name":"KALKASKA MEMORIAL HEALTH CENTER","address":"","city":"KALKASKA","region":"MI","country":"US","type":"CRITICAL ACCESS","beds":8,"trauma":"NOT AVAILABLE","helipad":"NOT AVAILABLE","tier":"limited","source":"HIFLD"}},{"type":"Feature","geometry":{"type":"Point","coordinates":[-86.243001073141,44.6367816664408]},"properties":{"name":"PAUL OLIVER MEMORIAL HOSPITAL","address":"","city":"FRANKFORT","region":"MI","country":"US","type":"CRITICAL ACCESS","beds":8,"trauma":"NOT AVAILABLE","helipad":"NOT AVAILABLE","tier":"limited","source":"HIFLD"}},{"type":"Feature","geometry":{"type":"Point","coordinates":[-84.2603959916816,43.6352360872756]},"properties":{"name":"MIDMICHIGAN MEDICAL CENTER-MIDLAND","address":"","city":"MIDLAND","region":"MI","country":"US","type":"GENERAL ACUTE CARE","beds":308,"trauma":"LEVEL II","helipad":"Y","tier":"major","source":"HIFLD"}},{"type":"Feature","geometry":{"type":"Point","coordinates":[-83.5097204890093,44.2752181114267]},"properties":{"name":"TAWAS ST JOSEPH HOSPITAL","address":"","city":"TAWAS CITY","region":"MI","country":"US","type":"GENERAL ACUTE CARE","beds":49,"trauma":"NOT AVAILABLE","helipad":"NOT AVAILABLE","tier":"standard","source":"HIFLD"}},{"type":"Feature","geometry":{"type":"Point","coordinates":[-86.4304093841857,43.9581479408748]},"properties":{"name":"SPECTRUM HEALTH LUDINGTON HOSPITAL","address":"","city":"LUDINGTON","region":"MI","country":"US","type":"GENERAL ACUTE CARE","beds":49,"trauma":"NOT AVAILABLE","helipad":"NOT AVAILABLE","tier":"standard","source":"HIFLD"}},{"type":"Feature","geometry":{"type":"Point","coordinates":[-82.7342491522765,43.5281192098337]},"properties":{"name":"DECKERVILLE COMMUNITY HOSPITAL","address":"","city":"DECKERVILLE","region":"MI","country":"US","type":"GENERAL ACUTE CARE","beds":15,"trauma":"NOT AVAILABLE","helipad":"NOT AVAILABLE","tier":"standard","source":"HIFLD"}},{"type":"Feature","geometry":{"type":"Point","coordinates":[-83.1826039253309,43.6041804240874]},"properties":{"name":"HILLS & DALES GENERAL HOSPITAL","address":"","city":"CASS CITY","region":"MI","country":"US","type":"GENERAL ACUTE CARE","beds":25,"trauma":"NOT AVAILABLE","helipad":"NOT AVAILABLE","tier":"standard","source":"HIFLD"}},{"type":"Feature","geometry":{"type":"Point","coordinates":[-84.7690474579738,43.8209649818485]},"properties":{"name":"MIDMICHIGAN MEDICAL CENTER-CLARE","address":"","city":"CLARE","region":"MI","country":"US","type":"GENERAL ACUTE CARE","beds":49,"trauma":"NOT AVAILABLE","helipad":"NOT AVAILABLE","tier":"standard","source":"HIFLD"}},{"type":"Feature","geometry":{"type":"Point","coordinates":[-84.9701199332882,45.3727535432415]},"properties":{"name":"MCLAREN - NORTHERN MICHIGAN","address":"","city":"PETOSKEY","region":"MI","country":"US","type":"GENERAL ACUTE CARE","beds":178,"trauma":"NOT AVAILABLE","helipad":"NOT AVAILABLE","tier":"standard","source":"HIFLD"}},{"type":"Feature","geometry":{"type":"Point","coordinates":[-84.6749176020656,45.0353270751844]},"properties":{"name":"OTSEGO MEMORIAL HOSPITAL","address":"","city":"GAYLORD","region":"MI","country":"US","type":"GENERAL ACUTE CARE","beds":46,"trauma":"NOT AVAILABLE","helipad":"NOT AVAILABLE","tier":"standard","source":"HIFLD"}},{"type":"Feature","geometry":{"type":"Point","coordinates":[-85.2748625569614,45.3148200920737]},"properties":{"name":"MUNSON HEALTHCARE CHARLEVOIX HOSPITAL","address":"","city":"CHARLEVOIX","region":"MI","country":"US","type":"GENERAL ACUTE CARE","beds":25,"trauma":"NOT AVAILABLE","helipad":"Y","tier":"standard","source":"HIFLD"}},{"type":"Feature","geometry":{"type":"Point","coordinates":[-83.4493742943881,45.0776729523449]},"properties":{"name":"MIDMICHIGAN MEDICAL CENTER - ALPENA","address":"","city":"ALPENA","region":"MI","country":"US","type":"GENERAL ACUTE CARE","beds":124,"trauma":"NOT AVAILABLE","helipad":"NOT AVAILABLE","tier":"standard","source":"HIFLD"}},{"type":"Feature","geometry":{"type":"Point","coordinates":[-85.6416359250579,44.7609781624123]},"properties":{"name":"MUNSON MEDICAL CENTER","address":"","city":"TRAVERSE CITY","region":"MI","country":"US","type":"GENERAL ACUTE CARE","beds":377,"trauma":"LEVEL II","helipad":"Y","tier":"major","source":"HIFLD"}},{"type":"Feature","geometry":{"type":"Point","coordinates":[-84.707014732344,44.6680970484401]},"properties":{"name":"MUNSON HEALTHCARE GRAYLING","address":"","city":"GRAYLING","region":"MI","country":"US","type":"GENERAL ACUTE CARE","beds":71,"trauma":"NOT AVAILABLE","helipad":"NOT AVAILABLE","tier":"standard","source":"HIFLD"}},{"type":"Feature","geometry":{"type":"Point","coordinates":[-94.7157395769199,45.3744005958109]},"properties":{"name":"CENTRACARE HEALTH PAYNESVILLE","address":"","city":"PAYNESVILLE","region":"MN","country":"US","type":"CRITICAL ACCESS","beds":30,"trauma":"IV","helipad":"Y","tier":"limited","source":"HIFLD"}},{"type":"Feature","geometry":{"type":"Point","coordinates":[-94.8244787243136,45.6757197198892]},"properties":{"name":"CENTRACARE HEALTH SYS MELROSE","address":"","city":"MELROSE","region":"MN","country":"US","type":"CRITICAL ACCESS","beds":28,"trauma":"IV","helipad":"Y","tier":"limited","source":"HIFLD"}},{"type":"Feature","geometry":{"type":"Point","coordinates":[-94.9554373342655,45.7457946868753]},"properties":{"name":"CENTRACARE HEALTH SYSTEM","address":"","city":"SAUK CENTRE","region":"MN","country":"US","type":"CRITICAL ACCESS","beds":28,"trauma":"IV","helipad":"Y","tier":"limited","source":"HIFLD"}},{"type":"Feature","geometry":{"type":"Point","coordinates":[-94.8484453789511,45.9735327911055]},"properties":{"name":"CENTRACARE HEALTH SYSTEM-LONG","address":"","city":"LONG PRAIRIE","region":"MN","country":"US","type":"CRITICAL ACCESS","beds":34,"trauma":"NOT AVAILABLE","helipad":"NOT AVAILABLE","tier":"limited","source":"HIFLD"}},{"type":"Feature","geometry":{"type":"Point","coordinates":[-94.3625669016412,45.9668817631829]},"properties":{"name":"ST GABRIELS HOSPITAL","address":"","city":"LITTLE FALLS","region":"MN","country":"US","type":"CRITICAL ACCESS","beds":49,"trauma":"IV","helipad":"Y","tier":"limited","source":"HIFLD"}},{"type":"Feature","geometry":{"type":"Point","coordinates":[-149.445835368907,60.1050581815899]},"properties":{"name":"PROVIDENCE SEWARD MEDICAL CENTER","address":"","city":"SEWARD","region":"AK","country":"US","type":"GENERAL ACUTE CARE","beds":46,"trauma":"LEVEL IV","helipad":"Y","tier":"major","source":"HIFLD"}},{"type":"Feature","geometry":{"type":"Point","coordinates":[-107.448850224059,45.5820798191284]},"properties":{"name":"CROW HOSPITAL","address":"","city":"CROW AGENCY","region":"MT","country":"US","type":"CRITICAL ACCESS","beds":null,"trauma":"NOT AVAILABLE","helipad":"NOT AVAILABLE","tier":"limited","source":"HIFLD"}},{"type":"Feature","geometry":{"type":"Point","coordinates":[-104.281203374336,46.3659592396273]},"properties":{"name":"FALLON MEDICAL COMPLEX HOSPITAL","address":"","city":"BAKER","region":"MT","country":"US","type":"CRITICAL ACCESS","beds":40,"trauma":"NOT AVAILABLE","helipad":"NOT AVAILABLE","tier":"limited","source":"HIFLD"}},{"type":"Feature","geometry":{"type":"Point","coordinates":[-104.548493763776,45.8879955058879]},"properties":{"name":"DAHL MEMORIAL HEALTHCARE ASSOCIATION","address":"","city":"EKALAKA","region":"MT","country":"US","type":"CRITICAL ACCESS","beds":31,"trauma":"NOT AVAILABLE","helipad":"NOT AVAILABLE","tier":"limited","source":"HIFLD"}},{"type":"Feature","geometry":{"type":"Point","coordinates":[-107.616532733399,45.7289167188316]},"properties":{"name":"BIG HORN COUNTY MEMORIAL HOSPITAL","address":"","city":"HARDIN","region":"MT","country":"US","type":"CRITICAL ACCESS","beds":61,"trauma":"TRH","helipad":"NOT AVAILABLE","tier":"limited","source":"HIFLD"}},{"type":"Feature","geometry":{"type":"Point","coordinates":[-109.443954020362,47.0585942142516]},"properties":{"name":"CENTRAL MONTANA MEDICAL CENTER","address":"","city":"LEWISTOWN","region":"MT","country":"US","type":"CRITICAL ACCESS","beds":90,"trauma":"CTH","helipad":"Y","tier":"limited","source":"HIFLD"}},{"type":"Feature","geometry":{"type":"Point","coordinates":[-98.4684940831354,42.8245735288453]},"properties":{"name":"NIOBRARA VALLEY HOSPITAL","address":"","city":"LYNCH","region":"NE","country":"US","type":"CRITICAL ACCESS","beds":20,"trauma":"NOT AVAILABLE","helipad":"NOT AVAILABLE","tier":"limited","source":"HIFLD"}},{"type":"Feature","geometry":{"type":"Point","coordinates":[-97.9168979359909,42.4659183426575]},"properties":{"name":"AVERA CREIGHTON HOSPITAL","address":"","city":"CREIGHTON","region":"NE","country":"US","type":"CRITICAL ACCESS","beds":23,"trauma":"LEVEL IV","helipad":"Y","tier":"major","source":"HIFLD"}},{"type":"Feature","geometry":{"type":"Point","coordinates":[-106.985736440384,44.8273777261012]},"properties":{"name":"VA MEDICAL CENTER - SHERIDAN","address":"","city":"SHERIDAN","region":"WY","country":"US","type":"MILITARY","beds":null,"trauma":"NOT AVAILABLE","helipad":"N","tier":"major","source":"HIFLD"}},{"type":"Feature","geometry":{"type":"Point","coordinates":[-149.744885007937,61.235345434844]},"properties":{"name":"ELMENDORF AFB HOSPITAL","address":"","city":"ANCHORAGE","region":"AK","country":"US","type":"MILITARY","beds":57,"trauma":"LEVEL IV","helipad":"Y","tier":"major","source":"HIFLD"}},{"type":"Feature","geometry":{"type":"Point","coordinates":[-149.809758317792,61.2056304386938]},"properties":{"name":"NORTH STAR HOSPITAL - BRAGAW CAMPUS","address":"","city":"ANCHORAGE","region":"AK","country":"US","type":"PSYCHIATRIC","beds":null,"trauma":"NOT AVAILABLE","helipad":"N","tier":"limited","source":"HIFLD"}},{"type":"Feature","geometry":{"type":"Point","coordinates":[-149.833484410077,61.2079072028552]},"properties":{"name":"NORTH STAR HOSPITAL - DEBARR CAMPUS","address":"","city":"ANCHORAGE","region":"AK","country":"US","type":"PSYCHIATRIC","beds":200,"trauma":"NOT AVAILABLE","helipad":"NOT AVAILABLE","tier":"limited","source":"HIFLD"}},{"type":"Feature","geometry":{"type":"Point","coordinates":[-145.750649146841,60.5412547743884]},"properties":{"name":"CORDOVA COMMUNITY MEDICAL CENTER","address":"","city":"CORDOVA","region":"AK","country":"US","type":"CRITICAL ACCESS","beds":23,"trauma":"NOT DESIGNATED","helipad":"Y","tier":"limited","source":"HIFLD"}},{"type":"Feature","geometry":{"type":"Point","coordinates":[-149.880115614344,61.1764109932728]},"properties":{"name":"ST. ELIAS SPECIALTY HOSPITAL","address":"","city":"ANCHORAGE","region":"AK","country":"US","type":"LONG TERM CARE","beds":null,"trauma":"NOT AVAILABLE","helipad":"N","tier":"limited","source":"HIFLD"}},{"type":"Feature","geometry":{"type":"Point","coordinates":[-161.78461277456,60.7883423500195]},"properties":{"name":"YUKON - KUSKOKWIM DELTA REGIONAL HOSPITAL","address":"","city":"BETHEL","region":"AK","country":"US","type":"CRITICAL ACCESS","beds":37,"trauma":"LEVEL IV","helipad":"NOT AVAILABLE","tier":"major","source":"HIFLD"}},{"type":"Feature","geometry":{"type":"Point","coordinates":[-99.4358486351064,43.2295546309415]},"properties":{"name":"AVERA GREGORY HEALTHCARE CENTER","address":"","city":"GREGORY","region":"SD","country":"US","type":"CRITICAL ACCESS","beds":25,"trauma":"TRH","helipad":"Y","tier":"limited","source":"HIFLD"}},{"type":"Feature","geometry":{"type":"Point","coordinates":[-99.294009792318,43.1820931608707]},"properties":{"name":"COMMUNITY MEMORIAL HOSPITAL","address":"","city":"BURKE","region":"SD","country":"US","type":"CRITICAL ACCESS","beds":16,"trauma":"TRH","helipad":"Y","tier":"limited","source":"HIFLD"}},{"type":"Feature","geometry":{"type":"Point","coordinates":[-98.3452786171144,43.3253156250161]},"properties":{"name":"DOUGLAS COUNTY MEMORIAL HOSPITAL","address":"","city":"ARMOUR","region":"SD","country":"US","type":"CRITICAL ACCESS","beds":11,"trauma":"TRH","helipad":"Y","tier":"limited","source":"HIFLD"}},{"type":"Feature","geometry":{"type":"Point","coordinates":[-98.9826620124419,42.5288883156433]},"properties":{"name":"WEST HOLT MEMORIAL HOSPITAL","address":"","city":"ATKINSON","region":"NE","country":"US","type":"CRITICAL ACCESS","beds":18,"trauma":"LEVEL IV","helipad":"Y","tier":"major","source":"HIFLD"}},{"type":"Feature","geometry":{"type":"Point","coordinates":[-98.6503828500884,42.4606454987908]},"properties":{"name":"AVERA ST ANTHONY'S HOSPITAL","address":"","city":"O'NEILL","region":"NE","country":"US","type":"CRITICAL ACCESS","beds":25,"trauma":"LEVEL IV","helipad":"Y","tier":"major","source":"HIFLD"}},{"type":"Feature","geometry":{"type":"Point","coordinates":[-99.5370913513847,42.5753837717437]},"properties":{"name":"ROCK COUNTY HOSPITAL","address":"","city":"BASSETT","region":"NE","country":"US","type":"CRITICAL ACCESS","beds":24,"trauma":"NOT AVAILABLE","helipad":"NOT AVAILABLE","tier":"limited","source":"HIFLD"}},{"type":"Feature","geometry":{"type":"Point","coordinates":[-83.0321291834151,43.8032103124061]},"properties":{"name":"HURON MEDICAL CENTER","address":"","city":"BAD AXE","region":"MI","country":"US","type":"GENERAL ACUTE CARE","beds":48,"trauma":"NOT AVAILABLE","helipad":"NOT AVAILABLE","tier":"standard","source":"HIFLD"}},{"type":"Feature","geometry":{"type":"Point","coordinates":[-85.3892952178,44.2454483627518]},"properties":{"name":"MUNSON HEALTHCARE CADILLAC","address":"","city":"CADILLAC","region":"MI","country":"US","type":"GENERAL ACUTE CARE","beds":49,"trauma":"NOT AVAILABLE","helipad":"NOT AVAILABLE","tier":"standard","source":"HIFLD"}},{"type":"Feature","geometry":{"type":"Point","coordinates":[-86.2742183597894,44.2710786588531]},"properties":{"name":"MUNSON HEALTHCARE MANISTEE HOSPITAL","address":"","city":"MANISTEE","region":"MI","country":"US","type":"CRITICAL ACCESS","beds":45,"trauma":"NOT AVAILABLE","helipad":"NOT AVAILABLE","tier":"limited","source":"HIFLD"}},{"type":"Feature","geometry":{"type":"Point","coordinates":[-97.4081910201994,42.8732545452611]},"properties":{"name":"AVERA SACRED HEART HOSPITAL","address":"","city":"YANKTON","region":"SD","country":"US","type":"GENERAL ACUTE CARE","beds":99,"trauma":"ATH","helipad":"Y","tier":"standard","source":"HIFLD"}},{"type":"Feature","geometry":{"type":"Point","coordinates":[-176.640263000037,51.8680050001307]},"properties":{"name":"ADAK MEDICAL CENTER - EAT","address":"","city":"ADAK","region":"AK","country":"US","type":"GENERAL ACUTE CARE","beds":null,"trauma":"NOT AVAILABLE","helipad":"NOT AVAILABLE","tier":"standard","source":"HIFLD"}},{"type":"Feature","geometry":{"type":"Point","coordinates":[-132.375803899231,56.4717823872474]},"properties":{"name":"WRANGELL MEDICAL CENTER","address":"","city":"WRANGELL","region":"AK","country":"US","type":"GENERAL ACUTE CARE","beds":22,"trauma":"LEVEL IV","helipad":"NOT AVAILABLE","tier":"major","source":"HIFLD"}},{"type":"Feature","geometry":{"type":"Point","coordinates":[-97.4008883309317,42.9009044057138]},"properties":{"name":"LEWIS AND CLARK SPECIALTY HOSPITAL","address":"","city":"YANKTON","region":"SD","country":"US","type":"SPECIAL","beds":10,"trauma":"NOT AVAILABLE","helipad":"NOT AVAILABLE","tier":"limited","source":"HIFLD"}},{"type":"Feature","geometry":{"type":"Point","coordinates":[-95.3892023059416,45.6463286415536]},"properties":{"name":"GLACIAL RIDGE HOSPITAL","address":"","city":"GLENWOOD","region":"MN","country":"US","type":"CRITICAL ACCESS","beds":34,"trauma":"IV","helipad":"Y","tier":"limited","source":"HIFLD"}},{"type":"Feature","geometry":{"type":"Point","coordinates":[-114.148426,51.074582]},"properties":{"name":"Alberta Children's Hospital","address":"28 oki dr nw","city":"calgary","region":"ab","country":"CA","type":"Hospitals","beds":null,"trauma":"","helipad":"","tier":"standard","source":"ODHF"}},{"type":"Feature","geometry":{"type":"Point","coordinates":[-113.73078500000001,53.351493000000005]},"properties":{"name":"Devon General Hospital","address":"101 erie st s","city":"devon","region":"ab","country":"CA","type":"Hospitals","beds":null,"trauma":"","helipad":"","tier":"standard","source":"ODHF"}},{"type":"Feature","geometry":{"type":"Point","coordinates":[-114.123674,51.661795]},"properties":{"name":"Didsbury District Health Services","address":"1210 20 ave","city":"didsbury","region":"ab","country":"CA","type":"Hospitals","beds":null,"trauma":"","helipad":"","tier":"standard","source":"ODHF"}},{"type":"Feature","geometry":{"type":"Point","coordinates":[-128.6472372,54.0504835]},"properties":{"name":"Kitimat Hospital & Health Centre","address":"920 lahakas blvd s","city":"kitimat","region":"bc","country":"CA","type":"Hospitals","beds":null,"trauma":"","helipad":"","tier":"limited","source":"ODHF"}},{"type":"Feature","geometry":{"type":"Point","coordinates":[-117.2848169,49.495024900000004]},"properties":{"name":"Kootenay Lake Hospital","address":"3 view st","city":"nelson","region":"bc","country":"CA","type":"Hospitals","beds":null,"trauma":"","helipad":"","tier":"standard","source":"ODHF"}},{"type":"Feature","geometry":{"type":"Point","coordinates":[-123.5085986,48.861445200000006]},"properties":{"name":"Lady Minto Gulf Islands Hospital","address":"135 crofton rd","city":"salt spring island","region":"bc","country":"CA","type":"Hospitals","beds":null,"trauma":"","helipad":"","tier":"standard","source":"ODHF"}},{"type":"Feature","geometry":{"type":"Point","coordinates":[-125.76126229999998,54.23562679999999]},"properties":{"name":"Lakes District Hospital and Health Centre","address":"741 centre st","city":"burns lake","region":"bc","country":"CA","type":"Hospitals","beds":null,"trauma":"","helipad":"","tier":"limited","source":"ODHF"}},{"type":"Feature","geometry":{"type":"Point","coordinates":[-122.61207900000001,49.0952999]},"properties":{"name":"Langley Memorial Hospital","address":"22051 fraser hwy","city":"langley","region":"bc","country":"CA","type":"Hospitals","beds":null,"trauma":"","helipad":"","tier":"standard","source":"ODHF"}},{"type":"Feature","geometry":{"type":"Point","coordinates":[-121.93879059999999,50.690014]},"properties":{"name":"Lillooet District Hospital and Health Centre","address":"951 murray st","city":"lillooet","region":"bc","country":"CA","type":"Hospitals","beds":null,"trauma":"","helipad":"","tier":"limited","source":"ODHF"}},{"type":"Feature","geometry":{"type":"Point","coordinates":[-123.06837009999998,49.32186420000001]},"properties":{"name":"Lions Gate Hospital","address":"231 east 15 st","city":"north vancouver","region":"bc","country":"CA","type":"Hospitals","beds":null,"trauma":"","helipad":"","tier":"standard","source":"ODHF"}},{"type":"Feature","geometry":{"type":"Point","coordinates":[-114.96919299999999,53.211841]},"properties":{"name":"Drayton Valley Hospital & Care Centre","address":"4550 madsen ave","city":"drayton valley","region":"ab","country":"CA","type":"Hospitals","beds":null,"trauma":"","helipad":"","tier":"limited","source":"ODHF"}},{"type":"Feature","geometry":{"type":"Point","coordinates":[-112.7259344,51.4698073]},"properties":{"name":"Drumheller Health Centre","address":"351 9 st nw","city":"drumheller","region":"ab","country":"CA","type":"Hospitals","beds":null,"trauma":"","helipad":"","tier":"limited","source":"ODHF"}},{"type":"Feature","geometry":{"type":"Point","coordinates":[-123.10064799999999,55.3375782]},"properties":{"name":"Mackenzie and District Hospital and Health Centre","address":"45 centennial dr","city":"mackenzie","region":"bc","country":"CA","type":"Hospitals","beds":null,"trauma":"","helipad":"","tier":"limited","source":"ODHF"}},{"type":"Feature","geometry":{"type":"Point","coordinates":[-116.40700000000001,53.59182]},"properties":{"name":"Edson Healthcare Centre","address":"4716 5 ave","city":"edson","region":"ab","country":"CA","type":"Hospitals","beds":null,"trauma":"","helipad":"","tier":"limited","source":"ODHF"}},{"type":"Feature","geometry":{"type":"Point","coordinates":[-120.16082809999999,53.30163979999999]},"properties":{"name":"Mcbride and District Hospital","address":"594 king st","city":"mcbride","region":"bc","country":"CA","type":"Hospitals","beds":null,"trauma":"","helipad":"","tier":"standard","source":"ODHF"}},{"type":"Feature","geometry":{"type":"Point","coordinates":[-110.9058049,53.8969745]},"properties":{"name":"Elk Point Healthcare Centre","address":"5310 50 ave","city":"elk point","region":"ab","country":"CA","type":"Hospitals","beds":null,"trauma":"","helipad":"","tier":"limited","source":"ODHF"}},{"type":"Feature","geometry":{"type":"Point","coordinates":[-128.596541,54.510203000000004]},"properties":{"name":"Mills Memorial Hospital","address":"4720 haugland ave","city":"terrace","region":"bc","country":"CA","type":"Hospitals","beds":null,"trauma":"","helipad":"","tier":"standard","source":"ODHF"}},{"type":"Feature","geometry":{"type":"Point","coordinates":[-122.3326872,49.1351173]},"properties":{"name":"Mission Memorial Hospital","address":"7324 hurd st","city":"mission","region":"bc","country":"CA","type":"Hospitals","beds":null,"trauma":"","helipad":"","tier":"standard","source":"ODHF"}},{"type":"Feature","geometry":{"type":"Point","coordinates":[-123.96929499999999,49.1849979]},"properties":{"name":"Nanaimo Regional General Hospital","address":"1200 dufferin cres","city":"nanaimo","region":"bc","country":"CA","type":"Hospitals","beds":null,"trauma":"","helipad":"","tier":"standard","source":"ODHF"}},{"type":"Feature","geometry":{"type":"Point","coordinates":[-113.374023,53.636387]},"properties":{"name":"Alberta Hospital Edmonton","address":"17480 fort rd","city":"edmonton","region":"ab","country":"CA","type":"Hospitals","beds":null,"trauma":"","helipad":"","tier":"standard","source":"ODHF"}},{"type":"Feature","geometry":{"type":"Point","coordinates":[-120.77262900000001,50.121171999999994]},"properties":{"name":"Nicola Valley Health Centre","address":"3451 voght st","city":"merritt","region":"bc","country":"CA","type":"Hospitals","beds":null,"trauma":"","helipad":"","tier":"limited","source":"ODHF"}},{"type":"Feature","geometry":{"type":"Point","coordinates":[-124.97038400000001,49.713417]},"properties":{"name":"North Island Hospital Comox Valley","address":"101 lerwick road","city":"courtenay","region":"bc","country":"CA","type":"Hospitals","beds":null,"trauma":"","helipad":"","tier":"standard","source":"ODHF"}},{"type":"Feature","geometry":{"type":"Point","coordinates":[-118.3845521,56.070965599999994]},"properties":{"name":"Fairview Health Complex","address":"10628 110 st","city":"fairview","region":"ab","country":"CA","type":"Hospitals","beds":null,"trauma":"","helipad":"","tier":"standard","source":"ODHF"}},{"type":"Feature","geometry":{"type":"Point","coordinates":[-122.792231,49.029968]},"properties":{"name":"Peace Arch Hospital","address":"15521 russell ave","city":"white rock","region":"bc","country":"CA","type":"Hospitals","beds":null,"trauma":"","helipad":"","tier":"standard","source":"ODHF"}},{"type":"Feature","geometry":{"type":"Point","coordinates":[-114.13394779999999,51.0642833]},"properties":{"name":"Foothills Medical Centre","address":"1403 29 st nw","city":"calgary","region":"ab","country":"CA","type":"Hospitals","beds":null,"trauma":"","helipad":"","tier":"standard","source":"ODHF"}},{"type":"Feature","geometry":{"type":"Point","coordinates":[-113.3932472,49.726332]},"properties":{"name":"Fort Macleod Health Centre","address":"744 26 st s","city":"fort macleod","region":"ab","country":"CA","type":"Hospitals","beds":null,"trauma":"","helipad":"","tier":"limited","source":"ODHF"}},{"type":"Feature","geometry":{"type":"Point","coordinates":[-119.577927,49.4812182]},"properties":{"name":"Penticton Regional Hospital","address":"550 carmi ave","city":"penticton","region":"bc","country":"CA","type":"Hospitals","beds":null,"trauma":"","helipad":"","tier":"major","source":"ODHF"}},{"type":"Feature","geometry":{"type":"Point","coordinates":[-111.36180060000001,56.7176831]},"properties":{"name":"Fort Mcmurray Community Cancer Centre","address":"7 hospital street","city":"fort mcmurray","region":"ab","country":"CA","type":"Hospitals","beds":null,"trauma":"","helipad":"","tier":"standard","source":"ODHF"}},{"type":"Feature","geometry":{"type":"Point","coordinates":[-113.213229,53.693158999999994]},"properties":{"name":"Fort Saskatchewan Community Hospital","address":"9401 86 avenue","city":"fort saskatchewan","region":"ab","country":"CA","type":"Hospitals","beds":null,"trauma":"","helipad":"","tier":"standard","source":"ODHF"}},{"type":"Feature","geometry":{"type":"Point","coordinates":[-127.502909,50.720011799999995]},"properties":{"name":"Port Hardy Hospital","address":"9120 granville st","city":"port hardy","region":"bc","country":"CA","type":"Hospitals","beds":null,"trauma":"","helipad":"","tier":"standard","source":"ODHF"}},{"type":"Feature","geometry":{"type":"Point","coordinates":[-127.0678577,50.580646200000004]},"properties":{"name":"Port Mcneill and District Hospital","address":"2750 kingcome place","city":"port mcneill","region":"bc","country":"CA","type":"Hospitals","beds":null,"trauma":"","helipad":"","tier":"standard","source":"ODHF"}},{"type":"Feature","geometry":{"type":"Point","coordinates":[-124.518391,49.850826299999994]},"properties":{"name":"Powell River General Hospital","address":"5000 joyce ave","city":"powell river","region":"bc","country":"CA","type":"Hospitals","beds":null,"trauma":"","helipad":"","tier":"standard","source":"ODHF"}},{"type":"Feature","geometry":{"type":"Point","coordinates":[-113.22252420000001,53.7033208]},"properties":{"name":"Fort Saskatchewan Health Centre","address":"9430 95 st","city":"fort saskatchewan","region":"ab","country":"CA","type":"Hospitals","beds":null,"trauma":"","helipad":"","tier":"limited","source":"ODHF"}},{"type":"Feature","geometry":{"type":"Point","coordinates":[-122.76447579999999,53.9113826]},"properties":{"name":"Prince George Regional Hospital","address":"1475 edmonton st","city":"prince george","region":"bc","country":"CA","type":"Hospitals","beds":null,"trauma":"","helipad":"","tier":"major","source":"ODHF"}},{"type":"Feature","geometry":{"type":"Point","coordinates":[-130.331503,54.3044463]},"properties":{"name":"Prince Rupert Regional Hospital","address":"1305 summit ave","city":"prince rupert","region":"bc","country":"CA","type":"Hospitals","beds":null,"trauma":"","helipad":"","tier":"major","source":"ODHF"}},{"type":"Feature","geometry":{"type":"Point","coordinates":[-120.526738,49.454095200000005]},"properties":{"name":"Princeton General Hospital","address":"98 ridgewood","city":"princeton","region":"bc","country":"CA","type":"Hospitals","beds":null,"trauma":"","helipad":"","tier":"standard","source":"ODHF"}},{"type":"Feature","geometry":{"type":"Point","coordinates":[-123.1281872,49.280516]},"properties":{"name":"St. Paul's Hospital","address":"1081 burrard st","city":"vancouver","region":"bc","country":"CA","type":"Hospitals","beds":null,"trauma":"","helipad":"","tier":"standard","source":"ODHF"}},{"type":"Feature","geometry":{"type":"Point","coordinates":[-123.07308,49.212701]},"properties":{"name":"Providence Health Care - Holy Family Hospital","address":"7801 argyle st","city":"vancouver","region":"bc","country":"CA","type":"Hospitals","beds":null,"trauma":"","helipad":"","tier":"standard","source":"ODHF"}},{"type":"Feature","geometry":{"type":"Point","coordinates":[-123.095299,49.258002000000005]},"properties":{"name":"Providence Health Care - Mount Saint Joseph Hospital","address":"3080 prince edward st","city":"vancouver","region":"bc","country":"CA","type":"Hospitals","beds":null,"trauma":"","helipad":"","tier":"standard","source":"ODHF"}},{"type":"Feature","geometry":{"type":"Point","coordinates":[-116.80140300000001,54.4046429]},"properties":{"name":"Fox Creek Health Care Centre","address":"600 third st","city":"fox creek","region":"ab","country":"CA","type":"Hospitals","beds":null,"trauma":"","helipad":"","tier":"limited","source":"ODHF"}},{"type":"Feature","geometry":{"type":"Point","coordinates":[-123.29954,48.471509999999995]},"properties":{"name":"Queen Alexandra Centre for Children's Health","address":"2400 arbutus rd","city":"victoria","region":"bc","country":"CA","type":"Hospitals","beds":null,"trauma":"","helipad":"","tier":"standard","source":"ODHF"}},{"type":"Feature","geometry":{"type":"Point","coordinates":[-132.072632,53.25464100000001]},"properties":{"name":"Queen Charlotte Islands General Hospital","address":"3209 third ave","city":"queen charlotte","region":"bc","country":"CA","type":"Hospitals","beds":null,"trauma":"","helipad":"","tier":"standard","source":"ODHF"}},{"type":"Feature","geometry":{"type":"Point","coordinates":[-118.19014009999998,50.97680220000001]},"properties":{"name":"Queen Victoria Hospital and Health Centre","address":"1200 newlands rd","city":"revelstoke","region":"bc","country":"CA","type":"Hospitals","beds":null,"trauma":"","helipad":"","tier":"limited","source":"ODHF"}},{"type":"Feature","geometry":{"type":"Point","coordinates":[-113.4976534,53.56010129999999]},"properties":{"name":"Glenrose Rehabilitation Hospital","address":"10230 111 ave","city":"edmonton","region":"ab","country":"CA","type":"Hospitals","beds":null,"trauma":"","helipad":"","tier":"limited","source":"ODHF"}},{"type":"Feature","geometry":{"type":"Point","coordinates":[-123.14657700000001,49.1689707]},"properties":{"name":"Richmond Hospital","address":"7000 westminster hwy","city":"richmond","region":"bc","country":"CA","type":"Hospitals","beds":null,"trauma":"","helipad":"","tier":"standard","source":"ODHF"}},{"type":"Feature","geometry":{"type":"Point","coordinates":[-119.11921840000001,53.8915173]},"properties":{"name":"Grande Cache Community Health Complex","address":"10200 shand ave","city":"grande cache","region":"ab","country":"CA","type":"Hospitals","beds":null,"trauma":"","helipad":"","tier":"standard","source":"ODHF"}},{"type":"Feature","geometry":{"type":"Point","coordinates":[-122.63008,49.2161889]},"properties":{"name":"Ridge Meadows Hospital","address":"11666 laity st","city":"maple ridge","region":"bc","country":"CA","type":"Hospitals","beds":null,"trauma":"","helipad":"","tier":"standard","source":"ODHF"}},{"type":"Feature","geometry":{"type":"Point","coordinates":[-118.788449,55.175391000000005]},"properties":{"name":"Grande Prairie Cancer Centre","address":"10409 98 street","city":"grande prairie","region":"ab","country":"CA","type":"Hospitals","beds":null,"trauma":"","helipad":"","tier":"standard","source":"ODHF"}},{"type":"Feature","geometry":{"type":"Point","coordinates":[-122.80617099999999,49.2508389]},"properties":{"name":"Riverview Hospital","address":"2601 lougheed hwy","city":"coquitlam","region":"bc","country":"CA","type":"Hospitals","beds":null,"trauma":"","helipad":"","tier":"standard","source":"ODHF"}},{"type":"Feature","geometry":{"type":"Point","coordinates":[-113.4297243,53.4615831]},"properties":{"name":"Grey Nuns Community Hospital","address":"1100 youville dr w","city":"edmonton","region":"ab","country":"CA","type":"Hospitals","beds":null,"trauma":"","helipad":"","tier":"standard","source":"ODHF"}},{"type":"Feature","geometry":{"type":"Point","coordinates":[-122.89163740000001,49.2264136]},"properties":{"name":"Royal Columbian Hospital","address":"330 east columbia st","city":"new westminster","region":"bc","country":"CA","type":"Hospitals","beds":null,"trauma":"","helipad":"","tier":"standard","source":"ODHF"}},{"type":"Feature","geometry":{"type":"Point","coordinates":[-120.3345924,50.6701949]},"properties":{"name":"Royal Inland Hospital","address":"311 columbia st","city":"kamloops","region":"bc","country":"CA","type":"Hospitals","beds":null,"trauma":"","helipad":"","tier":"standard","source":"ODHF"}},{"type":"Feature","geometry":{"type":"Point","coordinates":[-123.3279135,48.432719]},"properties":{"name":"Royal Jubilee Hospital","address":"1952 bay st","city":"victoria","region":"bc","country":"CA","type":"Hospitals","beds":null,"trauma":"","helipad":"","tier":"standard","source":"ODHF"}},{"type":"Feature","geometry":{"type":"Point","coordinates":[-123.4105953,48.5944724]},"properties":{"name":"Saanich Peninsula Hospital","address":"2166 mount newton x rd","city":"saanichton","region":"bc","country":"CA","type":"Hospitals","beds":null,"trauma":"","helipad":"","tier":"standard","source":"ODHF"}},{"type":"Feature","geometry":{"type":"Point","coordinates":[-117.62725,56.190388]},"properties":{"name":"Grimshaw / Berwyn and District Community Health Centre","address":"5621 wilcox rd","city":"grimshaw","region":"ab","country":"CA","type":"Hospitals","beds":null,"trauma":"","helipad":"","tier":"limited","source":"ODHF"}},{"type":"Feature","geometry":{"type":"Point","coordinates":[-119.2743811,50.7045612]},"properties":{"name":"Shuswap Lake General Hospital","address":"601 10 th st ne","city":"salmon arm","region":"bc","country":"CA","type":"Hospitals","beds":null,"trauma":"","helipad":"","tier":"standard","source":"ODHF"}},{"type":"Feature","geometry":{"type":"Point","coordinates":[-113.254056,54.717240000000004]},"properties":{"name":"Athabasca Healthcare Centre","address":"3100 48 ave","city":"athabasca","region":"ab","country":"CA","type":"Hospitals","beds":null,"trauma":"","helipad":"","tier":"limited","source":"ODHF"}},{"type":"Feature","geometry":{"type":"Point","coordinates":[-111.92820359999999,51.6489192]},"properties":{"name":"Hanna Health Centre","address":"904 centre st n","city":"hanna","region":"ab","country":"CA","type":"Hospitals","beds":null,"trauma":"","helipad":"","tier":"limited","source":"ODHF"}},{"type":"Feature","geometry":{"type":"Point","coordinates":[-111.307616,52.669316]},"properties":{"name":"Hardisty Health Centre","address":"4531 47 st","city":"hardisty","region":"ab","country":"CA","type":"Hospitals","beds":null,"trauma":"","helipad":"","tier":"limited","source":"ODHF"}},{"type":"Feature","geometry":{"type":"Point","coordinates":[-119.53956969999999,49.1836817]},"properties":{"name":"South Okanagan General Hospital","address":"7139 362 ave","city":"oliver","region":"bc","country":"CA","type":"Hospitals","beds":null,"trauma":"","helipad":"","tier":"standard","source":"ODHF"}},{"type":"Feature","geometry":{"type":"Point","coordinates":[-116.454926,55.431644999999996]},"properties":{"name":"High Prairie Health Complex","address":"4620 53 ave","city":"high prairie","region":"ab","country":"CA","type":"Hospitals","beds":null,"trauma":"","helipad":"","tier":"standard","source":"ODHF"}},{"type":"Feature","geometry":{"type":"Point","coordinates":[-123.141176,49.697911]},"properties":{"name":"Squamish General Hospital","address":"38140 behrner dr","city":"squamish","region":"bc","country":"CA","type":"Hospitals","beds":null,"trauma":"","helipad":"","tier":"standard","source":"ODHF"}},{"type":"Feature","geometry":{"type":"Point","coordinates":[-124.0107233,54.0285333]},"properties":{"name":"St. John Hospital","address":"3255 hospital rd","city":"vanderhoof","region":"bc","country":"CA","type":"Hospitals","beds":null,"trauma":"","helipad":"","tier":"standard","source":"ODHF"}},{"type":"Feature","geometry":{"type":"Point","coordinates":[-123.7496314,49.4746186]},"properties":{"name":"St. Mary's Hospital / Sechelt-Shishalh Hospital","address":"5544 sunshine coast hwy","city":"sechelt","region":"bc","country":"CA","type":"Hospitals","beds":null,"trauma":"","helipad":"","tier":"standard","source":"ODHF"}},{"type":"Feature","geometry":{"type":"Point","coordinates":[-113.87994779999998,50.5751035]},"properties":{"name":"High River General Hospital","address":"560 9 ave w","city":"high river","region":"ab","country":"CA","type":"Hospitals","beds":null,"trauma":"","helipad":"","tier":"standard","source":"ODHF"}},{"type":"Feature","geometry":{"type":"Point","coordinates":[-124.242352,54.441405200000005]},"properties":{"name":"Stuart Lake Hospital","address":"600 stuart dr e","city":"fort st james","region":"bc","country":"CA","type":"Hospitals","beds":null,"trauma":"","helipad":"","tier":"standard","source":"ODHF"}},{"type":"Feature","geometry":{"type":"Point","coordinates":[-117.58528999999999,53.398281000000004]},"properties":{"name":"Hinton Healthcare Centre","address":"1280 switzer dr","city":"hinton","region":"ab","country":"CA","type":"Hospitals","beds":null,"trauma":"","helipad":"","tier":"limited","source":"ODHF"}},{"type":"Feature","geometry":{"type":"Point","coordinates":[-123.0482504,49.25197429999999]},"properties":{"name":"Sunny Hill Health Centre for Children","address":"3644 slocan st","city":"vancouver","region":"bc","country":"CA","type":"Hospitals","beds":null,"trauma":"","helipad":"","tier":"limited","source":"ODHF"}},{"type":"Feature","geometry":{"type":"Point","coordinates":[-122.8417742,49.1765946]},"properties":{"name":"Surrey Memorial Hospital","address":"13750 96 ave","city":"surrey","region":"bc","country":"CA","type":"Hospitals","beds":null,"trauma":"","helipad":"","tier":"standard","source":"ODHF"}},{"type":"Feature","geometry":{"type":"Point","coordinates":[-113.9514399,52.019015]},"properties":{"name":"Innisfail Health Centre","address":"5023 42 st","city":"innisfail","region":"ab","country":"CA","type":"Hospitals","beds":null,"trauma":"","helipad":"","tier":"limited","source":"ODHF"}},{"type":"Feature","geometry":{"type":"Point","coordinates":[-118.084299,52.876107]},"properties":{"name":"Jasper (Seton) Healthcare Centre","address":"518 robson st","city":"jasper","region":"ab","country":"CA","type":"Hospitals","beds":null,"trauma":"","helipad":"","tier":"limited","source":"ODHF"}},{"type":"Feature","geometry":{"type":"Point","coordinates":[-111.85954299999999,52.788934]},"properties":{"name":"Killam General Hospital","address":"5203 49 ave","city":"killam","region":"ab","country":"CA","type":"Hospitals","beds":null,"trauma":"","helipad":"","tier":"standard","source":"ODHF"}},{"type":"Feature","geometry":{"type":"Point","coordinates":[-123.12391129999999,49.261616]},"properties":{"name":"Vancouver General Hospital","address":"899 w 12 ave","city":"vancouver","region":"bc","country":"CA","type":"Hospitals","beds":null,"trauma":"","helipad":"","tier":"standard","source":"ODHF"}},{"type":"Feature","geometry":{"type":"Point","coordinates":[-123.12565500000001,49.261187]},"properties":{"name":"Vancouver General Hospital - Gordon and Leslie Diamond Health Care Centre","address":"2775 laurel street","city":"vancouver","region":"bc","country":"CA","type":"Hospitals","beds":null,"trauma":"","helipad":"","tier":"limited","source":"ODHF"}},{"type":"Feature","geometry":{"type":"Point","coordinates":[-123.12084899999999,49.26052]},"properties":{"name":"Vancouver General Hospital - Health Centre","address":"715 west 12 avenue","city":"vancouver","region":"bc","country":"CA","type":"Hospitals","beds":null,"trauma":"","helipad":"","tier":"limited","source":"ODHF"}},{"type":"Feature","geometry":{"type":"Point","coordinates":[-119.270432,50.255646399999996]},"properties":{"name":"Vernon Jubilee Hospital","address":"2101 s 32 st","city":"vernon","region":"bc","country":"CA","type":"Hospitals","beds":null,"trauma":"","helipad":"","tier":"standard","source":"ODHF"}},{"type":"Feature","geometry":{"type":"Point","coordinates":[-123.4330644,48.4665044]},"properties":{"name":"Victoria General Hospital - Victoria","address":"1 hospital way","city":"victoria","region":"bc","country":"CA","type":"Hospitals","beds":null,"trauma":"","helipad":"","tier":"standard","source":"ODHF"}},{"type":"Feature","geometry":{"type":"Point","coordinates":[-111.96449399999999,54.764751000000004]},"properties":{"name":"LAC LA BICHE HEALTHCARE CENTRE","address":"9110 93 st","city":"lac la biche","region":"ab","country":"CA","type":"Hospitals","beds":null,"trauma":"","helipad":"","tier":"limited","source":"ODHF"}},{"type":"Feature","geometry":{"type":"Point","coordinates":[-113.7411041,52.460676600000006]},"properties":{"name":"Lacombe Hospital & Care Centre","address":"5430 47 ave","city":"lacombe","region":"ab","country":"CA","type":"Hospitals","beds":null,"trauma":"","helipad":"","tier":"limited","source":"ODHF"}},{"type":"Feature","geometry":{"type":"Point","coordinates":[-112.78858100000001,53.762612]},"properties":{"name":"Lamont Health Care Centre","address":"5216 53 st","city":"lamont","region":"ab","country":"CA","type":"Hospitals","beds":null,"trauma":"","helipad":"","tier":"limited","source":"ODHF"}},{"type":"Feature","geometry":{"type":"Point","coordinates":[-124.782044,49.2487383]},"properties":{"name":"West Coast General Hospital","address":"3949 port alberni hwy","city":"port alberni","region":"bc","country":"CA","type":"Hospitals","beds":null,"trauma":"","helipad":"","tier":"standard","source":"ODHF"}},{"type":"Feature","geometry":{"type":"Point","coordinates":[-113.5453314,53.254835899999996]},"properties":{"name":"Leduc Community Hospital","address":"4210 48 st","city":"leduc","region":"ab","country":"CA","type":"Hospitals","beds":null,"trauma":"","helipad":"","tier":"standard","source":"ODHF"}},{"type":"Feature","geometry":{"type":"Point","coordinates":[-114.4001676,54.1197041]},"properties":{"name":"Barrhead Healthcare Centre","address":"4815 51 ave","city":"barrhead","region":"ab","country":"CA","type":"Hospitals","beds":null,"trauma":"","helipad":"","tier":"limited","source":"ODHF"}},{"type":"Feature","geometry":{"type":"Point","coordinates":[-127.65125800000001,55.259575600000005]},"properties":{"name":"Wrinch Memorial Hospital","address":"2510 hwy 62","city":"hazelton","region":"bc","country":"CA","type":"Hospitals","beds":null,"trauma":"","helipad":"","tier":"standard","source":"ODHF"}},{"type":"Feature","geometry":{"type":"Point","coordinates":[-117.621417,56.927995900000006]},"properties":{"name":"Manning Community Health Centre","address":"600 2 st ne","city":"manning","region":"ab","country":"CA","type":"Hospitals","beds":null,"trauma":"","helipad":"","tier":"limited","source":"ODHF"}},{"type":"Feature","geometry":{"type":"Point","coordinates":[-97.5507187,49.1074008]},"properties":{"name":"Altona Community Memorial Health Centre","address":"240 5 ave ne","city":"altona","region":"mb","country":"CA","type":"Hospitals","beds":null,"trauma":"","helipad":"","tier":"limited","source":"ODHF"}},{"type":"Feature","geometry":{"type":"Point","coordinates":[-97.226298,50.905138]},"properties":{"name":"Arborg and Districts Health Centre","address":"233 st philips dr","city":"arborg","region":"mb","country":"CA","type":"Hospitals","beds":null,"trauma":"","helipad":"","tier":"limited","source":"ODHF"}},{"type":"Feature","geometry":{"type":"Point","coordinates":[-99.24073829999999,49.384895799999995]},"properties":{"name":"Baldur Health Centre","address":"531 elizabeth ave e","city":"baldur","region":"mb","country":"CA","type":"Hospitals","beds":null,"trauma":"","helipad":"","tier":"limited","source":"ODHF"}},{"type":"Feature","geometry":{"type":"Point","coordinates":[-96.5199995,50.0578759]},"properties":{"name":"Beausejour District Hospital","address":"151 1 st s","city":"beausejour","region":"mb","country":"CA","type":"Hospitals","beds":null,"trauma":"","helipad":"","tier":"standard","source":"ODHF"}},{"type":"Feature","geometry":{"type":"Point","coordinates":[-96.6800683,49.529588700000005]},"properties":{"name":"Bethesda Hospital","address":"316 henry st","city":"steinbach","region":"mb","country":"CA","type":"Hospitals","beds":null,"trauma":"","helipad":"","tier":"standard","source":"ODHF"}},{"type":"Feature","geometry":{"type":"Point","coordinates":[-101.04682,50.425754600000005]},"properties":{"name":"Birtle Health Centre","address":"843 gertrude st","city":"birtle","region":"mb","country":"CA","type":"Hospitals","beds":null,"trauma":"","helipad":"","tier":"limited","source":"ODHF"}},{"type":"Feature","geometry":{"type":"Point","coordinates":[-100.059664,49.224216999999996]},"properties":{"name":"Boissevain Health Centre","address":"305 mill road s","city":"boissevain","region":"mb","country":"CA","type":"Hospitals","beds":null,"trauma":"","helipad":"","tier":"limited","source":"ODHF"}},{"type":"Feature","geometry":{"type":"Point","coordinates":[-99.936897,49.840231]},"properties":{"name":"Brandon Regional Health Centre","address":"150 mctavish ave e","city":"brandon","region":"mb","country":"CA","type":"Hospitals","beds":null,"trauma":"","helipad":"","tier":"limited","source":"ODHF"}},{"type":"Feature","geometry":{"type":"Point","coordinates":[-110.70232,50.03456]},"properties":{"name":"Margery e. Yuill Cancer Centre","address":"666 5 street sw","city":"medicine hat","region":"ab","country":"CA","type":"Hospitals","beds":null,"trauma":"","helipad":"","tier":"standard","source":"ODHF"}},{"type":"Feature","geometry":{"type":"Point","coordinates":[-97.1583208,49.903060700000005]},"properties":{"name":"Cancercare Manitoba- Mcdermot","address":"675 mcdermot avenue","city":"winnipeg","region":"mb","country":"CA","type":"Hospitals","beds":null,"trauma":"","helipad":"","tier":"standard","source":"ODHF"}},{"type":"Feature","geometry":{"type":"Point","coordinates":[-99.356199,49.871891]},"properties":{"name":"Carberry Plain Health Centre","address":"340 toronto st.","city":"carberry","region":"mb","country":"CA","type":"Hospitals","beds":null,"trauma":"","helipad":"","tier":"limited","source":"ODHF"}},{"type":"Feature","geometry":{"type":"Point","coordinates":[-98.008551,49.496953999999995]},"properties":{"name":"Carman Memorial Hospital","address":"350 4 st sw","city":"carman","region":"mb","country":"CA","type":"Hospitals","beds":null,"trauma":"","helipad":"","tier":"standard","source":"ODHF"}},{"type":"Feature","geometry":{"type":"Point","coordinates":[-99.3411,49.09505]},"properties":{"name":"Davidson Memorial Health Centre","address":"345 davidson st","city":"cartwright","region":"mb","country":"CA","type":"Hospitals","beds":null,"trauma":"","helipad":"","tier":"limited","source":"ODHF"}},{"type":"Feature","geometry":{"type":"Point","coordinates":[-94.17025550000001,58.7716045]},"properties":{"name":"Churchill Health Centre","address":"162 la verendrye ave","city":"churchill","region":"mb","country":"CA","type":"Hospitals","beds":null,"trauma":"","helipad":"","tier":"limited","source":"ODHF"}},{"type":"Feature","geometry":{"type":"Point","coordinates":[-97.06463000000001,49.913511]},"properties":{"name":"Concordia Hospital","address":"1095 concordia ave","city":"winnipeg","region":"mb","country":"CA","type":"Hospitals","beds":null,"trauma":"","helipad":"","tier":"standard","source":"ODHF"}},{"type":"Feature","geometry":{"type":"Point","coordinates":[-100.601709,54.224805]},"properties":{"name":"Cormorant Health Care Centre","address":"","city":"","region":"mb","country":"CA","type":"Hospitals","beds":null,"trauma":"","helipad":"","tier":"limited","source":"ODHF"}},{"type":"Feature","geometry":{"type":"Point","coordinates":[-100.0609707,51.1477443]},"properties":{"name":"Dauphin Regional Health Centre","address":"625 3 st sw","city":"dauphin","region":"mb","country":"CA","type":"Hospitals","beds":null,"trauma":"","helipad":"","tier":"limited","source":"ODHF"}},{"type":"Feature","geometry":{"type":"Point","coordinates":[-100.4983178,49.1916925]},"properties":{"name":"Deloraine Health Centre","address":"109 kellett st","city":"deloraine","region":"mb","country":"CA","type":"Hospitals","beds":null,"trauma":"","helipad":"","tier":"limited","source":"ODHF"}},{"type":"Feature","geometry":{"type":"Point","coordinates":[-96.988244,49.444981]},"properties":{"name":"DE SALABERRY DISTRICT HEALTH CENTRE","address":"354 prefontaine avenue","city":"saint pierre-jolys","region":"mb","country":"CA","type":"Hospitals","beds":null,"trauma":"","helipad":"","tier":"limited","source":"ODHF"}},{"type":"Feature","geometry":{"type":"Point","coordinates":[-115.1472169,53.95219399999999]},"properties":{"name":"Mayerthorpe Health Care Centre","address":"4706 54 st","city":"mayerthorpe","region":"ab","country":"CA","type":"Hospitals","beds":null,"trauma":"","helipad":"","tier":"limited","source":"ODHF"}},{"type":"Feature","geometry":{"type":"Point","coordinates":[-97.3357173,50.130342600000006]},"properties":{"name":"Dr. Evelyn Memorial Hospital","address":"589 3 avenue","city":"stonewall","region":"mb","country":"CA","type":"Hospitals","beds":null,"trauma":"","helipad":"","tier":"standard","source":"ODHF"}},{"type":"Feature","geometry":{"type":"Point","coordinates":[-98.10665809999999,50.8660843]},"properties":{"name":"Elizabeth m. Crowe Memorial Hospital","address":"40 railway ave","city":"eriksdale","region":"mb","country":"CA","type":"Hospitals","beds":null,"trauma":"","helipad":"","tier":"standard","source":"ODHF"}},{"type":"Feature","geometry":{"type":"Point","coordinates":[-99.90902,50.496340999999994]},"properties":{"name":"Erickson Health Centre","address":"60 queen elizabeth road","city":"erickson","region":"mb","country":"CA","type":"Hospitals","beds":null,"trauma":"","helipad":"","tier":"limited","source":"ODHF"}},{"type":"Feature","geometry":{"type":"Point","coordinates":[-113.522727,53.520191000000004]},"properties":{"name":"Mazankowski Alberta Heart Institute","address":"11220 83 ave nw","city":"edmonton","region":"ab","country":"CA","type":"Hospitals","beds":null,"trauma":"","helipad":"","tier":"standard","source":"ODHF"}},{"type":"Feature","geometry":{"type":"Point","coordinates":[-101.87662209999999,54.764383499999994]},"properties":{"name":"Flin Flon General Hospital","address":"third ave and church st","city":"flin flon","region":"mb","country":"CA","type":"Hospitals","beds":null,"trauma":"","helipad":"","tier":"standard","source":"ODHF"}},{"type":"Feature","geometry":{"type":"Point","coordinates":[-94.708376,56.34667099999999]},"properties":{"name":"Gillam Hospital Inc.","address":"115 gillam dr","city":"gillam","region":"mb","country":"CA","type":"Hospitals","beds":null,"trauma":"","helipad":"","tier":"standard","source":"ODHF"}},{"type":"Feature","geometry":{"type":"Point","coordinates":[-110.702725,50.034733]},"properties":{"name":"Medicine Hat Regional Hospital","address":"666 5 st sw","city":"medicine hat","region":"ab","country":"CA","type":"Hospitals","beds":null,"trauma":"","helipad":"","tier":"major","source":"ODHF"}},{"type":"Feature","geometry":{"type":"Point","coordinates":[-99.287091,49.559843]},"properties":{"name":"Glenboro Health District Hospital","address":"","city":"glenboro","region":"mb","country":"CA","type":"Hospitals","beds":null,"trauma":"","helipad":"","tier":"standard","source":"ODHF"}},{"type":"Feature","geometry":{"type":"Point","coordinates":[-97.2767758,49.882355100000005]},"properties":{"name":"Grace General Hospital","address":"300 booth dr","city":"winnipeg","region":"mb","country":"CA","type":"Hospitals","beds":null,"trauma":"","helipad":"","tier":"standard","source":"ODHF"}},{"type":"Feature","geometry":{"type":"Point","coordinates":[-100.70023,51.178923]},"properties":{"name":"Grandview District Hospital","address":"644 mill street","city":"grandview","region":"mb","country":"CA","type":"Hospitals","beds":null,"trauma":"","helipad":"","tier":"standard","source":"ODHF"}},{"type":"Feature","geometry":{"type":"Point","coordinates":[-100.59,50.18213]},"properties":{"name":"Hamiota District Health Centre","address":"177 birch ave e.","city":"hamiota","region":"mb","country":"CA","type":"Hospitals","beds":null,"trauma":"","helipad":"","tier":"limited","source":"ODHF"}},{"type":"Feature","geometry":{"type":"Point","coordinates":[-100.526726,49.484746]},"properties":{"name":"Hartney Health Centre","address":"","city":"hartney","region":"mb","country":"CA","type":"Hospitals","beds":null,"trauma":"","helipad":"","tier":"limited","source":"ODHF"}},{"type":"Feature","geometry":{"type":"Point","coordinates":[-97.159448,49.904682]},"properties":{"name":"Health Sciences Centre","address":"820 sherbrook st","city":"winnipeg","region":"mb","country":"CA","type":"Hospitals","beds":null,"trauma":"","helipad":"","tier":"major","source":"ODHF"}},{"type":"Feature","geometry":{"type":"Point","coordinates":[-115.57467539999999,51.1791402]},"properties":{"name":"Mineral Springs Hospital","address":"305 lynx st","city":"banff","region":"ab","country":"CA","type":"Hospitals","beds":null,"trauma":"","helipad":"","tier":"standard","source":"ODHF"}},{"type":"Feature","geometry":{"type":"Point","coordinates":[-96.6476614,49.6678815]},"properties":{"name":"H\u00d4PITAL STE-ANNE HOSPITAL","address":"52 st g\u00e9rard st","city":"ste-anne","region":"mb","country":"CA","type":"Hospitals","beds":null,"trauma":"","helipad":"","tier":"standard","source":"ODHF"}},{"type":"Feature","geometry":{"type":"Point","coordinates":[-96.99398769999999,50.6279201]},"properties":{"name":"Johnson Memorial Hospital","address":"120 6 avenue","city":"gimli","region":"mb","country":"CA","type":"Hospitals","beds":null,"trauma":"","helipad":"","tier":"standard","source":"ODHF"}},{"type":"Feature","geometry":{"type":"Point","coordinates":[-98.351933,51.1798564]},"properties":{"name":"Lakeshore General Hospital - Ashern","address":"1 steenson dr","city":"ashern","region":"mb","country":"CA","type":"Hospitals","beds":null,"trauma":"","helipad":"","tier":"standard","source":"ODHF"}},{"type":"Feature","geometry":{"type":"Point","coordinates":[-100.011258,56.463294]},"properties":{"name":"Leaf Rapids Health Care Centre","address":"","city":"leaf rapids","region":"mb","country":"CA","type":"Hospitals","beds":null,"trauma":"","helipad":"","tier":"limited","source":"ODHF"}},{"type":"Feature","geometry":{"type":"Point","coordinates":[-113.61231969999999,53.5210277]},"properties":{"name":"Misericordia Community Hospital","address":"16940 87 ave","city":"edmonton","region":"ab","country":"CA","type":"Hospitals","beds":null,"trauma":"","helipad":"","tier":"standard","source":"ODHF"}},{"type":"Feature","geometry":{"type":"Point","coordinates":[-98.787451,49.412453]},"properties":{"name":"Lorne Memorial Hospital","address":"9 2 st n","city":"swan lake","region":"mb","country":"CA","type":"Hospitals","beds":null,"trauma":"","helipad":"","tier":"standard","source":"ODHF"}},{"type":"Feature","geometry":{"type":"Point","coordinates":[-101.0440366,56.8568707]},"properties":{"name":"Lynn Lake Hospital","address":"2040 camp st","city":"lynn lake","region":"mb","country":"CA","type":"Hospitals","beds":null,"trauma":"","helipad":"","tier":"standard","source":"ODHF"}},{"type":"Feature","geometry":{"type":"Point","coordinates":[-98.775017,49.9622412]},"properties":{"name":"Macgregor Health Centre","address":"87 grafton st s","city":"macgregor","region":"mb","country":"CA","type":"Hospitals","beds":null,"trauma":"","helipad":"","tier":"limited","source":"ODHF"}},{"type":"Feature","geometry":{"type":"Point","coordinates":[-97.163433,49.90613]},"properties":{"name":"Manitoba Adolescent Treatment Centre, Inc. - Hospital Program","address":"120 tecumseh st","city":"winnipeg","region":"mb","country":"CA","type":"Hospitals","beds":null,"trauma":"","helipad":"","tier":"standard","source":"ODHF"}},{"type":"Feature","geometry":{"type":"Point","coordinates":[-99.486386,50.772448]},"properties":{"name":"Mccreary/Alonsa Health Centre","address":"613 government rd","city":"mccreary","region":"mb","country":"CA","type":"Hospitals","beds":null,"trauma":"","helipad":"","tier":"limited","source":"ODHF"}},{"type":"Feature","geometry":{"type":"Point","coordinates":[-100.996575,49.2705031]},"properties":{"name":"Melita Health Centre","address":"147 summit ave","city":"melita","region":"mb","country":"CA","type":"Hospitals","beds":null,"trauma":"","helipad":"","tier":"limited","source":"ODHF"}},{"type":"Feature","geometry":{"type":"Point","coordinates":[-99.839963,50.241616]},"properties":{"name":"Minnedosa Health Centre","address":"334 1 st sw","city":"minnedosa","region":"mb","country":"CA","type":"Hospitals","beds":null,"trauma":"","helipad":"","tier":"limited","source":"ODHF"}},{"type":"Feature","geometry":{"type":"Point","coordinates":[-97.1593898,49.878949600000006]},"properties":{"name":"Misericordia Health Centre","address":"99 cornish ave","city":"winnipeg","region":"mb","country":"CA","type":"Hospitals","beds":null,"trauma":"","helipad":"","tier":"limited","source":"ODHF"}},{"type":"Feature","geometry":{"type":"Point","coordinates":[-113.417472,53.604271999999995]},"properties":{"name":"Northeast Community Health Centre","address":"14007 50 st","city":"edmonton","region":"ab","country":"CA","type":"Hospitals","beds":null,"trauma":"","helipad":"","tier":"limited","source":"ODHF"}},{"type":"Feature","geometry":{"type":"Point","coordinates":[-97.3606927,49.3532971]},"properties":{"name":"Morris General Hospital","address":"215 railroad ave","city":"morris","region":"mb","country":"CA","type":"Hospitals","beds":null,"trauma":"","helipad":"","tier":"standard","source":"ODHF"}},{"type":"Feature","geometry":{"type":"Point","coordinates":[-99.4629502,50.234156]},"properties":{"name":"Neepawa District Memorial Hospital","address":"500 hospital st","city":"neepawa","region":"mb","country":"CA","type":"Hospitals","beds":null,"trauma":"","helipad":"","tier":"standard","source":"ODHF"}},{"type":"Feature","geometry":{"type":"Point","coordinates":[-97.832136,53.983996999999995]},"properties":{"name":"Norway House Indian Hospital","address":"general delivery","city":"norway house","region":"mb","country":"CA","type":"Hospitals","beds":null,"trauma":"","helipad":"","tier":"standard","source":"ODHF"}},{"type":"Feature","geometry":{"type":"Point","coordinates":[-98.562463,49.5326942]},"properties":{"name":"Notre Dame Health Centre","address":"39 roch st.","city":"notre-dame-de-lourdes","region":"mb","country":"CA","type":"Hospitals","beds":null,"trauma":"","helipad":"","tier":"limited","source":"ODHF"}},{"type":"Feature","geometry":{"type":"Point","coordinates":[-111.3622389,56.71635229999999]},"properties":{"name":"Northern Lights Regional Health Centre","address":"7 hospital st","city":"fort mcmurray","region":"ab","country":"CA","type":"Hospitals","beds":null,"trauma":"","helipad":"","tier":"limited","source":"ODHF"}},{"type":"Feature","geometry":{"type":"Point","coordinates":[-98.544099,49.241727000000004]},"properties":{"name":"Pembina Manitou Health Centre","address":"232 carrie st","city":"manitou","region":"mb","country":"CA","type":"Hospitals","beds":null,"trauma":"","helipad":"","tier":"limited","source":"ODHF"}},{"type":"Feature","geometry":{"type":"Point","coordinates":[-97.574065,51.21595]},"properties":{"name":"Percy e. Moore Hospital","address":"mb-325","city":"hodgson","region":"mb","country":"CA","type":"Hospitals","beds":null,"trauma":"","helipad":"","tier":"standard","source":"ODHF"}},{"type":"Feature","geometry":{"type":"Point","coordinates":[-95.8835,50.15126]},"properties":{"name":"Pinawa Hospital","address":"30 vanier dr","city":"pinawa","region":"mb","country":"CA","type":"Hospitals","beds":null,"trauma":"","helipad":"","tier":"standard","source":"ODHF"}},{"type":"Feature","geometry":{"type":"Point","coordinates":[-96.2148,50.56338]},"properties":{"name":"Pine Falls Hospital","address":"37 maple st","city":"pine falls","region":"mb","country":"CA","type":"Hospitals","beds":null,"trauma":"","helipad":"","tier":"standard","source":"ODHF"}},{"type":"Feature","geometry":{"type":"Point","coordinates":[-98.2815,49.96723]},"properties":{"name":"Portage District General Hospital","address":"524 5 st se","city":"portage la prairie","region":"mb","country":"CA","type":"Hospitals","beds":null,"trauma":"","helipad":"","tier":"standard","source":"ODHF"}},{"type":"Feature","geometry":{"type":"Point","coordinates":[-101.09984490000001,49.5613575]},"properties":{"name":"Reston Community Health Centre","address":"1 st","city":"n reston","region":"mb","country":"CA","type":"Hospitals","beds":null,"trauma":"","helipad":"","tier":"limited","source":"ODHF"}},{"type":"Feature","geometry":{"type":"Point","coordinates":[-117.16215290000001,58.513525699999995]},"properties":{"name":"Northwest Health Centre","address":"11202 100 ave","city":"high level","region":"ab","country":"CA","type":"Hospitals","beds":null,"trauma":"","helipad":"","tier":"limited","source":"ODHF"}},{"type":"Feature","geometry":{"type":"Point","coordinates":[-114.23441270000001,50.678014399999995]},"properties":{"name":"Oilfields General Hospital","address":"717 government rd","city":"black diamond","region":"ab","country":"CA","type":"Hospitals","beds":null,"trauma":"","helipad":"","tier":"standard","source":"ODHF"}},{"type":"Feature","geometry":{"type":"Point","coordinates":[-100.242086,50.0351804]},"properties":{"name":"Riverdale Health Centre","address":"512 qu\u00e9bec st","city":"rivers","region":"mb","country":"CA","type":"Hospitals","beds":null,"trauma":"","helipad":"","tier":"limited","source":"ODHF"}},{"type":"Feature","geometry":{"type":"Point","coordinates":[-101.36276240000001,51.2270295]},"properties":{"name":"Roblin & District Health Centre","address":"15 hospital st","city":"roblin","region":"mb","country":"CA","type":"Hospitals","beds":null,"trauma":"","helipad":"","tier":"limited","source":"ODHF"}},{"type":"Feature","geometry":{"type":"Point","coordinates":[-98.95097690000001,49.1501474]},"properties":{"name":"Rock Lake Health District Hospital","address":"135 machray ave e.","city":"crystal city","region":"mb","country":"CA","type":"Hospitals","beds":null,"trauma":"","helipad":"","tier":"standard","source":"ODHF"}},{"type":"Feature","geometry":{"type":"Point","coordinates":[-100.8045689,50.667058600000004]},"properties":{"name":"Rossburn Health Centre","address":"116 parkview dr","city":"rossburn","region":"mb","country":"CA","type":"Hospitals","beds":null,"trauma":"","helipad":"","tier":"limited","source":"ODHF"}},{"type":"Feature","geometry":{"type":"Point","coordinates":[-101.2772138,50.77316679999999]},"properties":{"name":"Russell Health Centre","address":"426 alexandria ave","city":"russell","region":"mb","country":"CA","type":"Hospitals","beds":null,"trauma":"","helipad":"","tier":"limited","source":"ODHF"}},{"type":"Feature","geometry":{"type":"Point","coordinates":[-96.88771379999999,50.1574965]},"properties":{"name":"Selkirk & District General Hospital","address":"100 easton dr","city":"selkirk","region":"mb","country":"CA","type":"Hospitals","beds":null,"trauma":"","helipad":"","tier":"standard","source":"ODHF"}},{"type":"Feature","geometry":{"type":"Point","coordinates":[-97.1461033,49.9553126]},"properties":{"name":"Seven Oaks General Hospital","address":"2300 mcphillips st","city":"winnipeg","region":"mb","country":"CA","type":"Hospitals","beds":null,"trauma":"","helipad":"","tier":"standard","source":"ODHF"}},{"type":"Feature","geometry":{"type":"Point","coordinates":[-98.9435589,50.225678]},"properties":{"name":"Gladstone Health Centre","address":"24 mill st","city":"gladstone","region":"mb","country":"CA","type":"Hospitals","beds":null,"trauma":"","helipad":"","tier":"limited","source":"ODHF"}},{"type":"Feature","geometry":{"type":"Point","coordinates":[-114.11783490000002,51.8013128]},"properties":{"name":"Olds Hospital & Care Centre","address":"3901 57 ave","city":"olds","region":"ab","country":"CA","type":"Hospitals","beds":null,"trauma":"","helipad":"","tier":"limited","source":"ODHF"}},{"type":"Feature","geometry":{"type":"Point","coordinates":[-100.594663,50.438675]},"properties":{"name":"Shoal Lake-Strathclair Health Centre","address":"526 mary street","city":"shoal lake","region":"mb","country":"CA","type":"Hospitals","beds":null,"trauma":"","helipad":"","tier":"limited","source":"ODHF"}},{"type":"Feature","geometry":{"type":"Point","coordinates":[-100.027829,54.881037]},"properties":{"name":"Snow Lake Health Centre","address":"100 lakeshore drive e","city":"snow lake","region":"mb","country":"CA","type":"Hospitals","beds":null,"trauma":"","helipad":"","tier":"limited","source":"ODHF"}},{"type":"Feature","geometry":{"type":"Point","coordinates":[-100.2491169,49.614677]},"properties":{"name":"Souris Health Centre","address":"155 brindle st","city":"souris","region":"mb","country":"CA","type":"Hospitals","beds":null,"trauma":"","helipad":"","tier":"limited","source":"ODHF"}},{"type":"Feature","geometry":{"type":"Point","coordinates":[-101.250896,53.827585]},"properties":{"name":"St. Anthony\u0092s General Hospital","address":"","city":"","region":"mb","country":"CA","type":"Hospitals","beds":null,"trauma":"","helipad":"","tier":"standard","source":"ODHF"}},{"type":"Feature","geometry":{"type":"Point","coordinates":[-97.1248402,49.884337200000004]},"properties":{"name":"St. Boniface General Hospital","address":"409 tach\u00e9 ave","city":"winnipeg","region":"mb","country":"CA","type":"Hospitals","beds":null,"trauma":"","helipad":"","tier":"standard","source":"ODHF"}},{"type":"Feature","geometry":{"type":"Point","coordinates":[-98.3449207,49.6537739]},"properties":{"name":"St. Claude Health Centre","address":"33 roy st","city":"st claude","region":"mb","country":"CA","type":"Hospitals","beds":null,"trauma":"","helipad":"","tier":"limited","source":"ODHF"}},{"type":"Feature","geometry":{"type":"Point","coordinates":[-101.271765,52.099188]},"properties":{"name":"Ste. Rose General Hospital","address":"480 3 avenue se","city":"ste rose du lac","region":"mb","country":"CA","type":"Hospitals","beds":null,"trauma":"","helipad":"","tier":"standard","source":"ODHF"}},{"type":"Feature","geometry":{"type":"Point","coordinates":[-97.335247,50.131652]},"properties":{"name":"Stonewall and District Health Centre","address":"589 3 avenue s","city":"stonewall","region":"mb","country":"CA","type":"Hospitals","beds":null,"trauma":"","helipad":"","tier":"limited","source":"ODHF"}},{"type":"Feature","geometry":{"type":"Point","coordinates":[-101.26228499999999,52.106406]},"properties":{"name":"Swan Valley Health Centre","address":"1011 main st","city":"swan river","region":"mb","country":"CA","type":"Hospitals","beds":null,"trauma":"","helipad":"","tier":"limited","source":"ODHF"}},{"type":"Feature","geometry":{"type":"Point","coordinates":[-97.254851,50.387347999999996]},"properties":{"name":"Teulon/Hunter Memorial Hospital","address":"162 3 ave se","city":"teulon","region":"mb","country":"CA","type":"Hospitals","beds":null,"trauma":"","helipad":"","tier":"standard","source":"ODHF"}},{"type":"Feature","geometry":{"type":"Point","coordinates":[-101.247878,53.829393]},"properties":{"name":"the Pas Health Complex","address":"67 1st street west","city":"the pas","region":"mb","country":"CA","type":"Hospitals","beds":null,"trauma":"","helipad":"","tier":"standard","source":"ODHF"}},{"type":"Feature","geometry":{"type":"Point","coordinates":[-97.85661800000001,55.735293999999996]},"properties":{"name":"Thompson General Hospital","address":"871 thompson dr","city":"s thompson","region":"mb","country":"CA","type":"Hospitals","beds":null,"trauma":"","helipad":"","tier":"standard","source":"ODHF"}},{"type":"Feature","geometry":{"type":"Point","coordinates":[-98.698192,49.633472]},"properties":{"name":"Tiger Hills Health Centre","address":"64 clark st","city":"treherne","region":"mb","country":"CA","type":"Hospitals","beds":null,"trauma":"","helipad":"","tier":"limited","source":"ODHF"}},{"type":"Feature","geometry":{"type":"Point","coordinates":[-99.66341109999999,49.175965999999995]},"properties":{"name":"Tri-Lake Health Centre","address":"86 ellis dr","city":"killarney","region":"mb","country":"CA","type":"Hospitals","beds":null,"trauma":"","helipad":"","tier":"limited","source":"ODHF"}},{"type":"Feature","geometry":{"type":"Point","coordinates":[-97.1527389,49.8067554]},"properties":{"name":"Victoria General Hospital - Winnipeg","address":"2340 pembina hwy","city":"winnipeg","region":"mb","country":"CA","type":"Hospitals","beds":null,"trauma":"","helipad":"","tier":"standard","source":"ODHF"}},{"type":"Feature","geometry":{"type":"Point","coordinates":[-100.9237773,49.85642120000001]},"properties":{"name":"Virden Health Centre","address":"480 king st e","city":"virden","region":"mb","country":"CA","type":"Hospitals","beds":null,"trauma":"","helipad":"","tier":"limited","source":"ODHF"}},{"type":"Feature","geometry":{"type":"Point","coordinates":[-96.564779,49.136181]},"properties":{"name":"Vita & District Health Centre","address":"217 first ave w","city":"vita","region":"mb","country":"CA","type":"Hospitals","beds":null,"trauma":"","helipad":"","tier":"limited","source":"ODHF"}},{"type":"Feature","geometry":{"type":"Point","coordinates":[-99.69253,49.595096999999996]},"properties":{"name":"Wawanesa and District Memorial Health Centre","address":"506 george street","city":"wawanesa","region":"mb","country":"CA","type":"Hospitals","beds":null,"trauma":"","helipad":"","tier":"limited","source":"ODHF"}},{"type":"Feature","geometry":{"type":"Point","coordinates":[-97.1997911,49.8430716]},"properties":{"name":"Western Surgery Centre","address":"#100-1020 lorimer blvd","city":"winnipeg","region":"mb","country":"CA","type":"Hospitals","beds":null,"trauma":"","helipad":"","tier":"standard","source":"ODHF"}},{"type":"Feature","geometry":{"type":"Point","coordinates":[-99.932233,51.640253]},"properties":{"name":"Winnipegosis and District Health Centre","address":"230 bridge st","city":"winnipegosis","region":"mb","country":"CA","type":"Hospitals","beds":null,"trauma":"","helipad":"","tier":"limited","source":"ODHF"}},{"type":"Feature","geometry":{"type":"Point","coordinates":[-66.6665744,47.9930568]},"properties":{"name":"Campbellton Regional Hospital","address":"189 ch lily lake","city":"campbellton","region":"nb","country":"CA","type":"Hospitals","beds":null,"trauma":"","helipad":"","tier":"major","source":"ODHF"}},{"type":"Feature","geometry":{"type":"Point","coordinates":[-66.1268967,45.2543073]},"properties":{"name":"Centracare Saint John Inc.","address":"414 bay st","city":"saint john","region":"nb","country":"CA","type":"Hospitals","beds":null,"trauma":"","helipad":"","tier":"standard","source":"ODHF"}},{"type":"Feature","geometry":{"type":"Point","coordinates":[-66.6665744,47.9930568]},"properties":{"name":"Centre Hospitalier Restigouche Inc.","address":"65 prom gallant","city":"campbellton","region":"nb","country":"CA","type":"Hospitals","beds":null,"trauma":"","helipad":"","tier":"standard","source":"ODHF"}},{"type":"Feature","geometry":{"type":"Point","coordinates":[-64.7862138,46.0980252]},"properties":{"name":"Centre Hospitalier Universitaire Dr-Georges-l.-Dumont","address":"330 ave universit\u00e9","city":"moncton","region":"nb","country":"CA","type":"Hospitals","beds":null,"trauma":"","helipad":"","tier":"major","source":"ODHF"}},{"type":"Feature","geometry":{"type":"Point","coordinates":[-66.6544717,45.9389697]},"properties":{"name":"Dr. Everett Chalmers Regional Hospital","address":"700 priestman st","city":"fredericton","region":"nb","country":"CA","type":"Hospitals","beds":null,"trauma":"","helipad":"","tier":"major","source":"ODHF"}},{"type":"Feature","geometry":{"type":"Point","coordinates":[-66.7638355,44.7622016]},"properties":{"name":"Grand Manan Hospital","address":"196 rte 776","city":"grand manan","region":"nb","country":"CA","type":"Hospitals","beds":null,"trauma":"","helipad":"","tier":"standard","source":"ODHF"}},{"type":"Feature","geometry":{"type":"Point","coordinates":[-67.710327,46.7290031]},"properties":{"name":"Hotel Dieu of Saint-Joseph","address":"10 woodland hill","city":"perth-andover","region":"nb","country":"CA","type":"Hospitals","beds":null,"trauma":"","helipad":"","tier":"standard","source":"ODHF"}},{"type":"Feature","geometry":{"type":"Point","coordinates":[-64.93871899999999,47.7945304]},"properties":{"name":"H\u00d4PITAL DE L'ENFANT - J\u00c9SUS RHSJ","address":"1 boul st-pierre ouest","city":"caraquet","region":"nb","country":"CA","type":"Hospitals","beds":null,"trauma":"","helipad":"","tier":"standard","source":"ODHF"}},{"type":"Feature","geometry":{"type":"Point","coordinates":[-64.90633000000001,47.5123828]},"properties":{"name":"H\u00d4PITAL DE TRACADIE-SHEILA","address":"400 rue des hospitali\u00e8res","city":"tracadie-sheila","region":"nb","country":"CA","type":"Hospitals","beds":null,"trauma":"","helipad":"","tier":"standard","source":"ODHF"}},{"type":"Feature","geometry":{"type":"Point","coordinates":[-67.754333,47.0452984]},"properties":{"name":"H\u00d4PITAL GENERAL DE GRAND-SAULT","address":"625 boul ev\u00e9rard h daigle","city":"grand falls/grand-sault","region":"nb","country":"CA","type":"Hospitals","beds":null,"trauma":"","helipad":"","tier":"standard","source":"ODHF"}},{"type":"Feature","geometry":{"type":"Point","coordinates":[-65.69467399999999,47.649288]},"properties":{"name":"H\u00d4PITAL R\u00c9GIONAL CHALEUR","address":"1750 prom sunset","city":"bathurst","region":"nb","country":"CA","type":"Hospitals","beds":null,"trauma":"","helipad":"","tier":"standard","source":"ODHF"}},{"type":"Feature","geometry":{"type":"Point","coordinates":[-68.31068990000001,47.375995200000006]},"properties":{"name":"H\u00d4PITAL R\u00c9GIONAL D'EDMUNDSTON","address":"275 boul h\u00e9bert","city":"edmundston","region":"nb","country":"CA","type":"Hospitals","beds":null,"trauma":"","helipad":"","tier":"standard","source":"ODHF"}},{"type":"Feature","geometry":{"type":"Point","coordinates":[-64.78235079999999,46.5588706]},"properties":{"name":"H\u00d4PITAL STELLA-MARIS-DE-KENT","address":"7714 rte 134","city":"sainte-anne-de-kent","region":"nb","country":"CA","type":"Hospitals","beds":null,"trauma":"","helipad":"","tier":"standard","source":"ODHF"}},{"type":"Feature","geometry":{"type":"Point","coordinates":[-67.393196,47.497546]},"properties":{"name":"H\u00d4TEL-DIEU SAINT-JOSEPH DE SAINT-QUENTIN / H\u00d4TEL-DIEU SAINT-JOSEPH DE SAINT-QUENTIN","address":"21 canada street","city":"saint-quentin","region":"nb","country":"CA","type":"Hospitals","beds":null,"trauma":"","helipad":"","tier":"limited","source":"ODHF"}},{"type":"Feature","geometry":{"type":"Point","coordinates":[-65.5414429,47.0028679]},"properties":{"name":"Miramichi Regional Hospital","address":"500 water st","city":"miramichi","region":"nb","country":"CA","type":"Hospitals","beds":null,"trauma":"","helipad":"","tier":"major","source":"ODHF"}},{"type":"Feature","geometry":{"type":"Point","coordinates":[-66.4731796,45.848636299999995]},"properties":{"name":"Oromocto Public Hospital","address":"103 winnebago st","city":"oromocto","region":"nb","country":"CA","type":"Hospitals","beds":null,"trauma":"","helipad":"","tier":"standard","source":"ODHF"}},{"type":"Feature","geometry":{"type":"Point","coordinates":[-117.35444199999999,56.231053]},"properties":{"name":"Peace River Community Health Centre","address":"10101 68 st","city":"peace river","region":"ab","country":"CA","type":"Hospitals","beds":null,"trauma":"","helipad":"","tier":"limited","source":"ODHF"}},{"type":"Feature","geometry":{"type":"Point","coordinates":[-64.3724448,45.8919015]},"properties":{"name":"Sackville Memorial Hospital","address":"8 main st","city":"sackville","region":"nb","country":"CA","type":"Hospitals","beds":null,"trauma":"","helipad":"","tier":"standard","source":"ODHF"}},{"type":"Feature","geometry":{"type":"Point","coordinates":[-66.08515,45.302733]},"properties":{"name":"Saint John Regional Hospital","address":"400 university avenue","city":"saint john","region":"nb","country":"CA","type":"Hospitals","beds":null,"trauma":"","helipad":"","tier":"major","source":"ODHF"}},{"type":"Feature","geometry":{"type":"Point","coordinates":[-65.49057420000001,45.726332899999996]},"properties":{"name":"Sussex Health Centre","address":"75 leonard dr","city":"sussex","region":"nb","country":"CA","type":"Hospitals","beds":null,"trauma":"","helipad":"","tier":"limited","source":"ODHF"}},{"type":"Feature","geometry":{"type":"Point","coordinates":[-113.98295,51.078059]},"properties":{"name":"Peter Lougheed Centre","address":"3500 26 ave ne","city":"calgary","region":"ab","country":"CA","type":"Hospitals","beds":null,"trauma":"","helipad":"","tier":"standard","source":"ODHF"}},{"type":"Feature","geometry":{"type":"Point","coordinates":[-64.80615,46.104977000000005]},"properties":{"name":"the Moncton Hospital","address":"135 macbeath ave","city":"moncton","region":"nb","country":"CA","type":"Hospitals","beds":null,"trauma":"","helipad":"","tier":"standard","source":"ODHF"}},{"type":"Feature","geometry":{"type":"Point","coordinates":[-66.65293829999999,45.9374307]},"properties":{"name":"the Stan Cassidy Centre for Rehabilitation","address":"800 priestman st","city":"fredericton","region":"nb","country":"CA","type":"Hospitals","beds":null,"trauma":"","helipad":"","tier":"limited","source":"ODHF"}},{"type":"Feature","geometry":{"type":"Point","coordinates":[-67.397851,46.8910194]},"properties":{"name":"Tobique Valley Community Health Centre","address":"120 main st","city":"plaster rock","region":"nb","country":"CA","type":"Hospitals","beds":null,"trauma":"","helipad":"","tier":"limited","source":"ODHF"}},{"type":"Feature","geometry":{"type":"Point","coordinates":[-67.571154,46.283592999999996]},"properties":{"name":"Upper River Valley Hospital","address":"11300 route 130","city":"waterville","region":"nb","country":"CA","type":"Hospitals","beds":null,"trauma":"","helipad":"","tier":"standard","source":"ODHF"}},{"type":"Feature","geometry":{"type":"Point","coordinates":[-66.19387689999999,45.2979544]},"properties":{"name":"Workers' Rehabilitation Centre","address":"3700 westfield rd","city":"saint john","region":"nb","country":"CA","type":"Hospitals","beds":null,"trauma":"","helipad":"","tier":"limited","source":"ODHF"}},{"type":"Feature","geometry":{"type":"Point","coordinates":[-112.46105700000001,50.7892616]},"properties":{"name":"Bassano Health Centre","address":"608 5 ave","city":"bassano","region":"ab","country":"CA","type":"Hospitals","beds":null,"trauma":"","helipad":"","tier":"limited","source":"ODHF"}},{"type":"Feature","geometry":{"type":"Point","coordinates":[-113.94693500000001,49.493452000000005]},"properties":{"name":"Pincher Creek Health Centre","address":"1222 mill ave","city":"pincher creek","region":"ab","country":"CA","type":"Hospitals","beds":null,"trauma":"","helipad":"","tier":"limited","source":"ODHF"}},{"type":"Feature","geometry":{"type":"Point","coordinates":[-56.857397,48.824015]},"properties":{"name":"a.m. Guy Memorial Health Centre","address":"15 water steet","city":"buchans","region":"nl","country":"CA","type":"Hospitals","beds":null,"trauma":"","helipad":"","tier":"limited","source":"ODHF"}},{"type":"Feature","geometry":{"type":"Point","coordinates":[-56.221936,49.925666299999996]},"properties":{"name":"Baie Verte Peninsula Health Centre","address":"1 columbus dr","city":"baie verte","region":"nl","country":"CA","type":"Hospitals","beds":null,"trauma":"","helipad":"","tier":"limited","source":"ODHF"}},{"type":"Feature","geometry":{"type":"Point","coordinates":[-112.7773122,49.8731985]},"properties":{"name":"Piyami Health Centre","address":"301a rogers ave","city":"picture butte","region":"ab","country":"CA","type":"Hospitals","beds":null,"trauma":"","helipad":"","tier":"limited","source":"ODHF"}},{"type":"Feature","geometry":{"type":"Point","coordinates":[-58.126394,49.470386]},"properties":{"name":"Bonne Bay Health Centre","address":"131-135 main street","city":"norris point","region":"nl","country":"CA","type":"Hospitals","beds":null,"trauma":"","helipad":"","tier":"limited","source":"ODHF"}},{"type":"Feature","geometry":{"type":"Point","coordinates":[-53.59063199999999,49.13469]},"properties":{"name":"Brookfield/Bonnews Health Centre","address":"","city":"badgers quay","region":"nl","country":"CA","type":"Hospitals","beds":null,"trauma":"","helipad":"","tier":"limited","source":"ODHF"}},{"type":"Feature","geometry":{"type":"Point","coordinates":[-53.2265711,47.7252563]},"properties":{"name":"Carbonear General Hospital","address":"86 highroad s","city":"carbonear","region":"nl","country":"CA","type":"Hospitals","beds":null,"trauma":"","helipad":"","tier":"standard","source":"ODHF"}},{"type":"Feature","geometry":{"type":"Point","coordinates":[-55.647952000000004,48.932557]},"properties":{"name":"Central Newfoundland Regional Health Centre","address":"50 union street","city":"grand falls-windsor","region":"nl","country":"CA","type":"Hospitals","beds":null,"trauma":"","helipad":"","tier":"limited","source":"ODHF"}},{"type":"Feature","geometry":{"type":"Point","coordinates":[-55.827481000000006,47.468051]},"properties":{"name":"Connaigre Peninsula Health Centre","address":"","city":"harbour breton","region":"nl","country":"CA","type":"Hospitals","beds":null,"trauma":"","helipad":"","tier":"limited","source":"ODHF"}},{"type":"Feature","geometry":{"type":"Point","coordinates":[-52.999593000000004,48.076266]},"properties":{"name":"Dr. a. a. Wilkinson Memorial Health Centre","address":"438 station drive","city":"old perlican","region":"nl","country":"CA","type":"Hospitals","beds":null,"trauma":"","helipad":"","tier":"limited","source":"ODHF"}},{"type":"Feature","geometry":{"type":"Point","coordinates":[-59.162949,47.588959]},"properties":{"name":"Dr. Charles l. Legrow Health Centre","address":"grand bay rd","city":"port aux basques","region":"nl","country":"CA","type":"Hospitals","beds":null,"trauma":"","helipad":"","tier":"limited","source":"ODHF"}},{"type":"Feature","geometry":{"type":"Point","coordinates":[-55.586989,51.362435999999995]},"properties":{"name":"Dr. Charles s. Curtis Memorial Hospital","address":"200 west st","city":"st anthony","region":"nl","country":"CA","type":"Hospitals","beds":null,"trauma":"","helipad":"","tier":"standard","source":"ODHF"}},{"type":"Feature","geometry":{"type":"Point","coordinates":[-53.9844029,48.1649933]},"properties":{"name":"Dr. g.b. Cross Memorial Hospital","address":"67 manitoba dr","city":"clarenville","region":"nl","country":"CA","type":"Hospitals","beds":null,"trauma":"","helipad":"","tier":"standard","source":"ODHF"}},{"type":"Feature","geometry":{"type":"Point","coordinates":[-52.946948,47.645878]},"properties":{"name":"Dr. Walter Templeman Health Care Centre","address":"","city":"bell island","region":"nl","country":"CA","type":"Hospitals","beds":null,"trauma":"","helipad":"","tier":"limited","source":"ODHF"}},{"type":"Feature","geometry":{"type":"Point","coordinates":[-113.58951100000002,52.684723999999996]},"properties":{"name":"Ponoka Hospital and Care Centre","address":"5800 57 ave","city":"ponoka","region":"ab","country":"CA","type":"Hospitals","beds":null,"trauma":"","helipad":"","tier":"limited","source":"ODHF"}},{"type":"Feature","geometry":{"type":"Point","coordinates":[-54.2245912,49.665568900000004]},"properties":{"name":"Fogo Island Health Centre","address":"","city":"fogo","region":"nl","country":"CA","type":"Hospitals","beds":null,"trauma":"","helipad":"","tier":"limited","source":"ODHF"}},{"type":"Feature","geometry":{"type":"Point","coordinates":[-110.26483999999999,52.357969]},"properties":{"name":"Provost Health Centre","address":"5002 54 ave","city":"provost","region":"ab","country":"CA","type":"Hospitals","beds":null,"trauma":"","helipad":"","tier":"limited","source":"ODHF"}},{"type":"Feature","geometry":{"type":"Point","coordinates":[-56.053543000000005,49.505774]},"properties":{"name":"Green Bay Health Centre","address":"275 main street","city":"springdale","region":"nl","country":"CA","type":"Hospitals","beds":null,"trauma":"","helipad":"","tier":"limited","source":"ODHF"}},{"type":"Feature","geometry":{"type":"Point","coordinates":[-52.74187758,47.5718074]},"properties":{"name":"Health Sciences Centre - General Hospital","address":"300 prince phillip drive","city":"st johns","region":"nl","country":"CA","type":"Hospitals","beds":null,"trauma":"","helipad":"","tier":"major","source":"ODHF"}},{"type":"Feature","geometry":{"type":"Point","coordinates":[-54.628799,48.956070000000004]},"properties":{"name":"James Paton Memorial Regional Health Centre","address":"125 trans canada hwy","city":"gander","region":"nl","country":"CA","type":"Hospitals","beds":null,"trauma":"","helipad":"","tier":"limited","source":"ODHF"}},{"type":"Feature","geometry":{"type":"Point","coordinates":[-52.742467000000005,47.572666]},"properties":{"name":"Janeway Children's Health and Rehabilitation Centre","address":"300 prince philip dr","city":"st johns","region":"nl","country":"CA","type":"Hospitals","beds":null,"trauma":"","helipad":"","tier":"limited","source":"ODHF"}},{"type":"Feature","geometry":{"type":"Point","coordinates":[-60.341373,53.296639]},"properties":{"name":"Labrador Health Centre","address":"227 hamilton river road","city":"happy valley-goose bay","region":"nl","country":"CA","type":"Hospitals","beds":null,"trauma":"","helipad":"","tier":"limited","source":"ODHF"}},{"type":"Feature","geometry":{"type":"Point","coordinates":[-56.960103000000004,51.473905]},"properties":{"name":"Labrador South Health Centre","address":"","city":"forteau","region":"nl","country":"CA","type":"Hospitals","beds":null,"trauma":"","helipad":"","tier":"limited","source":"ODHF"}},{"type":"Feature","geometry":{"type":"Point","coordinates":[-66.91315999999999,52.948395999999995]},"properties":{"name":"Labrador-Grenfell Health","address":"410 booth ave","city":"labrador city","region":"nl","country":"CA","type":"Hospitals","beds":null,"trauma":"","helipad":"","tier":"standard","source":"ODHF"}},{"type":"Feature","geometry":{"type":"Point","coordinates":[-58.552606999999995,48.559658]},"properties":{"name":"Sir Thomas Roddick Hospital","address":"142 minnesota dr","city":"stephenville","region":"nl","country":"CA","type":"Hospitals","beds":null,"trauma":"","helipad":"","tier":"standard","source":"ODHF"}},{"type":"Feature","geometry":{"type":"Point","coordinates":[-52.72165,47.557926]},"properties":{"name":"St. Clare's Mercy Hospital","address":"154 lemarchant rd","city":"st johns","region":"nl","country":"CA","type":"Hospitals","beds":null,"trauma":"","helipad":"","tier":"standard","source":"ODHF"}},{"type":"Feature","geometry":{"type":"Point","coordinates":[-55.39905,46.930187]},"properties":{"name":"u.s. Memorial Health Centre","address":"","city":"st lawrence","region":"nl","country":"CA","type":"Hospitals","beds":null,"trauma":"","helipad":"","tier":"limited","source":"ODHF"}},{"type":"Feature","geometry":{"type":"Point","coordinates":[-52.74206070000001,47.529617200000004]},"properties":{"name":"Waterford Hospital","address":"306 waterford bridge road","city":"st johns","region":"nl","country":"CA","type":"Hospitals","beds":null,"trauma":"","helipad":"","tier":"standard","source":"ODHF"}},{"type":"Feature","geometry":{"type":"Point","coordinates":[-57.9305905,48.948501799999995]},"properties":{"name":"Western Memorial Regional Hospital","address":"1 brookfield ave","city":"corner brook","region":"nl","country":"CA","type":"Hospitals","beds":null,"trauma":"","helipad":"","tier":"major","source":"ODHF"}},{"type":"Feature","geometry":{"type":"Point","coordinates":[-56.117025,50.868696]},"properties":{"name":"White Bay Central Health Centre","address":"63 cloud drive","city":"roddickton","region":"nl","country":"CA","type":"Hospitals","beds":null,"trauma":"","helipad":"","tier":"limited","source":"ODHF"}},{"type":"Feature","geometry":{"type":"Point","coordinates":[-62.642894999999996,45.573042]},"properties":{"name":"Aberdeen Hospital - New Glasgow","address":"835 east river rd","city":"new glasgow","region":"ns","country":"CA","type":"Hospitals","beds":null,"trauma":"","helipad":"","tier":"standard","source":"ODHF"}},{"type":"Feature","geometry":{"type":"Point","coordinates":[-64.0501,45.65028]},"properties":{"name":"All Saints Springhill Hospital","address":"10 princess st","city":"springhill","region":"ns","country":"CA","type":"Hospitals","beds":null,"trauma":"","helipad":"","tier":"standard","source":"ODHF"}},{"type":"Feature","geometry":{"type":"Point","coordinates":[-119.42409280000001,55.2136098]},"properties":{"name":"Beaverlodge Municipal Hospital","address":"422 10a st","city":"beaverlodge","region":"ab","country":"CA","type":"Hospitals","beds":null,"trauma":"","helipad":"","tier":"standard","source":"ODHF"}},{"type":"Feature","geometry":{"type":"Point","coordinates":[-118.78656799999999,55.175292299999995]},"properties":{"name":"Queen Elizabeth Ii Hospital","address":"10409 98 st","city":"grande prairie","region":"ab","country":"CA","type":"Hospitals","beds":null,"trauma":"","helipad":"","tier":"standard","source":"ODHF"}},{"type":"Feature","geometry":{"type":"Point","coordinates":[-65.5018643,44.736618799999995]},"properties":{"name":"Annapolis Community Health Centre","address":"821 st george st","city":"annapolis royal","region":"ns","country":"CA","type":"Hospitals","beds":null,"trauma":"","helipad":"","tier":"limited","source":"ODHF"}},{"type":"Feature","geometry":{"type":"Point","coordinates":[-60.334327,46.81057]},"properties":{"name":"Buchanan Memorial Community Health Centre","address":"32610 cabot trail","city":"neils harbour","region":"ns","country":"CA","type":"Hospitals","beds":null,"trauma":"","helipad":"","tier":"limited","source":"ODHF"}},{"type":"Feature","geometry":{"type":"Point","coordinates":[-60.174263,46.113409000000004]},"properties":{"name":"Cape Breton Regional Hospital","address":"1482 george st","city":"sydney","region":"ns","country":"CA","type":"Hospitals","beds":null,"trauma":"","helipad":"","tier":"major","source":"ODHF"}},{"type":"Feature","geometry":{"type":"Point","coordinates":[-63.65899399999999,44.757207]},"properties":{"name":"Cobequid Community Health Centre","address":"40 freer lane","city":"sackville","region":"ns","country":"CA","type":"Hospitals","beds":null,"trauma":"","helipad":"","tier":"limited","source":"ODHF"}},{"type":"Feature","geometry":{"type":"Point","coordinates":[-63.292881900000005,45.357096899999995]},"properties":{"name":"Colchester Regional Hospital","address":"207 willow st","city":"truro","region":"ns","country":"CA","type":"Hospitals","beds":null,"trauma":"","helipad":"","tier":"major","source":"ODHF"}},{"type":"Feature","geometry":{"type":"Point","coordinates":[-64.1968995,45.8041086]},"properties":{"name":"Cumberland Regional Health Care Centre","address":"19428 hwy 2","city":"amherst","region":"ns","country":"CA","type":"Hospitals","beds":null,"trauma":"","helipad":"","tier":"limited","source":"ODHF"}},{"type":"Feature","geometry":{"type":"Point","coordinates":[-112.65058400000001,49.4647002]},"properties":{"name":"Raymond Health Centre","address":"150 n 4 st e","city":"raymond","region":"ab","country":"CA","type":"Hospitals","beds":null,"trauma":"","helipad":"","tier":"limited","source":"ODHF"}},{"type":"Feature","geometry":{"type":"Point","coordinates":[-63.547621400000004,44.6539875]},"properties":{"name":"Dartmouth General Hospital","address":"325 pleasant st","city":"dartmouth","region":"ns","country":"CA","type":"Hospitals","beds":null,"trauma":"","helipad":"","tier":"standard","source":"ODHF"}},{"type":"Feature","geometry":{"type":"Point","coordinates":[-65.761667,44.616534]},"properties":{"name":"Digby General Hospital","address":"75 warwick st","city":"digby","region":"ns","country":"CA","type":"Hospitals","beds":null,"trauma":"","helipad":"","tier":"standard","source":"ODHF"}},{"type":"Feature","geometry":{"type":"Point","coordinates":[-113.818671,52.2607786]},"properties":{"name":"Red Deer Regional Hospital Centre","address":"3942 50a ave","city":"red deer","region":"ab","country":"CA","type":"Hospitals","beds":null,"trauma":"","helipad":"","tier":"major","source":"ODHF"}},{"type":"Feature","geometry":{"type":"Point","coordinates":[-62.532982999999994,44.920899]},"properties":{"name":"Eastern Shore Memorial Hospital","address":"22637 rte 7","city":"sheet harbour","region":"ns","country":"CA","type":"Hospitals","beds":null,"trauma":"","helipad":"","tier":"standard","source":"ODHF"}},{"type":"Feature","geometry":{"type":"Point","coordinates":[-64.326952,44.382276]},"properties":{"name":"Fishermen's Memorial Hospital","address":"14 high st","city":"lunenburg","region":"ns","country":"CA","type":"Hospitals","beds":null,"trauma":"","helipad":"","tier":"standard","source":"ODHF"}},{"type":"Feature","geometry":{"type":"Point","coordinates":[-113.12558130000001,53.9495991]},"properties":{"name":"Redwater Health Centre","address":"4812 58 st","city":"redwater","region":"ab","country":"CA","type":"Hospitals","beds":null,"trauma":"","helipad":"","tier":"limited","source":"ODHF"}},{"type":"Feature","geometry":{"type":"Point","coordinates":[-64.120414,44.986514]},"properties":{"name":"Hants Community Hospital","address":"89 payzant drive","city":"windsor","region":"ns","country":"CA","type":"Hospitals","beds":null,"trauma":"","helipad":"","tier":"standard","source":"ODHF"}},{"type":"Feature","geometry":{"type":"Point","coordinates":[-60.22220735,46.23474447]},"properties":{"name":"Harbour View Hospital","address":"22 richard street","city":"sydney mines","region":"ns","country":"CA","type":"Hospitals","beds":null,"trauma":"","helipad":"","tier":"standard","source":"ODHF"}},{"type":"Feature","geometry":{"type":"Point","coordinates":[-61.304843000000005,46.226968]},"properties":{"name":"Inverness Consolidated Memorial Hospital","address":"39 james street","city":"inverness","region":"ns","country":"CA","type":"Hospitals","beds":null,"trauma":"","helipad":"","tier":"standard","source":"ODHF"}},{"type":"Feature","geometry":{"type":"Point","coordinates":[-63.583484,44.637993]},"properties":{"name":"Iwk Health Centre","address":"5980 university ave","city":"halifax","region":"ns","country":"CA","type":"Hospitals","beds":null,"trauma":"","helipad":"","tier":"limited","source":"ODHF"}},{"type":"Feature","geometry":{"type":"Point","coordinates":[-63.296239,45.711524]},"properties":{"name":"Lillian Fraser Memorial Hospital","address":"110 blair ave","city":"tatamagouche","region":"ns","country":"CA","type":"Hospitals","beds":null,"trauma":"","helipad":"","tier":"standard","source":"ODHF"}},{"type":"Feature","geometry":{"type":"Point","coordinates":[-63.1404927,45.040463700000004]},"properties":{"name":"Musquodoboit Valley Memorial Hospital","address":"492 archibald brook rd","city":"middle musquodoboit","region":"ns","country":"CA","type":"Hospitals","beds":null,"trauma":"","helipad":"","tier":"standard","source":"ODHF"}},{"type":"Feature","geometry":{"type":"Point","coordinates":[-60.085691000000004,46.240138]},"properties":{"name":"New Waterford Consolidated Hospital","address":"716 king st","city":"new waterford","region":"ns","country":"CA","type":"Hospitals","beds":null,"trauma":"","helipad":"","tier":"standard","source":"ODHF"}},{"type":"Feature","geometry":{"type":"Point","coordinates":[-63.65886999999999,45.856297999999995]},"properties":{"name":"North Cumberland Memorial Hospital","address":"260 church st","city":"pugwash","region":"ns","country":"CA","type":"Hospitals","beds":null,"trauma":"","helipad":"","tier":"standard","source":"ODHF"}},{"type":"Feature","geometry":{"type":"Point","coordinates":[-60.23561899999999,46.218293]},"properties":{"name":"Northside General Hospital","address":"520 purves st","city":"north sydney","region":"ns","country":"CA","type":"Hospitals","beds":null,"trauma":"","helipad":"","tier":"standard","source":"ODHF"}},{"type":"Feature","geometry":{"type":"Point","coordinates":[-63.58215799999999,44.639724]},"properties":{"name":"Nova Scotia Rehabilitation Centre","address":"1341 summer street","city":"halifax","region":"ns","country":"CA","type":"Hospitals","beds":null,"trauma":"","helipad":"","tier":"limited","source":"ODHF"}},{"type":"Feature","geometry":{"type":"Point","coordinates":[-63.586389000000004,44.645784]},"properties":{"name":"Qeii - Halifax Infirmary Site","address":"1796 summer street","city":"halifax","region":"ns","country":"CA","type":"Hospitals","beds":null,"trauma":"","helipad":"","tier":"standard","source":"ODHF"}},{"type":"Feature","geometry":{"type":"Point","coordinates":[-63.58040241,44.63840489]},"properties":{"name":"Qeii - Victoria General (Vg) Site","address":"1278 south park street","city":"halifax","region":"ns","country":"CA","type":"Hospitals","beds":null,"trauma":"","helipad":"","tier":"standard","source":"ODHF"}},{"type":"Feature","geometry":{"type":"Point","coordinates":[-63.581341,44.638422]},"properties":{"name":"Queen Elizabeth Ii Health Sciences Centre","address":"1276 south park st","city":"halifax","region":"ns","country":"CA","type":"Hospitals","beds":null,"trauma":"","helipad":"","tier":"major","source":"ODHF"}},{"type":"Feature","geometry":{"type":"Point","coordinates":[-64.70559399999999,44.037653000000006]},"properties":{"name":"Queens General Hospital","address":"175 school st","city":"liverpool","region":"ns","country":"CA","type":"Hospitals","beds":null,"trauma":"","helipad":"","tier":"standard","source":"ODHF"}},{"type":"Feature","geometry":{"type":"Point","coordinates":[-65.310347,43.749522999999996]},"properties":{"name":"Roseway Hospital","address":"1606 sandy point rd","city":"shelburne","region":"ns","country":"CA","type":"Hospitals","beds":null,"trauma":"","helipad":"","tier":"standard","source":"ODHF"}},{"type":"Feature","geometry":{"type":"Point","coordinates":[-65.156992,44.882577000000005]},"properties":{"name":"Soldiers Memorial Hospital","address":"462 main street","city":"middleton","region":"ns","country":"CA","type":"Hospitals","beds":null,"trauma":"","helipad":"","tier":"standard","source":"ODHF"}},{"type":"Feature","geometry":{"type":"Point","coordinates":[-64.325971,45.409197]},"properties":{"name":"South Cumberland Community Care Centre","address":"50 jenks ave","city":"parrsboro","region":"ns","country":"CA","type":"Hospitals","beds":null,"trauma":"","helipad":"","tier":"limited","source":"ODHF"}},{"type":"Feature","geometry":{"type":"Point","coordinates":[-64.51059570000001,44.3831672]},"properties":{"name":"South Shore Regional Hospital","address":"90 glen allan dr","city":"bridgewater","region":"ns","country":"CA","type":"Hospitals","beds":null,"trauma":"","helipad":"","tier":"major","source":"ODHF"}},{"type":"Feature","geometry":{"type":"Point","coordinates":[-61.980072,45.627949]},"properties":{"name":"St. Martha's Regional Hospital","address":"25 bay st","city":"antigonish","region":"ns","country":"CA","type":"Hospitals","beds":null,"trauma":"","helipad":"","tier":"major","source":"ODHF"}},{"type":"Feature","geometry":{"type":"Point","coordinates":[-61.981930000000006,45.147814000000004]},"properties":{"name":"St. Mary's Memorial Hospital","address":"91 hospital rd","city":"sherbrooke","region":"ns","country":"CA","type":"Hospitals","beds":null,"trauma":"","helipad":"","tier":"standard","source":"ODHF"}},{"type":"Feature","geometry":{"type":"Point","coordinates":[-61.222926,45.617084000000006]},"properties":{"name":"Strait Richmond Hospital","address":"138 rr 1","city":"cleveland","region":"ns","country":"CA","type":"Hospitals","beds":null,"trauma":"","helipad":"","tier":"standard","source":"ODHF"}},{"type":"Feature","geometry":{"type":"Point","coordinates":[-63.59163420000001,44.7213432]},"properties":{"name":"the East Coast Forensic Hospital","address":"88 gloria mccluskey ave","city":"dartmouth","region":"ns","country":"CA","type":"Hospitals","beds":null,"trauma":"","helipad":"","tier":"standard","source":"ODHF"}},{"type":"Feature","geometry":{"type":"Point","coordinates":[-114.110878,51.035999]},"properties":{"name":"Richmond Road Diagnostic & Treatment Centre","address":"1820 richmond road sw","city":"calgary","region":"ab","country":"CA","type":"Hospitals","beds":null,"trauma":"","helipad":"","tier":"standard","source":"ODHF"}},{"type":"Feature","geometry":{"type":"Point","coordinates":[-63.158434,44.783235]},"properties":{"name":"Twin Oaks Memorial Hospital","address":"7702 hwy 7","city":"musquodoboit harbour","region":"ns","country":"CA","type":"Hospitals","beds":null,"trauma":"","helipad":"","tier":"standard","source":"ODHF"}},{"type":"Feature","geometry":{"type":"Point","coordinates":[-114.2459585,52.6396975]},"properties":{"name":"Rimbey Hospital & Care Centre","address":"5228 50 ave","city":"rimbey","region":"ab","country":"CA","type":"Hospitals","beds":null,"trauma":"","helipad":"","tier":"limited","source":"ODHF"}},{"type":"Feature","geometry":{"type":"Point","coordinates":[-64.5005906,45.084052899999996]},"properties":{"name":"Valley Regional Hospital","address":"150 exhibition st","city":"kentville","region":"ns","country":"CA","type":"Hospitals","beds":null,"trauma":"","helipad":"","tier":"major","source":"ODHF"}},{"type":"Feature","geometry":{"type":"Point","coordinates":[-60.756029000000005,46.100264]},"properties":{"name":"Victoria County Memorial Hospital","address":"30 old margaree road","city":"baddeck","region":"ns","country":"CA","type":"Hospitals","beds":null,"trauma":"","helipad":"","tier":"standard","source":"ODHF"}},{"type":"Feature","geometry":{"type":"Point","coordinates":[-114.92020500000001,52.3785683]},"properties":{"name":"Rocky Mountain House Health Centre","address":"5016 52 ave","city":"rocky mountain house","region":"ab","country":"CA","type":"Hospitals","beds":null,"trauma":"","helipad":"","tier":"limited","source":"ODHF"}},{"type":"Feature","geometry":{"type":"Point","coordinates":[-111.88021200000001,60.003556]},"properties":{"name":"Fort Smith Health Centre","address":"41 breynet street","city":"fort smith","region":"nt","country":"CA","type":"Hospitals","beds":null,"trauma":"","helipad":"","tier":"limited","source":"ODHF"}},{"type":"Feature","geometry":{"type":"Point","coordinates":[-115.77905700000001,60.81655]},"properties":{"name":"h.h. Williams Memorial Hospital","address":"3 gaetz dr","city":"hay river","region":"nt","country":"CA","type":"Hospitals","beds":null,"trauma":"","helipad":"","tier":"standard","source":"ODHF"}},{"type":"Feature","geometry":{"type":"Point","coordinates":[-133.694525,68.35299]},"properties":{"name":"Inuvik Regional Hospital","address":"285 mackenzie rd","city":"inuvik","region":"nt","country":"CA","type":"Hospitals","beds":null,"trauma":"","helipad":"","tier":"major","source":"ODHF"}},{"type":"Feature","geometry":{"type":"Point","coordinates":[-114.4045,62.447683999999995]},"properties":{"name":"Stanton Territorial Hospital","address":"550 byrne rd","city":"yellowknife","region":"nt","country":"CA","type":"Hospitals","beds":null,"trauma":"","helipad":"","tier":"standard","source":"ODHF"}},{"type":"Feature","geometry":{"type":"Point","coordinates":[-105.05170700000001,69.117411]},"properties":{"name":"Cambridge Bay Health Centre (Kitikmeot Regional Health Centre)","address":"13d omingmak st","city":"cambridge bay","region":"nu","country":"CA","type":"Hospitals","beds":null,"trauma":"","helipad":"","tier":"limited","source":"ODHF"}},{"type":"Feature","geometry":{"type":"Point","coordinates":[-68.509098,63.749938]},"properties":{"name":"Qikiqtani General Hospital","address":"516 niaqunngusiariaq","city":"iqaluit","region":"nu","country":"CA","type":"Hospitals","beds":null,"trauma":"","helipad":"","tier":"standard","source":"ODHF"}},{"type":"Feature","geometry":{"type":"Point","coordinates":[-114.096632,50.989822100000005]},"properties":{"name":"Rockyview General Hospital","address":"7007 14 st sw","city":"calgary","region":"ab","country":"CA","type":"Hospitals","beds":null,"trauma":"","helipad":"","tier":"standard","source":"ODHF"}},{"type":"Feature","geometry":{"type":"Point","coordinates":[-113.497772,53.5573875]},"properties":{"name":"Royal Alexandra Hospital","address":"10240 kingsway ave","city":"edmonton","region":"ab","country":"CA","type":"Hospitals","beds":null,"trauma":"","helipad":"","tier":"standard","source":"ODHF"}},{"type":"Feature","geometry":{"type":"Point","coordinates":[-84.31783225,46.5215406]},"properties":{"name":"Algoma Family Services","address":"205 mcnabb street","city":"sault ste marie","region":"on","country":"CA","type":"Hospitals","beds":null,"trauma":"","helipad":"","tier":"standard","source":"ODHF"}},{"type":"Feature","geometry":{"type":"Point","coordinates":[-116.91421799999999,55.710475]},"properties":{"name":"Sacred Heart Community Health Centre","address":"350 3 ave","city":"mclennan","region":"ab","country":"CA","type":"Hospitals","beds":null,"trauma":"","helipad":"","tier":"limited","source":"ODHF"}},{"type":"Feature","geometry":{"type":"Point","coordinates":[-80.6860401,48.7690269]},"properties":{"name":"Anson General Hospital","address":"58 anson dr","city":"iroquois falls","region":"on","country":"CA","type":"Hospitals","beds":null,"trauma":"","helipad":"","tier":"standard","source":"ODHF"}},{"type":"Feature","geometry":{"type":"Point","coordinates":[-114.76073899999999,55.284356]},"properties":{"name":"Slave Lake Healthcare Centre","address":"309 6 st ne","city":"slave lake","region":"ab","country":"CA","type":"Hospitals","beds":null,"trauma":"","helipad":"","tier":"limited","source":"ODHF"}},{"type":"Feature","geometry":{"type":"Point","coordinates":[-112.465024,54.12113299999999]},"properties":{"name":"Smoky Lake (George Mcdougall Memorial) Healthcare Centre","address":"4212 55 ave","city":"smoky lake","region":"ab","country":"CA","type":"Hospitals","beds":null,"trauma":"","helipad":"","tier":"limited","source":"ODHF"}},{"type":"Feature","geometry":{"type":"Point","coordinates":[-91.59760899999999,48.754155]},"properties":{"name":"Atikokan General Hospital","address":"120 dorothy st","city":"atikokan","region":"on","country":"CA","type":"Hospitals","beds":null,"trauma":"","helipad":"","tier":"standard","source":"ODHF"}},{"type":"Feature","geometry":{"type":"Point","coordinates":[-113.95114369999999,50.8820756]},"properties":{"name":"South Health Campus","address":"4448 front street se","city":"calgary","region":"ab","country":"CA","type":"Hospitals","beds":null,"trauma":"","helipad":"","tier":"standard","source":"ODHF"}},{"type":"Feature","geometry":{"type":"Point","coordinates":[-112.033805,53.493974]},"properties":{"name":"St. Joseph's General Hospital - Vegreville","address":"5241 43 st","city":"vegreville","region":"ab","country":"CA","type":"Hospitals","beds":null,"trauma":"","helipad":"","tier":"standard","source":"ODHF"}},{"type":"Feature","geometry":{"type":"Point","coordinates":[-80.4697506,48.539603799999995]},"properties":{"name":"Bingham Memorial Hospital","address":"507 8 ave","city":"matheson","region":"on","country":"CA","type":"Hospitals","beds":null,"trauma":"","helipad":"","tier":"standard","source":"ODHF"}},{"type":"Feature","geometry":{"type":"Point","coordinates":[-112.83054009999998,53.0142926]},"properties":{"name":"St. Mary's Camrose","address":"4607 53 st","city":"camrose","region":"ab","country":"CA","type":"Hospitals","beds":null,"trauma":"","helipad":"","tier":"standard","source":"ODHF"}},{"type":"Feature","geometry":{"type":"Point","coordinates":[-111.2904497,53.9888438]},"properties":{"name":"St. Paul Healthcare Centre","address":"4713 48 ave","city":"st paul","region":"ab","country":"CA","type":"Hospitals","beds":null,"trauma":"","helipad":"","tier":"limited","source":"ODHF"}},{"type":"Feature","geometry":{"type":"Point","coordinates":[-116.01220670000001,58.3858843]},"properties":{"name":"St. Theresa General Hospital","address":"4506 46 ave","city":"fort vermilion","region":"ab","country":"CA","type":"Hospitals","beds":null,"trauma":"","helipad":"","tier":"standard","source":"ODHF"}},{"type":"Feature","geometry":{"type":"Point","coordinates":[-112.72346,52.323974]},"properties":{"name":"Stettler Hospital & Care Centre","address":"5912 47 ave","city":"stettler","region":"ab","country":"CA","type":"Hospitals","beds":null,"trauma":"","helipad":"","tier":"limited","source":"ODHF"}},{"type":"Feature","geometry":{"type":"Point","coordinates":[-113.386513,51.060882]},"properties":{"name":"Strathmore District Health Services","address":"200 brent blvd","city":"strathmore","region":"ab","country":"CA","type":"Hospitals","beds":null,"trauma":"","helipad":"","tier":"standard","source":"ODHF"}},{"type":"Feature","geometry":{"type":"Point","coordinates":[-113.62571100000001,53.65524]},"properties":{"name":"Sturgeon Community Hospital","address":"201 boudreau rd","city":"st albert","region":"ab","country":"CA","type":"Hospitals","beds":null,"trauma":"","helipad":"","tier":"standard","source":"ODHF"}},{"type":"Feature","geometry":{"type":"Point","coordinates":[-114.63548600000001,51.807789]},"properties":{"name":"Sundre Hospital & Care Centre","address":"709 1 st ne","city":"sundre","region":"ab","country":"CA","type":"Hospitals","beds":null,"trauma":"","helipad":"","tier":"limited","source":"ODHF"}},{"type":"Feature","geometry":{"type":"Point","coordinates":[-115.403079,54.7274797]},"properties":{"name":"Swan Hills Healthcare Centre","address":"29 freeman dr","city":"swan hills","region":"ab","country":"CA","type":"Hospitals","beds":null,"trauma":"","helipad":"","tier":"limited","source":"ODHF"}},{"type":"Feature","geometry":{"type":"Point","coordinates":[-112.1651375,49.7850125]},"properties":{"name":"Taber Health Centre","address":"4326 50 ave","city":"taber","region":"ab","country":"CA","type":"Hospitals","beds":null,"trauma":"","helipad":"","tier":"limited","source":"ODHF"}},{"type":"Feature","geometry":{"type":"Point","coordinates":[-113.25108590000002,51.7078018]},"properties":{"name":"Three Hills Health Centre","address":"1504 2 st n","city":"three hills","region":"ab","country":"CA","type":"Hospitals","beds":null,"trauma":"","helipad":"","tier":"limited","source":"ODHF"}},{"type":"Feature","geometry":{"type":"Point","coordinates":[-112.6510992,53.372657200000006]},"properties":{"name":"Tofield Health Centre","address":"5543 44 st","city":"tofield","region":"ab","country":"CA","type":"Hospitals","beds":null,"trauma":"","helipad":"","tier":"limited","source":"ODHF"}},{"type":"Feature","geometry":{"type":"Point","coordinates":[-114.13325800000001,51.063131]},"properties":{"name":"Tom Baker Cancer Centre","address":"1331 29 st nw","city":"calgary","region":"ab","country":"CA","type":"Hospitals","beds":null,"trauma":"","helipad":"","tier":"standard","source":"ODHF"}},{"type":"Feature","geometry":{"type":"Point","coordinates":[-111.731815,53.7132007]},"properties":{"name":"Two Hills Health Centre","address":"4401 53 ave","city":"two hills","region":"ab","country":"CA","type":"Hospitals","beds":null,"trauma":"","helipad":"","tier":"limited","source":"ODHF"}},{"type":"Feature","geometry":{"type":"Point","coordinates":[-113.524527,53.5206343]},"properties":{"name":"University of Alberta Hospital and Stollery Children's Hospital","address":"8440 112 st","city":"edmonton","region":"ab","country":"CA","type":"Hospitals","beds":null,"trauma":"","helipad":"","tier":"standard","source":"ODHF"}},{"type":"Feature","geometry":{"type":"Point","coordinates":[-110.479297,51.351289]},"properties":{"name":"Big Country Hospital","address":"312 3 ave e","city":"oyen","region":"ab","country":"CA","type":"Hospitals","beds":null,"trauma":"","helipad":"","tier":"standard","source":"ODHF"}},{"type":"Feature","geometry":{"type":"Point","coordinates":[-117.273404,55.066646999999996]},"properties":{"name":"Valleyview Health Centre","address":"4802 highway st e","city":"valleyview","region":"ab","country":"CA","type":"Hospitals","beds":null,"trauma":"","helipad":"","tier":"limited","source":"ODHF"}},{"type":"Feature","geometry":{"type":"Point","coordinates":[-110.87307890000001,53.3547731]},"properties":{"name":"Vermilion Health Centre","address":"5720 50 ave","city":"vermilion","region":"ab","country":"CA","type":"Hospitals","beds":null,"trauma":"","helipad":"","tier":"limited","source":"ODHF"}},{"type":"Feature","geometry":{"type":"Point","coordinates":[-111.7764446,53.099662699999996]},"properties":{"name":"Viking Health Centre","address":"5110 57 ave","city":"viking","region":"ab","country":"CA","type":"Hospitals","beds":null,"trauma":"","helipad":"","tier":"limited","source":"ODHF"}},{"type":"Feature","geometry":{"type":"Point","coordinates":[-75.652152,45.40076679999999]},"properties":{"name":"Children's Hospital of Eastern Ontario","address":"401 smyth road","city":"ottawa","region":"on","country":"CA","type":"Hospitals","beds":null,"trauma":"","helipad":"","tier":"standard","source":"ODHF"}},{"type":"Feature","geometry":{"type":"Point","coordinates":[-113.2588,50.396101200000004]},"properties":{"name":"Vulcan Community Health Centre","address":"610 elizabeth st s","city":"vulcan","region":"ab","country":"CA","type":"Hospitals","beds":null,"trauma":"","helipad":"","tier":"limited","source":"ODHF"}},{"type":"Feature","geometry":{"type":"Point","coordinates":[-110.865862,52.840949]},"properties":{"name":"Wainwright Health Centre","address":"530 6 ave","city":"wainwright","region":"ab","country":"CA","type":"Hospitals","beds":null,"trauma":"","helipad":"","tier":"limited","source":"ODHF"}},{"type":"Feature","geometry":{"type":"Point","coordinates":[-113.85325900000001,54.146530000000006]},"properties":{"name":"Westlock Healthcare Centre (h)","address":"10220 93 st","city":"westlock","region":"ab","country":"CA","type":"Hospitals","beds":null,"trauma":"","helipad":"","tier":"limited","source":"ODHF"}},{"type":"Feature","geometry":{"type":"Point","coordinates":[-113.97713300000001,53.537465000000005]},"properties":{"name":"Westview Health Centre","address":"4405 south park dr","city":"stony plain","region":"ab","country":"CA","type":"Hospitals","beds":null,"trauma":"","helipad":"","tier":"limited","source":"ODHF"}},{"type":"Feature","geometry":{"type":"Point","coordinates":[-113.367947,52.986764]},"properties":{"name":"Wetaskiwin Hospital & Care Centre","address":"6910 47 st","city":"wetaskiwin","region":"ab","country":"CA","type":"Hospitals","beds":null,"trauma":"","helipad":"","tier":"limited","source":"ODHF"}},{"type":"Feature","geometry":{"type":"Point","coordinates":[-115.674435,54.131598]},"properties":{"name":"Whitecourt Healthcare Centre","address":"20 sunset blvd","city":"whitecourt","region":"ab","country":"CA","type":"Hospitals","beds":null,"trauma":"","helipad":"","tier":"limited","source":"ODHF"}},{"type":"Feature","geometry":{"type":"Point","coordinates":[-110.7393,54.26373]},"properties":{"name":"Bonnyville Community Cancer Centre","address":"","city":"bonnyville","region":"ab","country":"CA","type":"Hospitals","beds":null,"trauma":"","helipad":"","tier":"standard","source":"ODHF"}},{"type":"Feature","geometry":{"type":"Point","coordinates":[-121.2930534,51.6376711]},"properties":{"name":"100 Mile District General Hospital","address":"555 cedar ave","city":"100 mile house","region":"bc","country":"CA","type":"Hospitals","beds":null,"trauma":"","helipad":"","tier":"standard","source":"ODHF"}},{"type":"Feature","geometry":{"type":"Point","coordinates":[-92.83864100000001,49.76956]},"properties":{"name":"Dryden Regional Health Centre","address":"58 goodall st","city":"dryden","region":"on","country":"CA","type":"Hospitals","beds":null,"trauma":"","helipad":"","tier":"limited","source":"ODHF"}},{"type":"Feature","geometry":{"type":"Point","coordinates":[-110.7414916,54.26375329999999]},"properties":{"name":"Bonnyville Health Centre","address":"5001 lakeshore dr","city":"bonnyville","region":"ab","country":"CA","type":"Hospitals","beds":null,"trauma":"","helipad":"","tier":"limited","source":"ODHF"}},{"type":"Feature","geometry":{"type":"Point","coordinates":[-93.842073,48.631491]},"properties":{"name":"Emo Health Centre","address":"260 front street","city":"emo","region":"on","country":"CA","type":"Hospitals","beds":null,"trauma":"","helipad":"","tier":"limited","source":"ODHF"}},{"type":"Feature","geometry":{"type":"Point","coordinates":[-79.879574,47.823199]},"properties":{"name":"Englehart and District Hospital Inc.","address":"61 5 st","city":"englehart","region":"on","country":"CA","type":"Hospitals","beds":null,"trauma":"","helipad":"","tier":"standard","source":"ODHF"}},{"type":"Feature","geometry":{"type":"Point","coordinates":[-81.78083199999999,46.248452]},"properties":{"name":"Espanola General Hospital","address":"825 mckinnon dr","city":"espanola","region":"on","country":"CA","type":"Hospitals","beds":null,"trauma":"","helipad":"","tier":"standard","source":"ODHF"}},{"type":"Feature","geometry":{"type":"Point","coordinates":[-111.3793987,49.8655484]},"properties":{"name":"Bow Island Health Centre","address":"938 centre st","city":"bow island","region":"ab","country":"CA","type":"Hospitals","beds":null,"trauma":"","helipad":"","tier":"limited","source":"ODHF"}},{"type":"Feature","geometry":{"type":"Point","coordinates":[-86.9547123,49.7226939]},"properties":{"name":"Geraldton District Hospital","address":"500 hogarth st w","city":"geraldton","region":"on","country":"CA","type":"Hospitals","beds":null,"trauma":"","helipad":"","tier":"standard","source":"ODHF"}},{"type":"Feature","geometry":{"type":"Point","coordinates":[-112.801974,54.588366]},"properties":{"name":"Boyle Healthcare Centre","address":"5004 lakeview road","city":"boyle","region":"ab","country":"CA","type":"Hospitals","beds":null,"trauma":"","helipad":"","tier":"limited","source":"ODHF"}},{"type":"Feature","geometry":{"type":"Point","coordinates":[-80.99628359999998,46.4679347]},"properties":{"name":"Health Sciences North - Ramsey Lake Health Centre","address":"41 ramsey lake rd","city":"sudbury","region":"on","country":"CA","type":"Hospitals","beds":null,"trauma":"","helipad":"","tier":"major","source":"ODHF"}},{"type":"Feature","geometry":{"type":"Point","coordinates":[-80.99217809999999,46.4918343]},"properties":{"name":"North Bay Regional Health Centre - Kirkwood","address":"680 kirkwood dr","city":"sudbury","region":"on","country":"CA","type":"Hospitals","beds":null,"trauma":"","helipad":"","tier":"limited","source":"ODHF"}},{"type":"Feature","geometry":{"type":"Point","coordinates":[-84.774059,49.212827000000004]},"properties":{"name":"Hornepayne Community Hospital","address":"278 front st","city":"hornepayne","region":"on","country":"CA","type":"Hospitals","beds":null,"trauma":"","helipad":"","tier":"standard","source":"ODHF"}},{"type":"Feature","geometry":{"type":"Point","coordinates":[-113.486,53.551359999999995]},"properties":{"name":"Boyle Mccauley Health Centre","address":"10628 96 st","city":"edmonton","region":"ab","country":"CA","type":"Hospitals","beds":null,"trauma":"","helipad":"","tier":"limited","source":"ODHF"}},{"type":"Feature","geometry":{"type":"Point","coordinates":[-75.63923840000001,45.4459814]},"properties":{"name":"H\u00d4PITAL MONTFORT HOSPITAL","address":"713 ch montr\u00e9al rd","city":"ottawa","region":"on","country":"CA","type":"Hospitals","beds":null,"trauma":"","helipad":"","tier":"standard","source":"ODHF"}},{"type":"Feature","geometry":{"type":"Point","coordinates":[-75.6970115,45.431931]},"properties":{"name":"H\u00d4PITAL \u00c9LISABETH BRUY\u00c8RE HOSPITAL","address":"43 bruy\u00e8re st","city":"ottawa","region":"on","country":"CA","type":"Hospitals","beds":null,"trauma":"","helipad":"","tier":"standard","source":"ODHF"}},{"type":"Feature","geometry":{"type":"Point","coordinates":[-82.426001,52.922732999999994]},"properties":{"name":"James Bay General Hospital - Attawapiskat","address":"general delivery","city":"attawapiskat","region":"on","country":"CA","type":"Hospitals","beds":null,"trauma":"","helipad":"","tier":"standard","source":"ODHF"}},{"type":"Feature","geometry":{"type":"Point","coordinates":[-81.6849,52.20669]},"properties":{"name":"James Bay General Hospital - Fort Albany","address":"general delivery","city":"fort albany","region":"on","country":"CA","type":"Hospitals","beds":null,"trauma":"","helipad":"","tier":"standard","source":"ODHF"}},{"type":"Feature","geometry":{"type":"Point","coordinates":[-80.0147,48.15345]},"properties":{"name":"Kirkland and District Hospital","address":"145 government rd e","city":"kirkland lake","region":"on","country":"CA","type":"Hospitals","beds":null,"trauma":"","helipad":"","tier":"standard","source":"ODHF"}},{"type":"Feature","geometry":{"type":"Point","coordinates":[-111.890977,50.567656400000004]},"properties":{"name":"Brooks Health Centre","address":"440 3 st e","city":"brooks","region":"ab","country":"CA","type":"Hospitals","beds":null,"trauma":"","helipad":"","tier":"limited","source":"ODHF"}},{"type":"Feature","geometry":{"type":"Point","coordinates":[-84.772074,48.000868]},"properties":{"name":"Lady Dunn Health Centre","address":"10 government rd","city":"wawa","region":"on","country":"CA","type":"Hospitals","beds":null,"trauma":"","helipad":"","tier":"limited","source":"ODHF"}},{"type":"Feature","geometry":{"type":"Point","coordinates":[-81.02153100000001,49.070778999999995]},"properties":{"name":"Lady Minto Hospital","address":"241 8 st","city":"cochrane","region":"on","country":"CA","type":"Hospitals","beds":null,"trauma":"","helipad":"","tier":"standard","source":"ODHF"}},{"type":"Feature","geometry":{"type":"Point","coordinates":[-94.49941070000001,49.7671099]},"properties":{"name":"Lake of the Woods District Hospital","address":"21 sylvan st w","city":"kenora","region":"on","country":"CA","type":"Hospitals","beds":null,"trauma":"","helipad":"","tier":"standard","source":"ODHF"}},{"type":"Feature","geometry":{"type":"Point","coordinates":[-117.79597079999999,50.2382819]},"properties":{"name":"Arrow Lakes Hospital","address":"97 1 ave ne","city":"nakusp","region":"bc","country":"CA","type":"Hospitals","beds":null,"trauma":"","helipad":"","tier":"standard","source":"ODHF"}},{"type":"Feature","geometry":{"type":"Point","coordinates":[-121.2801628,50.7347718]},"properties":{"name":"Ashcroft and District Hospital and Community Health Centre","address":"700 ash","city":"ashcroft","region":"bc","country":"CA","type":"Hospitals","beds":null,"trauma":"","helipad":"","tier":"limited","source":"ODHF"}},{"type":"Feature","geometry":{"type":"Point","coordinates":[-85.82422640000001,49.127201]},"properties":{"name":"Manitouwadge General Hospital","address":"1 health care cres","city":"manitouwadge","region":"on","country":"CA","type":"Hospitals","beds":null,"trauma":"","helipad":"","tier":"standard","source":"ODHF"}},{"type":"Feature","geometry":{"type":"Point","coordinates":[-80.469727,48.539433]},"properties":{"name":"Mattawa General Hospital Inc.","address":"217 tucotte park rd","city":"mattawa","region":"on","country":"CA","type":"Hospitals","beds":null,"trauma":"","helipad":"","tier":"standard","source":"ODHF"}},{"type":"Feature","geometry":{"type":"Point","coordinates":[-115.350651,51.09301]},"properties":{"name":"Canmore General Hospital","address":"1100 hospital place","city":"canmore","region":"ab","country":"CA","type":"Hospitals","beds":null,"trauma":"","helipad":"","tier":"standard","source":"ODHF"}},{"type":"Feature","geometry":{"type":"Point","coordinates":[-123.12539299999999,49.243637]},"properties":{"name":"Bc Women's Hospital and Health Centre","address":"4500 oak street","city":"vancouver","region":"bc","country":"CA","type":"Hospitals","beds":null,"trauma":"","helipad":"","tier":"limited","source":"ODHF"}},{"type":"Feature","geometry":{"type":"Point","coordinates":[-88.2759054,49.0155755]},"properties":{"name":"Nipigon District Memorial Hospital","address":"125 hogan rd","city":"nipigon","region":"on","country":"CA","type":"Hospitals","beds":null,"trauma":"","helipad":"","tier":"standard","source":"ODHF"}},{"type":"Feature","geometry":{"type":"Point","coordinates":[-79.4661452,46.319699799999995]},"properties":{"name":"North Bay General Hospital - Mclaren Site","address":"720 mclaren st","city":"north bay","region":"on","country":"CA","type":"Hospitals","beds":null,"trauma":"","helipad":"","tier":"standard","source":"ODHF"}},{"type":"Feature","geometry":{"type":"Point","coordinates":[-79.498369,46.335613]},"properties":{"name":"North Bay Regional Health Centre","address":"50 college dr","city":"north bay","region":"on","country":"CA","type":"Hospitals","beds":null,"trauma":"","helipad":"","tier":"limited","source":"ODHF"}},{"type":"Feature","geometry":{"type":"Point","coordinates":[-87.10460125,48.78045446]},"properties":{"name":"North of Superior Healthcare Group - Mccausland Hospital","address":"20 cartier drive","city":"terrace bay","region":"on","country":"CA","type":"Hospitals","beds":null,"trauma":"","helipad":"","tier":"standard","source":"ODHF"}},{"type":"Feature","geometry":{"type":"Point","coordinates":[-83.67905,49.685733899999995]},"properties":{"name":"Notre-Dame Hospital - Hearst","address":"1405 edward st","city":"hearst","region":"on","country":"CA","type":"Hospitals","beds":null,"trauma":"","helipad":"","tier":"standard","source":"ODHF"}},{"type":"Feature","geometry":{"type":"Point","coordinates":[-93.8224349,51.0132617]},"properties":{"name":"Red Lake Margaret Cochenour Memorial Hospital","address":"51 hwy 105","city":"red lake","region":"on","country":"CA","type":"Hospitals","beds":null,"trauma":"","helipad":"","tier":"standard","source":"ODHF"}},{"type":"Feature","geometry":{"type":"Point","coordinates":[-123.125479,49.244268]},"properties":{"name":"British Columbia Children's Hospital","address":"4480 oak st","city":"vancouver","region":"bc","country":"CA","type":"Hospitals","beds":null,"trauma":"","helipad":"","tier":"standard","source":"ODHF"}},{"type":"Feature","geometry":{"type":"Point","coordinates":[-75.7301564,45.389005600000004]},"properties":{"name":"Royal Ottawa Mental Health Centre","address":"1145 carling ave","city":"ottawa","region":"on","country":"CA","type":"Hospitals","beds":null,"trauma":"","helipad":"","tier":"limited","source":"ODHF"}},{"type":"Feature","geometry":{"type":"Point","coordinates":[-113.305761,49.201947]},"properties":{"name":"Cardston Health Centre","address":"144 2 st w","city":"cardston","region":"ab","country":"CA","type":"Hospitals","beds":null,"trauma":"","helipad":"","tier":"limited","source":"ODHF"}},{"type":"Feature","geometry":{"type":"Point","coordinates":[-84.3111593,46.5488136]},"properties":{"name":"Sault Area Hospital","address":"750 great northern rd","city":"sault ste marie","region":"on","country":"CA","type":"Hospitals","beds":null,"trauma":"","helipad":"","tier":"standard","source":"ODHF"}},{"type":"Feature","geometry":{"type":"Point","coordinates":[-82.427581,49.42561]},"properties":{"name":"Sensenbrenner Hospital","address":"101 progress cres","city":"kapuskasing","region":"on","country":"CA","type":"Hospitals","beds":null,"trauma":"","helipad":"","tier":"standard","source":"ODHF"}},{"type":"Feature","geometry":{"type":"Point","coordinates":[-127.163422,54.78502099999999]},"properties":{"name":"Bulkley Valley District Hospital","address":"3950 8 ave","city":"smithers","region":"bc","country":"CA","type":"Hospitals","beds":null,"trauma":"","helipad":"","tier":"standard","source":"ODHF"}},{"type":"Feature","geometry":{"type":"Point","coordinates":[-123.0157868,49.24947879999999]},"properties":{"name":"Burnaby Hospital","address":"3935 kincaid st","city":"burnaby","region":"bc","country":"CA","type":"Hospitals","beds":null,"trauma":"","helipad":"","tier":"standard","source":"ODHF"}},{"type":"Feature","geometry":{"type":"Point","coordinates":[-91.9268373,50.1045094]},"properties":{"name":"Sioux Lookout Meno Ya Win Health Centre","address":"1 meno ya win way","city":"sioux lookout","region":"on","country":"CA","type":"Hospitals","beds":null,"trauma":"","helipad":"","tier":"limited","source":"ODHF"}},{"type":"Feature","geometry":{"type":"Point","coordinates":[-91.9241884,50.1024549]},"properties":{"name":"Sioux Lookout Meno-Ya-Win Health Centre - Seventh Avenue Site","address":"74 7 ave","city":"sioux lookout","region":"on","country":"CA","type":"Hospitals","beds":null,"trauma":"","helipad":"","tier":"limited","source":"ODHF"}},{"type":"Feature","geometry":{"type":"Point","coordinates":[-81.610265,49.272285]},"properties":{"name":"Smooth Rock Falls Hospital","address":"107 kelly rd","city":"smooth rock falls","region":"on","country":"CA","type":"Hospitals","beds":null,"trauma":"","helipad":"","tier":"standard","source":"ODHF"}},{"type":"Feature","geometry":{"type":"Point","coordinates":[-125.24277099999999,50.009834000000005]},"properties":{"name":"Campbell River and District Regional Hospital","address":"375 2 ave","city":"campbell river","region":"bc","country":"CA","type":"Hospitals","beds":null,"trauma":"","helipad":"","tier":"major","source":"ODHF"}},{"type":"Feature","geometry":{"type":"Point","coordinates":[-89.222677,48.438058000000005]},"properties":{"name":"St. Joseph's Care Group - Lakehead Psychiatric Hospital","address":"580 algoma st n","city":"thunder bay","region":"on","country":"CA","type":"Hospitals","beds":null,"trauma":"","helipad":"","tier":"limited","source":"ODHF"}},{"type":"Feature","geometry":{"type":"Point","coordinates":[-80.96760137,46.46719898]},"properties":{"name":"St. Joseph\u0092s Health Centre of Sudbury","address":"1140 south bay road","city":"sudbury","region":"on","country":"CA","type":"Hospitals","beds":null,"trauma":"","helipad":"","tier":"limited","source":"ODHF"}},{"type":"Feature","geometry":{"type":"Point","coordinates":[-82.660924,46.384833]},"properties":{"name":"St. Joseph's General Hospital - Elliot Lake","address":"70 spine rd","city":"elliot lake","region":"on","country":"CA","type":"Hospitals","beds":null,"trauma":"","helipad":"","tier":"standard","source":"ODHF"}},{"type":"Feature","geometry":{"type":"Point","coordinates":[-79.69315300000001,47.495162]},"properties":{"name":"Temiskaming Hospital","address":"421 shepheardson rd","city":"new liskeard","region":"on","country":"CA","type":"Hospitals","beds":null,"trauma":"","helipad":"","tier":"standard","source":"ODHF"}},{"type":"Feature","geometry":{"type":"Point","coordinates":[-122.14372900000001,52.13747]},"properties":{"name":"Cariboo Memorial Hospital and Health Centre","address":"517 n sixth ave","city":"williams lake","region":"bc","country":"CA","type":"Hospitals","beds":null,"trauma":"","helipad":"","tier":"limited","source":"ODHF"}},{"type":"Feature","geometry":{"type":"Point","coordinates":[-75.6469402,45.40172020000001]},"properties":{"name":"THE OTTAWA HOSPITAL/L'H\u00d4PITAL D'OTTAWA - GENERAL CAMPUS","address":"501 smyth rd","city":"ottawa","region":"on","country":"CA","type":"Hospitals","beds":null,"trauma":"","helipad":"","tier":"standard","source":"ODHF"}},{"type":"Feature","geometry":{"type":"Point","coordinates":[-75.66885570000001,45.3963547]},"properties":{"name":"the Ottawa Hospital - Riverside Campus","address":"1967 riverside dr","city":"ottawa","region":"on","country":"CA","type":"Hospitals","beds":null,"trauma":"","helipad":"","tier":"standard","source":"ODHF"}},{"type":"Feature","geometry":{"type":"Point","coordinates":[-75.6484435,45.403154799999996]},"properties":{"name":"THE OTTAWA HOSPITAL/L'H\u00d4PITAL D'OTTAWA - THE REHABILITATION CENTRE","address":"505 smyth rd","city":"ottawa","region":"on","country":"CA","type":"Hospitals","beds":null,"trauma":"","helipad":"","tier":"limited","source":"ODHF"}},{"type":"Feature","geometry":{"type":"Point","coordinates":[-75.7214357,45.3925787]},"properties":{"name":"the Ottawa Hospital - Civic Campus","address":"1053 carling ave","city":"ottawa","region":"on","country":"CA","type":"Hospitals","beds":null,"trauma":"","helipad":"","tier":"standard","source":"ODHF"}},{"type":"Feature","geometry":{"type":"Point","coordinates":[-75.7206815,45.394161100000005]},"properties":{"name":"the University of Ottawa Heart Institute","address":"40 ruskin st","city":"ottawa","region":"on","country":"CA","type":"Hospitals","beds":null,"trauma":"","helipad":"","tier":"standard","source":"ODHF"}},{"type":"Feature","geometry":{"type":"Point","coordinates":[-83.56246259999999,46.2630206]},"properties":{"name":"Thessalon Hospital","address":"135 dawson st","city":"thessalon","region":"on","country":"CA","type":"Hospitals","beds":null,"trauma":"","helipad":"","tier":"standard","source":"ODHF"}},{"type":"Feature","geometry":{"type":"Point","coordinates":[-89.269097,48.4247133]},"properties":{"name":"Thunder Bay Regional Health Sciences Centre","address":"980 oliver rd","city":"thunder bay","region":"on","country":"CA","type":"Hospitals","beds":null,"trauma":"","helipad":"","tier":"major","source":"ODHF"}},{"type":"Feature","geometry":{"type":"Point","coordinates":[-81.3135915,48.487586900000004]},"properties":{"name":"TIMMINS AND DISTRICT HOSPITAL/L'H\u00d4PITAL DE TIMMINS ET DU DISTRICT","address":"700 ross ave e","city":"timmins","region":"on","country":"CA","type":"Hospitals","beds":null,"trauma":"","helipad":"","tier":"standard","source":"ODHF"}},{"type":"Feature","geometry":{"type":"Point","coordinates":[-82.42780256,52.92425681]},"properties":{"name":"Weeneebayko Area Health Authority - Attawapiskat","address":"972 riverside e","city":"moose factory","region":"on","country":"CA","type":"Hospitals","beds":null,"trauma":"","helipad":"","tier":"standard","source":"ODHF"}},{"type":"Feature","geometry":{"type":"Point","coordinates":[-121.644705,55.696217000000004]},"properties":{"name":"Chetwynd General Hospital and Health Centre","address":"5500 hospital rd","city":"chetwynd","region":"bc","country":"CA","type":"Hospitals","beds":null,"trauma":"","helipad":"","tier":"limited","source":"ODHF"}},{"type":"Feature","geometry":{"type":"Point","coordinates":[-85.42774793,54.99390405]},"properties":{"name":"Weenusk First Nation","address":"30 main street","city":"peawanuck","region":"on","country":"CA","type":"Hospitals","beds":null,"trauma":"","helipad":"","tier":"standard","source":"ODHF"}},{"type":"Feature","geometry":{"type":"Point","coordinates":[-79.91620309999999,46.3722814]},"properties":{"name":"the West Nipissing General Hospital","address":"725 coursol rd","city":"sturgeon falls","region":"on","country":"CA","type":"Hospitals","beds":null,"trauma":"","helipad":"","tier":"standard","source":"ODHF"}},{"type":"Feature","geometry":{"type":"Point","coordinates":[-86.3754,48.718523]},"properties":{"name":"Wilson Memorial General Hospital","address":"26 peninsula rd","city":"marathon","region":"on","country":"CA","type":"Hospitals","beds":null,"trauma":"","helipad":"","tier":"standard","source":"ODHF"}},{"type":"Feature","geometry":{"type":"Point","coordinates":[-121.96306799999999,49.1669926]},"properties":{"name":"Chilliwack General Hospital","address":"45600 menholm rd","city":"chilliwack","region":"bc","country":"CA","type":"Hospitals","beds":null,"trauma":"","helipad":"","tier":"standard","source":"ODHF"}},{"type":"Feature","geometry":{"type":"Point","coordinates":[-113.57593600000001,52.648905000000006]},"properties":{"name":"Centennial Centre for Mental Health and Brain Injury","address":"","city":"ponoka","region":"ab","country":"CA","type":"Hospitals","beds":null,"trauma":"","helipad":"","tier":"limited","source":"ODHF"}},{"type":"Feature","geometry":{"type":"Point","coordinates":[-64.0663925,46.810829299999995]},"properties":{"name":"Western Hospital Corporation","address":"","city":"alberton","region":"pe","country":"CA","type":"Hospitals","beds":null,"trauma":"","helipad":"","tier":"standard","source":"ODHF"}},{"type":"Feature","geometry":{"type":"Point","coordinates":[-113.8183868,52.2606267]},"properties":{"name":"Central Alberta Cancer Centre","address":"50a avenue","city":"red deer","region":"ab","country":"CA","type":"Hospitals","beds":null,"trauma":"","helipad":"","tier":"standard","source":"ODHF"}},{"type":"Feature","geometry":{"type":"Point","coordinates":[-118.83875400000001,55.776981000000006]},"properties":{"name":"Central Peace Health Complex","address":"5010 45 ave","city":"spirit river","region":"ab","country":"CA","type":"Hospitals","beds":null,"trauma":"","helipad":"","tier":"standard","source":"ODHF"}},{"type":"Feature","geometry":{"type":"Point","coordinates":[-123.72332309999999,48.7850092]},"properties":{"name":"Cowichan District Hospital","address":"3045 gibbins rd","city":"duncan","region":"bc","country":"CA","type":"Hospitals","beds":null,"trauma":"","helipad":"","tier":"standard","source":"ODHF"}},{"type":"Feature","geometry":{"type":"Point","coordinates":[-112.81518510000001,49.68535]},"properties":{"name":"Chinook Regional Hospital","address":"960 19 st s","city":"lethbridge","region":"ab","country":"CA","type":"Hospitals","beds":null,"trauma":"","helipad":"","tier":"major","source":"ODHF"}},{"type":"Feature","geometry":{"type":"Point","coordinates":[-79.4458315,47.3344119]},"properties":{"name":"CENTRE DE SANT\u00c9 SAINTE-FAMILLE","address":"22 rue notre dame nord","city":"ville-marie","region":"qc","country":"CA","type":"Hospitals","beds":null,"trauma":"","helipad":"","tier":"limited","source":"ODHF"}},{"type":"Feature","geometry":{"type":"Point","coordinates":[-68.40543199999999,58.106859]},"properties":{"name":"CENTRE DE SANT\u00c9 TULATTAVIK DE L'UNGAVA","address":"","city":"kuujjuaq","region":"qc","country":"CA","type":"Hospitals","beds":null,"trauma":"","helipad":"","tier":"limited","source":"ODHF"}},{"type":"Feature","geometry":{"type":"Point","coordinates":[-75.978757,46.391070899999995]},"properties":{"name":"CENTRE DE SANT\u00c9 VALL\u00c9E-DE-LA-GATINEAU","address":"309 boul desjardins","city":"maniwaki","region":"qc","country":"CA","type":"Hospitals","beds":null,"trauma":"","helipad":"","tier":"limited","source":"ODHF"}},{"type":"Feature","geometry":{"type":"Point","coordinates":[-116.50831029999999,49.0987024]},"properties":{"name":"Creston Valley Hospital","address":"312 15 ave","city":"creston","region":"bc","country":"CA","type":"Hospitals","beds":null,"trauma":"","helipad":"","tier":"standard","source":"ODHF"}},{"type":"Feature","geometry":{"type":"Point","coordinates":[-75.9324814,45.6484041]},"properties":{"name":"CENTRE HOSPITALIER GATINEAU MEMORIAL","address":"101 burnside ave","city":"wakefield","region":"qc","country":"CA","type":"Hospitals","beds":null,"trauma":"","helipad":"","tier":"standard","source":"ODHF"}},{"type":"Feature","geometry":{"type":"Point","coordinates":[-71.22072592,46.84793219]},"properties":{"name":"CENTRE HOSPITALIER ROBERT-GIFFARD","address":"chemin de la canardi\u00e8re","city":"qu\u00e9bec city","region":"qc","country":"CA","type":"Hospitals","beds":null,"trauma":"","helipad":"","tier":"standard","source":"ODHF"}},{"type":"Feature","geometry":{"type":"Point","coordinates":[-113.582623,50.018656]},"properties":{"name":"Claresholm General Hospital","address":"221 43 ave w","city":"claresholm","region":"ab","country":"CA","type":"Hospitals","beds":null,"trauma":"","helipad":"","tier":"standard","source":"ODHF"}},{"type":"Feature","geometry":{"type":"Point","coordinates":[-70.879626,48.337581]},"properties":{"name":"CH - CHSLD - CLSC CL\u00c9OPHAS-CLAVEAU","address":"1000 rue dr desgagn\u00e9","city":"la baie","region":"qc","country":"CA","type":"Hospitals","beds":null,"trauma":"","helipad":"","tier":"limited","source":"ODHF"}},{"type":"Feature","geometry":{"type":"Point","coordinates":[-67.420262,48.468969]},"properties":{"name":"CH DAMQUI","address":"135 avenue ga\u00e9tan-archambault","city":"amqui","region":"qc","country":"CA","type":"Hospitals","beds":null,"trauma":"","helipad":"","tier":"standard","source":"ODHF"}},{"type":"Feature","geometry":{"type":"Point","coordinates":[-73.5577136,45.5123152]},"properties":{"name":"CH DE L'UNIVERSIT\u00c9 DE MONTR\u00c9AL (CHUM) - H\u00d4PITAL SAINT-LUC","address":"1058 rue saint-denis","city":"montr\u00e9al","region":"qc","country":"CA","type":"Hospitals","beds":null,"trauma":"","helipad":"","tier":"standard","source":"ODHF"}},{"type":"Feature","geometry":{"type":"Point","coordinates":[-71.866405,48.4258029]},"properties":{"name":"CH DE METABETCHOUAN - LAC-A-LA-CROIX ET CLSC SECTEUR-SUD","address":"1895 route 169","city":"m\u00e9tabetchouan","region":"qc","country":"CA","type":"Hospitals","beds":null,"trauma":"","helipad":"","tier":"limited","source":"ODHF"}},{"type":"Feature","geometry":{"type":"Point","coordinates":[-70.4559785,47.0399607]},"properties":{"name":"CH DU CAP-ST-IGNACE","address":"146 rue du manoir est","city":"cap-saint-ignace","region":"qc","country":"CA","type":"Hospitals","beds":null,"trauma":"","helipad":"","tier":"standard","source":"ODHF"}},{"type":"Feature","geometry":{"type":"Point","coordinates":[-72.74367070000001,46.5257124]},"properties":{"name":"CH DU CENTRE-DE-LA-MAURICIE","address":"50 118e rue","city":"shawinigan-sud","region":"qc","country":"CA","type":"Hospitals","beds":null,"trauma":"","helipad":"","tier":"standard","source":"ODHF"}},{"type":"Feature","geometry":{"type":"Point","coordinates":[-70.905799,45.588749]},"properties":{"name":"CH DU GRANIT","address":"3569 rue laval","city":"lac-m\u00e9gantic","region":"qc","country":"CA","type":"Hospitals","beds":null,"trauma":"","helipad":"","tier":"standard","source":"ODHF"}},{"type":"Feature","geometry":{"type":"Point","coordinates":[-79.1985773,48.7864562]},"properties":{"name":"CH LA SARRE","address":"679 2e rue est","city":"la sarre","region":"qc","country":"CA","type":"Hospitals","beds":null,"trauma":"","helipad":"","tier":"standard","source":"ODHF"}},{"type":"Feature","geometry":{"type":"Point","coordinates":[-78.12828499999999,48.141587]},"properties":{"name":"CH MALARTIC INC.","address":"1141 rue royale","city":"malartic","region":"qc","country":"CA","type":"Hospitals","beds":null,"trauma":"","helipad":"","tier":"standard","source":"ODHF"}},{"type":"Feature","geometry":{"type":"Point","coordinates":[-72.54566899999999,46.34747]},"properties":{"name":"CH R\u00c9GIONAL DE TROIS-RIVI\u00c8RES","address":"731 rue ste julie","city":"trois-rivi\u00e8res","region":"qc","country":"CA","type":"Hospitals","beds":null,"trauma":"","helipad":"","tier":"standard","source":"ODHF"}},{"type":"Feature","geometry":{"type":"Point","coordinates":[-72.5619614,46.3548746]},"properties":{"name":"CH R\u00c9GIONAL DE TROIS-RIVI\u00c8RES - PAVILLON SAINTE-MARIE","address":"1991 boul du carmel","city":"trois-rivi\u00e8res","region":"qc","country":"CA","type":"Hospitals","beds":null,"trauma":"","helipad":"","tier":"standard","source":"ODHF"}},{"type":"Feature","geometry":{"type":"Point","coordinates":[-71.236389,46.827533]},"properties":{"name":"H\u00d4PITAL SAINT-FRAN\u00c7OIS DASSISE","address":"10 rue de l'espinay","city":"qu\u00e9bec","region":"qc","country":"CA","type":"Hospitals","beds":null,"trauma":"","helipad":"","tier":"standard","source":"ODHF"}},{"type":"Feature","geometry":{"type":"Point","coordinates":[-120.2358095,55.749633200000005]},"properties":{"name":"Dawson Creek and District Hospital","address":"11100 13 st","city":"dawson creek","region":"bc","country":"CA","type":"Hospitals","beds":null,"trauma":"","helipad":"","tier":"standard","source":"ODHF"}},{"type":"Feature","geometry":{"type":"Point","coordinates":[-112.607294,49.725825]},"properties":{"name":"Coaldale Health Centre","address":"2100 11 st","city":"coaldale","region":"ab","country":"CA","type":"Hospitals","beds":null,"trauma":"","helipad":"","tier":"limited","source":"ODHF"}},{"type":"Feature","geometry":{"type":"Point","coordinates":[-123.06188359999999,49.0856773]},"properties":{"name":"Delta Hospital","address":"5800 mountain view blvd","city":"delta","region":"bc","country":"CA","type":"Hospitals","beds":null,"trauma":"","helipad":"","tier":"standard","source":"ODHF"}},{"type":"Feature","geometry":{"type":"Point","coordinates":[-110.199018,54.4658735]},"properties":{"name":"Cold Lake Healthcare Centre","address":"314 25 st","city":"cold lake","region":"ab","country":"CA","type":"Hospitals","beds":null,"trauma":"","helipad":"","tier":"limited","source":"ODHF"}},{"type":"Feature","geometry":{"type":"Point","coordinates":[-120.01818300000001,51.6453419]},"properties":{"name":"Dr. Helmcken Memorial Hospital and Health Centre","address":"640 park dr","city":"clearwater","region":"bc","country":"CA","type":"Hospitals","beds":null,"trauma":"","helipad":"","tier":"limited","source":"ODHF"}},{"type":"Feature","geometry":{"type":"Point","coordinates":[-110.78201829999999,52.009839899999996]},"properties":{"name":"Consort Hospital","address":"5402 52 ave","city":"consort","region":"ab","country":"CA","type":"Hospitals","beds":null,"trauma":"","helipad":"","tier":"standard","source":"ODHF"}},{"type":"Feature","geometry":{"type":"Point","coordinates":[-122.82358,49.285505]},"properties":{"name":"Eagle Ridge Hospital","address":"475 guildford way","city":"port moody","region":"bc","country":"CA","type":"Hospitals","beds":null,"trauma":"","helipad":"","tier":"standard","source":"ODHF"}},{"type":"Feature","geometry":{"type":"Point","coordinates":[-115.74999299999999,49.512421999999994]},"properties":{"name":"East Kootenay Regional Hospital","address":"13 24 ave n","city":"cranbrook","region":"bc","country":"CA","type":"Hospitals","beds":null,"trauma":"","helipad":"","tier":"major","source":"ODHF"}},{"type":"Feature","geometry":{"type":"Point","coordinates":[-115.05603149999999,49.5136918]},"properties":{"name":"Elk Valley Hospital","address":"1501 5 ave","city":"fernie","region":"bc","country":"CA","type":"Hospitals","beds":null,"trauma":"","helipad":"","tier":"standard","source":"ODHF"}},{"type":"Feature","geometry":{"type":"Point","coordinates":[-77.761614,55.274399]},"properties":{"name":"CREE BOARD OF HEALTH AND SOCIAL SERVICES OF JAMES BAY/KUUJJUARAPIK","address":"","city":"kuujjuarapik","region":"qc","country":"CA","type":"Hospitals","beds":null,"trauma":"","helipad":"","tier":"standard","source":"ODHF"}},{"type":"Feature","geometry":{"type":"Point","coordinates":[-74.356786,49.913688]},"properties":{"name":"CRSSS DE LA BAIE-JAMES","address":"312 3e rue","city":"chibougamau","region":"qc","country":"CA","type":"Hospitals","beds":null,"trauma":"","helipad":"","tier":"standard","source":"ODHF"}},{"type":"Feature","geometry":{"type":"Point","coordinates":[-70.6837863,46.11065870000001]},"properties":{"name":"CSSS DE BEAUCE","address":"1515 17e rue","city":"saint-georges","region":"qc","country":"CA","type":"Hospitals","beds":null,"trauma":"","helipad":"","tier":"standard","source":"ODHF"}},{"type":"Feature","geometry":{"type":"Point","coordinates":[-71.04876429999999,48.4259175]},"properties":{"name":"CSSS DE CHICOUTIMI","address":"305 rue saint-vallier","city":"chicoutimi","region":"qc","country":"CA","type":"Hospitals","beds":null,"trauma":"","helipad":"","tier":"standard","source":"ODHF"}},{"type":"Feature","geometry":{"type":"Point","coordinates":[-72.722638,45.412502]},"properties":{"name":"CSSS DE LA HAUTE-YAMASKA","address":"205 boul leclerc ouest","city":"granby","region":"qc","country":"CA","type":"Hospitals","beds":null,"trauma":"","helipad":"","tier":"standard","source":"ODHF"}},{"type":"Feature","geometry":{"type":"Point","coordinates":[-71.664643,48.548021000000006]},"properties":{"name":"CSSS DE LAC-SAINT-JEAN-EST","address":"300 boul champlain sud","city":"alma","region":"qc","country":"CA","type":"Hospitals","beds":null,"trauma":"","helipad":"","tier":"standard","source":"ODHF"}},{"type":"Feature","geometry":{"type":"Point","coordinates":[-78.125164,48.57631]},"properties":{"name":"CSSS LES ESKERS DE L'ABITIBI","address":"622 4e rue ouest","city":"amos","region":"qc","country":"CA","type":"Hospitals","beds":null,"trauma":"","helipad":"","tier":"standard","source":"ODHF"}},{"type":"Feature","geometry":{"type":"Point","coordinates":[-111.459203,52.096263799999996]},"properties":{"name":"Coronation Hspital & Care Centre","address":"5000 municipal rd","city":"coronation","region":"ab","country":"CA","type":"Hospitals","beds":null,"trauma":"","helipad":"","tier":"limited","source":"ODHF"}},{"type":"Feature","geometry":{"type":"Point","coordinates":[-123.11141699999999,49.263318]},"properties":{"name":"Forensic Psychiatric Hospital (Forensic Psychiatric Services Commission)","address":"70 colony farm rd","city":"port coquitlam","region":"bc","country":"CA","type":"Hospitals","beds":null,"trauma":"","helipad":"","tier":"limited","source":"ODHF"}},{"type":"Feature","geometry":{"type":"Point","coordinates":[-71.25837456,46.81135599]},"properties":{"name":"H\u00d4PITAL CHRIST-ROI","address":"900 boulevard wilfrid-hamel","city":"qu\u00e9bec city","region":"qc","country":"CA","type":"Hospitals","beds":null,"trauma":"","helipad":"","tier":"standard","source":"ODHF"}},{"type":"Feature","geometry":{"type":"Point","coordinates":[-122.70494,58.808958700000005]},"properties":{"name":"Fort Nelson General Hospital","address":"5315 liard st","city":"fort nelson","region":"bc","country":"CA","type":"Hospitals","beds":null,"trauma":"","helipad":"","tier":"standard","source":"ODHF"}},{"type":"Feature","geometry":{"type":"Point","coordinates":[-75.676739,45.493517]},"properties":{"name":"H\u00d4PITAL DE JOUR G\u00c9RIATRIQUE","address":"455 mont\u00e9e paiement","city":"gatineau","region":"qc","country":"CA","type":"Hospitals","beds":null,"trauma":"","helipad":"","tier":"standard","source":"ODHF"}},{"type":"Feature","geometry":{"type":"Point","coordinates":[-120.81633899999999,56.25613829999999]},"properties":{"name":"Fort St. John Hospital","address":"9636 100 ave","city":"fort st john","region":"bc","country":"CA","type":"Hospitals","beds":null,"trauma":"","helipad":"","tier":"standard","source":"ODHF"}},{"type":"Feature","geometry":{"type":"Point","coordinates":[-72.6267734,46.2306001]},"properties":{"name":"H\u00d4PITAL DU CHRIST-ROI","address":"675 rue saint-jean-baptiste","city":"nicolet","region":"qc","country":"CA","type":"Hospitals","beds":null,"trauma":"","helipad":"","tier":"standard","source":"ODHF"}},{"type":"Feature","geometry":{"type":"Point","coordinates":[-71.2976016,46.7791191]},"properties":{"name":"H\u00d4PITAL LAVAL","address":"2725 ch ste-foy","city":"sainte-foy","region":"qc","country":"CA","type":"Hospitals","beds":null,"trauma":"","helipad":"","tier":"standard","source":"ODHF"}},{"type":"Feature","geometry":{"type":"Point","coordinates":[-73.5291412,45.5884937]},"properties":{"name":"H\u00d4PITAL LOUIS-H. LAFONTAINE","address":"7401 rue hochelaga","city":"montr\u00e9al","region":"qc","country":"CA","type":"Hospitals","beds":null,"trauma":"","helipad":"","tier":"standard","source":"ODHF"}},{"type":"Feature","geometry":{"type":"Point","coordinates":[-121.424275,49.3768382]},"properties":{"name":"Fraser Canyon Hospital","address":"1275 7 ave","city":"hope","region":"bc","country":"CA","type":"Hospitals","beds":null,"trauma":"","helipad":"","tier":"standard","source":"ODHF"}},{"type":"Feature","geometry":{"type":"Point","coordinates":[-73.6147382,45.6271766]},"properties":{"name":"H\u00d4PITAL RIVI\u00c8RE-DES-PRAIRIES","address":"7070 boul perras","city":"montr\u00e9al","region":"qc","country":"CA","type":"Hospitals","beds":null,"trauma":"","helipad":"","tier":"standard","source":"ODHF"}},{"type":"Feature","geometry":{"type":"Point","coordinates":[-73.0935195,46.0455502]},"properties":{"name":"H\u00d4PITALIER RICHELIEU","address":"30 rue ferland","city":"sorel-tracy","region":"qc","country":"CA","type":"Hospitals","beds":null,"trauma":"","helipad":"","tier":"standard","source":"ODHF"}},{"type":"Feature","geometry":{"type":"Point","coordinates":[-70.5970718,46.976366999999996]},"properties":{"name":"H\u00d4TEL-DIEU DE MONTMAGNY","address":"350 boul tach\u00e9 ouest","city":"montmagny","region":"qc","country":"CA","type":"Hospitals","beds":null,"trauma":"","helipad":"","tier":"limited","source":"ODHF"}},{"type":"Feature","geometry":{"type":"Point","coordinates":[-123.12541499999999,49.246789]},"properties":{"name":"g.f. Strong Rehabilitation Centre","address":"4255 laurel st","city":"vancouver","region":"bc","country":"CA","type":"Hospitals","beds":null,"trauma":"","helipad":"","tier":"limited","source":"ODHF"}},{"type":"Feature","geometry":{"type":"Point","coordinates":[-122.49955590000002,52.9814079]},"properties":{"name":"g.r. Baker Memorial Hospital","address":"543 front st","city":"quesnel","region":"bc","country":"CA","type":"Hospitals","beds":null,"trauma":"","helipad":"","tier":"standard","source":"ODHF"}},{"type":"Feature","geometry":{"type":"Point","coordinates":[-73.5752103,45.513014]},"properties":{"name":"MCGILL UNIVERSITY HEALTH CENTRE - MONTR\u00c9AL CHEST INSTITUTE","address":"3650 st urbain","city":"montr\u00e9al","region":"qc","country":"CA","type":"Hospitals","beds":null,"trauma":"","helipad":"","tier":"limited","source":"ODHF"}},{"type":"Feature","geometry":{"type":"Point","coordinates":[-123.3318857,48.415282899999994]},"properties":{"name":"Glengarry Hospital","address":"1780 fairfield rd","city":"victoria","region":"bc","country":"CA","type":"Hospitals","beds":null,"trauma":"","helipad":"","tier":"standard","source":"ODHF"}},{"type":"Feature","geometry":{"type":"Point","coordinates":[-73.588351,45.499581]},"properties":{"name":"SHRINERS HOSPITAL FOR CHILDREN","address":"1529 cedar ave","city":"montr\u00e9al","region":"qc","country":"CA","type":"Hospitals","beds":null,"trauma":"","helipad":"","tier":"standard","source":"ODHF"}},{"type":"Feature","geometry":{"type":"Point","coordinates":[-116.96660220000001,51.296482700000006]},"properties":{"name":"Golden and District General Hospital","address":"835 9 ave s","city":"golden","region":"bc","country":"CA","type":"Hospitals","beds":null,"trauma":"","helipad":"","tier":"standard","source":"ODHF"}},{"type":"Feature","geometry":{"type":"Point","coordinates":[-103.7870088,50.76168870000001]},"properties":{"name":"All Nations' Healing Hospital","address":"450 8 st","city":"fort quappelle","region":"sk","country":"CA","type":"Hospitals","beds":null,"trauma":"","helipad":"","tier":"standard","source":"ODHF"}},{"type":"Feature","geometry":{"type":"Point","coordinates":[-102.4846027,49.637817600000005]},"properties":{"name":"Arcola Health Centre","address":"607 prairie ave","city":"arcola","region":"sk","country":"CA","type":"Hospitals","beds":null,"trauma":"","helipad":"","tier":"limited","source":"ODHF"}},{"type":"Feature","geometry":{"type":"Point","coordinates":[-105.983248,49.628594]},"properties":{"name":"Assiniboia Union Hospital","address":"501 6 avenue","city":"assiniboia","region":"sk","country":"CA","type":"Hospitals","beds":null,"trauma":"","helipad":"","tier":"standard","source":"ODHF"}},{"type":"Feature","geometry":{"type":"Point","coordinates":[-103.550837,50.803208000000005]},"properties":{"name":"Balcarres Integrated Care Centre","address":"100 south elgin st","city":"balcarres","region":"sk","country":"CA","type":"Hospitals","beds":null,"trauma":"","helipad":"","tier":"limited","source":"ODHF"}},{"type":"Feature","geometry":{"type":"Point","coordinates":[-108.288771,52.771802]},"properties":{"name":"Battlefords Union Hospital","address":"1092 107 street","city":"north battleford","region":"sk","country":"CA","type":"Hospitals","beds":null,"trauma":"","helipad":"","tier":"standard","source":"ODHF"}},{"type":"Feature","geometry":{"type":"Point","coordinates":[-107.996219,52.05738]},"properties":{"name":"Biggar and District Health Centre","address":"501 1 avenue w","city":"biggar","region":"sk","country":"CA","type":"Hospitals","beds":null,"trauma":"","helipad":"","tier":"limited","source":"ODHF"}},{"type":"Feature","geometry":{"type":"Point","coordinates":[-107.9968687,52.0566752]},"properties":{"name":"Biggar Hospital","address":"501 1 ave w","city":"biggar","region":"sk","country":"CA","type":"Hospitals","beds":null,"trauma":"","helipad":"","tier":"standard","source":"ODHF"}},{"type":"Feature","geometry":{"type":"Point","coordinates":[-102.584409,50.373996000000005]},"properties":{"name":"Broadview Hospital","address":"901 nina street","city":"broadview","region":"sk","country":"CA","type":"Hospitals","beds":null,"trauma":"","helipad":"","tier":"standard","source":"ODHF"}},{"type":"Feature","geometry":{"type":"Point","coordinates":[-102.439565,51.626261]},"properties":{"name":"Canora Hospital","address":"1219 main street","city":"canora","region":"sk","country":"CA","type":"Hospitals","beds":null,"trauma":"","helipad":"","tier":"standard","source":"ODHF"}},{"type":"Feature","geometry":{"type":"Point","coordinates":[-103.591844,53.28255600000001]},"properties":{"name":"Carrot River Health Centre","address":"4101 1 avenue w","city":"carrot river","region":"sk","country":"CA","type":"Hospitals","beds":null,"trauma":"","helipad":"","tier":"limited","source":"ODHF"}},{"type":"Feature","geometry":{"type":"Point","coordinates":[-106.50876000000001,50.799886]},"properties":{"name":"Central Butte Regency Hospital","address":"601 canada street","city":"central butte","region":"sk","country":"CA","type":"Hospitals","beds":null,"trauma":"","helipad":"","tier":"standard","source":"ODHF"}},{"type":"Feature","geometry":{"type":"Point","coordinates":[-107.775948,50.311026]},"properties":{"name":"Cypress Regional Hospital","address":"2004 saskatchewan drive","city":"swift current","region":"sk","country":"CA","type":"Hospitals","beds":null,"trauma":"","helipad":"","tier":"major","source":"ODHF"}},{"type":"Feature","geometry":{"type":"Point","coordinates":[-105.9844709,51.266611]},"properties":{"name":"Davidson Health Centre","address":"900 government rd","city":"davidson","region":"sk","country":"CA","type":"Hospitals","beds":null,"trauma":"","helipad":"","tier":"limited","source":"ODHF"}},{"type":"Feature","geometry":{"type":"Point","coordinates":[-107.44446299999998,51.333416]},"properties":{"name":"Dinsmore Health Care Centre","address":"207 1 street e","city":"dinsmore","region":"sk","country":"CA","type":"Hospitals","beds":null,"trauma":"","helipad":"","tier":"limited","source":"ODHF"}},{"type":"Feature","geometry":{"type":"Point","coordinates":[-105.525048,50.419139]},"properties":{"name":"Dr. f.h. Wigmore Regional Hospital","address":"55 diefenbaker drive","city":"moose jaw","region":"sk","country":"CA","type":"Hospitals","beds":null,"trauma":"","helipad":"","tier":"major","source":"ODHF"}},{"type":"Feature","geometry":{"type":"Point","coordinates":[-107.21888529999998,50.4263039]},"properties":{"name":"Herbert & District Integrated Health Facility","address":"405 herbert ave","city":"herbert","region":"sk","country":"CA","type":"Hospitals","beds":null,"trauma":"","helipad":"","tier":"standard","source":"ODHF"}},{"type":"Feature","geometry":{"type":"Point","coordinates":[-102.387622,52.85392589999999]},"properties":{"name":"Hudson Bay Health Care Facility","address":"614 prince st","city":"hudson bay","region":"sk","country":"CA","type":"Hospitals","beds":null,"trauma":"","helipad":"","tier":"standard","source":"ODHF"}},{"type":"Feature","geometry":{"type":"Point","coordinates":[-105.1210596,52.2124959]},"properties":{"name":"Humboldt District Health Complex","address":"515 14 avenue","city":"humboldt","region":"sk","country":"CA","type":"Hospitals","beds":null,"trauma":"","helipad":"","tier":"standard","source":"ODHF"}},{"type":"Feature","geometry":{"type":"Point","coordinates":[-103.6785068,50.536462]},"properties":{"name":"Indian Head Union Hospital","address":"300 hospital st","city":"indian head","region":"sk","country":"CA","type":"Hospitals","beds":null,"trauma":"","helipad":"","tier":"standard","source":"ODHF"}},{"type":"Feature","geometry":{"type":"Point","coordinates":[-106.64193999999999,52.131555]},"properties":{"name":"Jim Pattison Children's Hospital","address":"103 hospital drive","city":"saskatoon","region":"sk","country":"CA","type":"Hospitals","beds":null,"trauma":"","helipad":"","tier":"standard","source":"ODHF"}},{"type":"Feature","geometry":{"type":"Point","coordinates":[-101.887773,51.556726]},"properties":{"name":"Kamsack Hospital and Nursing Home","address":"341 stewart street","city":"kamsack","region":"sk","country":"CA","type":"Hospitals","beds":null,"trauma":"","helipad":"","tier":"standard","source":"ODHF"}},{"type":"Feature","geometry":{"type":"Point","coordinates":[-103.526917,52.158065]},"properties":{"name":"Kelvington Hospital","address":"512 1 ave s","city":"kelvington","region":"sk","country":"CA","type":"Hospitals","beds":null,"trauma":"","helipad":"","tier":"standard","source":"ODHF"}},{"type":"Feature","geometry":{"type":"Point","coordinates":[-109.13186599999999,51.913666]},"properties":{"name":"Kerrobert Hospital","address":"115 manitoba ave","city":"kerrobert","region":"sk","country":"CA","type":"Hospitals","beds":null,"trauma":"","helipad":"","tier":"standard","source":"ODHF"}},{"type":"Feature","geometry":{"type":"Point","coordinates":[-109.14045,51.917673]},"properties":{"name":"Kerrobert Integrated Health Centre","address":"635 alberta avenue","city":"kerrobert","region":"sk","country":"CA","type":"Hospitals","beds":null,"trauma":"","helipad":"","tier":"limited","source":"ODHF"}},{"type":"Feature","geometry":{"type":"Point","coordinates":[-109.164454,51.470908]},"properties":{"name":"Kindersley Hospital","address":"1003 1 st w","city":"kindersley","region":"sk","country":"CA","type":"Hospitals","beds":null,"trauma":"","helipad":"","tier":"standard","source":"ODHF"}},{"type":"Feature","geometry":{"type":"Point","coordinates":[-102.641269,50.101613]},"properties":{"name":"Kipling Integrated Health Centre","address":"906 industrial drive","city":"kipling","region":"sk","country":"CA","type":"Hospitals","beds":null,"trauma":"","helipad":"","tier":"limited","source":"ODHF"}},{"type":"Feature","geometry":{"type":"Point","coordinates":[-111.9068616,52.2234403]},"properties":{"name":"Covenant Health Our Lady of the Rosary Hospital","address":"5402 47 st","city":"castor","region":"ab","country":"CA","type":"Hospitals","beds":null,"trauma":"","helipad":"","tier":"standard","source":"ODHF"}},{"type":"Feature","geometry":{"type":"Point","coordinates":[-102.63810959999999,50.1023016]},"properties":{"name":"Kipling Memorial Health Centre","address":"803 1 st","city":"kipling","region":"sk","country":"CA","type":"Hospitals","beds":null,"trauma":"","helipad":"","tier":"limited","source":"ODHF"}},{"type":"Feature","geometry":{"type":"Point","coordinates":[-109.45078500000001,56.491177]},"properties":{"name":"LA LOCHE HEALTH CENTRE","address":"dene rd","city":"la loche","region":"sk","country":"CA","type":"Hospitals","beds":null,"trauma":"","helipad":"","tier":"limited","source":"ODHF"}},{"type":"Feature","geometry":{"type":"Point","coordinates":[-105.28969,55.105254]},"properties":{"name":"LA RONGE HEALTH CENTRE","address":"227 backlund st","city":"la ronge","region":"sk","country":"CA","type":"Hospitals","beds":null,"trauma":"","helipad":"","tier":"limited","source":"ODHF"}},{"type":"Feature","geometry":{"type":"Point","coordinates":[-109.158882,54.027538]},"properties":{"name":"Lake Health Centre & Special Care Home","address":"510 2 st","city":"loon lake","region":"sk","country":"CA","type":"Hospitals","beds":null,"trauma":"","helipad":"","tier":"limited","source":"ODHF"}},{"type":"Feature","geometry":{"type":"Point","coordinates":[-105.02394699999999,51.851471999999994]},"properties":{"name":"Lanigan Hospital","address":"36 downing street e","city":"lanigan","region":"sk","country":"CA","type":"Hospitals","beds":null,"trauma":"","helipad":"","tier":"standard","source":"ODHF"}},{"type":"Feature","geometry":{"type":"Point","coordinates":[-109.541118,50.890917]},"properties":{"name":"Leader and District Integrated Healthcare Facility","address":"400 1 street w","city":"leader","region":"sk","country":"CA","type":"Hospitals","beds":null,"trauma":"","helipad":"","tier":"standard","source":"ODHF"}},{"type":"Feature","geometry":{"type":"Point","coordinates":[-109.54136799999999,50.890964000000004]},"properties":{"name":"Leader Hospital","address":"423 main st e","city":"leader","region":"sk","country":"CA","type":"Hospitals","beds":null,"trauma":"","helipad":"","tier":"standard","source":"ODHF"}},{"type":"Feature","geometry":{"type":"Point","coordinates":[-109.9895267,53.272630500000005]},"properties":{"name":"Lloydminster Hospital","address":"3820 43 ave","city":"lloydminster","region":"sk","country":"CA","type":"Hospitals","beds":null,"trauma":"","helipad":"","tier":"standard","source":"ODHF"}},{"type":"Feature","geometry":{"type":"Point","coordinates":[-109.29366999999999,53.090537]},"properties":{"name":"Maidstone Health Complex","address":"214 5 ave e","city":"maidstone","region":"sk","country":"CA","type":"Hospitals","beds":null,"trauma":"","helipad":"","tier":"standard","source":"ODHF"}},{"type":"Feature","geometry":{"type":"Point","coordinates":[-109.49,49.90328]},"properties":{"name":"Maple Creek Hospital","address":"575 hwy 21 s","city":"maple creek","region":"sk","country":"CA","type":"Hospitals","beds":null,"trauma":"","helipad":"","tier":"standard","source":"ODHF"}},{"type":"Feature","geometry":{"type":"Point","coordinates":[-104.614632,52.865784]},"properties":{"name":"Melfort Hospital","address":"510 broadway avenue","city":"melfort","region":"sk","country":"CA","type":"Hospitals","beds":null,"trauma":"","helipad":"","tier":"standard","source":"ODHF"}},{"type":"Feature","geometry":{"type":"Point","coordinates":[-105.5246872,50.392480299999995]},"properties":{"name":"Moose Jaw Union Hospital","address":"455 fairford st e","city":"moose jaw","region":"sk","country":"CA","type":"Hospitals","beds":null,"trauma":"","helipad":"","tier":"standard","source":"ODHF"}},{"type":"Feature","geometry":{"type":"Point","coordinates":[-104.004036,53.356182]},"properties":{"name":"Nipawin Health Care Facility","address":"800 6 street e","city":"nipawin","region":"sk","country":"CA","type":"Hospitals","beds":null,"trauma":"","helipad":"","tier":"standard","source":"ODHF"}},{"type":"Feature","geometry":{"type":"Point","coordinates":[-104.0038797,53.355955099999996]},"properties":{"name":"Nipawin Hospital","address":"800 6 st e","city":"nipawin","region":"sk","country":"CA","type":"Hospitals","beds":null,"trauma":"","helipad":"","tier":"standard","source":"ODHF"}},{"type":"Feature","geometry":{"type":"Point","coordinates":[-108.43473610000001,54.123568799999994]},"properties":{"name":"Meadow Lake Hospital","address":"2 711 centre st","city":"meadow lake","region":"sk","country":"CA","type":"Hospitals","beds":null,"trauma":"","helipad":"","tier":"standard","source":"ODHF"}},{"type":"Feature","geometry":{"type":"Point","coordinates":[-107.062979,51.483632]},"properties":{"name":"Outlook Hospital","address":"609 pangman st","city":"outlook","region":"sk","country":"CA","type":"Hospitals","beds":null,"trauma":"","helipad":"","tier":"standard","source":"ODHF"}},{"type":"Feature","geometry":{"type":"Point","coordinates":[-104.638463,50.454433]},"properties":{"name":"Pasqua Hospital","address":"4101 dewdney avenue","city":"regina","region":"sk","country":"CA","type":"Hospitals","beds":null,"trauma":"","helipad":"","tier":"standard","source":"ODHF"}},{"type":"Feature","geometry":{"type":"Point","coordinates":[-105.786266,53.191545]},"properties":{"name":"Pineview Hospital","address":"dr o k hjertaas dr","city":"prince albert","region":"sk","country":"CA","type":"Hospitals","beds":null,"trauma":"","helipad":"","tier":"standard","source":"ODHF"}},{"type":"Feature","geometry":{"type":"Point","coordinates":[-103.262613,52.596679]},"properties":{"name":"Porcupine Carragana Hospital","address":"po box 70 windsor ave.","city":"porcupine plain","region":"sk","country":"CA","type":"Hospitals","beds":null,"trauma":"","helipad":"","tier":"standard","source":"ODHF"}},{"type":"Feature","geometry":{"type":"Point","coordinates":[-104.30533100000001,49.46414]},"properties":{"name":"Radville Marian Health Centre","address":"840 conrad ave","city":"radville","region":"sk","country":"CA","type":"Hospitals","beds":null,"trauma":"","helipad":"","tier":"limited","source":"ODHF"}},{"type":"Feature","geometry":{"type":"Point","coordinates":[-101.694417,49.572789]},"properties":{"name":"Redvers Health Centre","address":"18 eichhorst street","city":"redvers","region":"sk","country":"CA","type":"Hospitals","beds":null,"trauma":"","helipad":"","tier":"limited","source":"ODHF"}},{"type":"Feature","geometry":{"type":"Point","coordinates":[-104.6009937,50.4439653]},"properties":{"name":"Regina General Hospital","address":"1440 14 ave","city":"regina","region":"sk","country":"CA","type":"Hospitals","beds":null,"trauma":"","helipad":"","tier":"standard","source":"ODHF"}},{"type":"Feature","geometry":{"type":"Point","coordinates":[-106.60286599999999,52.161772]},"properties":{"name":"Regional Psychiatric Centre (Saskatoon)","address":"2520 central ave","city":"saskatoon","region":"sk","country":"CA","type":"Hospitals","beds":null,"trauma":"","helipad":"","tier":"limited","source":"ODHF"}},{"type":"Feature","geometry":{"type":"Point","coordinates":[-108.97280900000001,53.388917000000006]},"properties":{"name":"Riverside Health Complex","address":"1 st s","city":"turtleford","region":"sk","country":"CA","type":"Hospitals","beds":null,"trauma":"","helipad":"","tier":"standard","source":"ODHF"}},{"type":"Feature","geometry":{"type":"Point","coordinates":[-107.997869,51.551089000000005]},"properties":{"name":"Rosetown and District Health Centre","address":"409 highway 4 n","city":"rosetown","region":"sk","country":"CA","type":"Hospitals","beds":null,"trauma":"","helipad":"","tier":"limited","source":"ODHF"}},{"type":"Feature","geometry":{"type":"Point","coordinates":[-106.33326570000001,52.6665813]},"properties":{"name":"Rosthern Hospital","address":"2016 2 st","city":"rosthern","region":"sk","country":"CA","type":"Hospitals","beds":null,"trauma":"","helipad":"","tier":"standard","source":"ODHF"}},{"type":"Feature","geometry":{"type":"Point","coordinates":[-106.641547,52.130843]},"properties":{"name":"Royal University Hospital (Ruh)","address":"103 hospital drive","city":"saskatoon","region":"sk","country":"CA","type":"Hospitals","beds":null,"trauma":"","helipad":"","tier":"major","source":"ODHF"}},{"type":"Feature","geometry":{"type":"Point","coordinates":[-108.265676,52.740533]},"properties":{"name":"Saskatchewan Hospital","address":"","city":"north battleford","region":"sk","country":"CA","type":"Hospitals","beds":null,"trauma":"","helipad":"","tier":"standard","source":"ODHF"}},{"type":"Feature","geometry":{"type":"Point","coordinates":[-108.26538500000001,52.740568]},"properties":{"name":"Saskatchewan Hospital - North Battleford","address":"1 jersey st","city":"north battleford","region":"sk","country":"CA","type":"Hospitals","beds":null,"trauma":"","helipad":"","tier":"standard","source":"ODHF"}},{"type":"Feature","geometry":{"type":"Point","coordinates":[-106.65391499999998,52.13643]},"properties":{"name":"Saskatoon City Hospital","address":"701 queen street","city":"saskatoon","region":"sk","country":"CA","type":"Hospitals","beds":null,"trauma":"","helipad":"","tier":"standard","source":"ODHF"}},{"type":"Feature","geometry":{"type":"Point","coordinates":[-108.4048574,49.651473100000004]},"properties":{"name":"Shaunavon Hospital and Care Centre","address":"660 fourth st e","city":"shaunavon","region":"sk","country":"CA","type":"Hospitals","beds":null,"trauma":"","helipad":"","tier":"limited","source":"ODHF"}},{"type":"Feature","geometry":{"type":"Point","coordinates":[-106.401225,53.218534999999996]},"properties":{"name":"Shellbrook Hospital","address":"dr jlspencer drive","city":"shellbrook","region":"sk","country":"CA","type":"Hospitals","beds":null,"trauma":"","helipad":"","tier":"standard","source":"ODHF"}},{"type":"Feature","geometry":{"type":"Point","coordinates":[-101.656361,50.136107]},"properties":{"name":"Southeast Integrated Care Centre \u0096 Moosomin","address":"601 wright rd","city":"moosomin","region":"sk","country":"CA","type":"Hospitals","beds":null,"trauma":"","helipad":"","tier":"limited","source":"ODHF"}},{"type":"Feature","geometry":{"type":"Point","coordinates":[-102.08414309999999,50.6504867]},"properties":{"name":"St. Anthony's Hospital","address":"216 ancona st","city":"esterhazy","region":"sk","country":"CA","type":"Hospitals","beds":null,"trauma":"","helipad":"","tier":"standard","source":"ODHF"}},{"type":"Feature","geometry":{"type":"Point","coordinates":[-107.899584,55.445653]},"properties":{"name":"ST. JOSEPH'S HEALTH CENTRE (\u00ceLE DE LA CROSSE)","address":"la jeunesse ave","city":"\u00eele-\u00e0-la-crosse","region":"sk","country":"CA","type":"Hospitals","beds":null,"trauma":"","helipad":"","tier":"limited","source":"ODHF"}},{"type":"Feature","geometry":{"type":"Point","coordinates":[-103.012175,49.152536]},"properties":{"name":"St. Joseph's Hospital","address":"1174 nicholson road","city":"estevan","region":"sk","country":"CA","type":"Hospitals","beds":null,"trauma":"","helipad":"","tier":"standard","source":"ODHF"}},{"type":"Feature","geometry":{"type":"Point","coordinates":[-106.5629233,49.8742767]},"properties":{"name":"St. Joseph's Hospital - Gravelbourg","address":"216 bettez st","city":"gravelbourg","region":"sk","country":"CA","type":"Hospitals","beds":null,"trauma":"","helipad":"","tier":"standard","source":"ODHF"}},{"type":"Feature","geometry":{"type":"Point","coordinates":[-103.98292009999999,51.314223999999996]},"properties":{"name":"St. Joseph's Integrated Care Centre","address":"508 westmoor st","city":"lestock","region":"sk","country":"CA","type":"Hospitals","beds":null,"trauma":"","helipad":"","tier":"limited","source":"ODHF"}},{"type":"Feature","geometry":{"type":"Point","coordinates":[-106.696366,52.126313]},"properties":{"name":"St. Paul's Hospital","address":"1702 20 st w","city":"saskatoon","region":"sk","country":"CA","type":"Hospitals","beds":null,"trauma":"","helipad":"","tier":"standard","source":"ODHF"}},{"type":"Feature","geometry":{"type":"Point","coordinates":[-102.82051059999999,50.9376801]},"properties":{"name":"St. Peters Hospital","address":"200 heritage dr","city":"melville","region":"sk","country":"CA","type":"Hospitals","beds":null,"trauma":"","helipad":"","tier":"standard","source":"ODHF"}},{"type":"Feature","geometry":{"type":"Point","coordinates":[-132.070526,53.254868]},"properties":{"name":"Haida Gwaii Hospital and Health Centre (South End)","address":"3209 oceanview drive","city":"queen charlotte","region":"bc","country":"CA","type":"Hospitals","beds":null,"trauma":"","helipad":"","tier":"limited","source":"ODHF"}},{"type":"Feature","geometry":{"type":"Point","coordinates":[-104.054939,52.856825]},"properties":{"name":"Tisdale Hospital","address":"2010 110 ave w","city":"tisdale","region":"sk","country":"CA","type":"Hospitals","beds":null,"trauma":"","helipad":"","tier":"standard","source":"ODHF"}},{"type":"Feature","geometry":{"type":"Point","coordinates":[-109.173493,52.442736]},"properties":{"name":"Unity & District Health Centre","address":"hwy no 14 n","city":"unity","region":"sk","country":"CA","type":"Hospitals","beds":null,"trauma":"","helipad":"","tier":"limited","source":"ODHF"}},{"type":"Feature","geometry":{"type":"Point","coordinates":[-109.172852,52.442896]},"properties":{"name":"Unity and District Health Centre","address":"po box 741 airport road","city":"unity","region":"sk","country":"CA","type":"Hospitals","beds":null,"trauma":"","helipad":"","tier":"limited","source":"ODHF"}},{"type":"Feature","geometry":{"type":"Point","coordinates":[-105.78405900000001,53.192094999999995]},"properties":{"name":"Victoria Hospital","address":"1200 24 st w","city":"prince albert","region":"sk","country":"CA","type":"Hospitals","beds":null,"trauma":"","helipad":"","tier":"standard","source":"ODHF"}},{"type":"Feature","geometry":{"type":"Point","coordinates":[-103.7943137,51.9519198]},"properties":{"name":"Wadena Hospital","address":"533 5 st ne","city":"wadena","region":"sk","country":"CA","type":"Hospitals","beds":null,"trauma":"","helipad":"","tier":"standard","source":"ODHF"}},{"type":"Feature","geometry":{"type":"Point","coordinates":[-105.74211399999999,52.6509338]},"properties":{"name":"Wakaw Health Centre","address":"300 1 st n","city":"wakaw","region":"sk","country":"CA","type":"Hospitals","beds":null,"trauma":"","helipad":"","tier":"limited","source":"ODHF"}},{"type":"Feature","geometry":{"type":"Point","coordinates":[-104.61106240000001,50.4251896]},"properties":{"name":"Wascana Rehabilitation Centre","address":"2180 23 ave","city":"regina","region":"sk","country":"CA","type":"Hospitals","beds":null,"trauma":"","helipad":"","tier":"limited","source":"ODHF"}},{"type":"Feature","geometry":{"type":"Point","coordinates":[-105.4556517,51.674001200000006]},"properties":{"name":"Watrous District Health Complex","address":"702 4 st e","city":"watrous","region":"sk","country":"CA","type":"Hospitals","beds":null,"trauma":"","helipad":"","tier":"standard","source":"ODHF"}},{"type":"Feature","geometry":{"type":"Point","coordinates":[-102.02233100000001,49.9060021]},"properties":{"name":"Wawota Memorial Health Centre","address":"201 choo foo cres. po box 60","city":"wawota","region":"sk","country":"CA","type":"Hospitals","beds":null,"trauma":"","helipad":"","tier":"limited","source":"ODHF"}},{"type":"Feature","geometry":{"type":"Point","coordinates":[-103.87188499999999,49.674985]},"properties":{"name":"Weyburn Community Health Services (Mental Health)","address":"","city":"weyburn","region":"sk","country":"CA","type":"Hospitals","beds":null,"trauma":"","helipad":"","tier":"limited","source":"ODHF"}},{"type":"Feature","geometry":{"type":"Point","coordinates":[-103.853095,49.668898999999996]},"properties":{"name":"Weyburn General Hospital","address":"201 first ave nw","city":"weyburn","region":"sk","country":"CA","type":"Hospitals","beds":null,"trauma":"","helipad":"","tier":"standard","source":"ODHF"}},{"type":"Feature","geometry":{"type":"Point","coordinates":[-108.701125,52.405556]},"properties":{"name":"Wilkie and District Health Centre","address":"304 7 avenue e","city":"wilkie","region":"sk","country":"CA","type":"Hospitals","beds":null,"trauma":"","helipad":"","tier":"limited","source":"ODHF"}},{"type":"Feature","geometry":{"type":"Point","coordinates":[-103.2685272,50.4266315]},"properties":{"name":"Wolseley Memorial Integrated Health Centre","address":"801 ouimet st","city":"wolseley","region":"sk","country":"CA","type":"Hospitals","beds":null,"trauma":"","helipad":"","tier":"limited","source":"ODHF"}},{"type":"Feature","geometry":{"type":"Point","coordinates":[-104.1676207,51.7675013]},"properties":{"name":"Wynyard Hospital","address":"300 10 st e","city":"wynyard","region":"sk","country":"CA","type":"Hospitals","beds":null,"trauma":"","helipad":"","tier":"standard","source":"ODHF"}},{"type":"Feature","geometry":{"type":"Point","coordinates":[-102.4806123,51.2022464]},"properties":{"name":"Yorkton Regional Health Centre","address":"270 bradbrooke dr","city":"yorkton","region":"sk","country":"CA","type":"Hospitals","beds":null,"trauma":"","helipad":"","tier":"limited","source":"ODHF"}},{"type":"Feature","geometry":{"type":"Point","coordinates":[-139.434,64.05664]},"properties":{"name":"Dawson City Community Hospital","address":"501 sixth ave","city":"dawson city","region":"yt","country":"CA","type":"Hospitals","beds":null,"trauma":"","helipad":"","tier":"standard","source":"ODHF"}},{"type":"Feature","geometry":{"type":"Point","coordinates":[-128.71,60.07049]},"properties":{"name":"Watson Lake Community Hospital","address":"801 ravenhill dr","city":"watson lake","region":"yt","country":"CA","type":"Hospitals","beds":null,"trauma":"","helipad":"","tier":"standard","source":"ODHF"}},{"type":"Feature","geometry":{"type":"Point","coordinates":[-135.04399999999998,60.71926]},"properties":{"name":"Whitehorse General Hospital","address":"5 hospital rd","city":"whitehorse","region":"yt","country":"CA","type":"Hospitals","beds":null,"trauma":"","helipad":"","tier":"standard","source":"ODHF"}},{"type":"Feature","geometry":{"type":"Point","coordinates":[-113.53107859999999,53.5182625]},"properties":{"name":"Cross Cancer Institute","address":"11560 university ave","city":"edmonton","region":"ab","country":"CA","type":"Hospitals","beds":null,"trauma":"","helipad":"","tier":"standard","source":"ODHF"}},{"type":"Feature","geometry":{"type":"Point","coordinates":[-116.03341200000001,50.5067544]},"properties":{"name":"Invermere and District Hospital/Columbia Valley","address":"850 10 ave","city":"invermere","region":"bc","country":"CA","type":"Hospitals","beds":null,"trauma":"","helipad":"","tier":"standard","source":"ODHF"}},{"type":"Feature","geometry":{"type":"Point","coordinates":[-114.4736247,49.6131739]},"properties":{"name":"Crowsnest Pass Health Centre","address":"2001 107 st","city":"blairmore","region":"ab","country":"CA","type":"Hospitals","beds":null,"trauma":"","helipad":"","tier":"limited","source":"ODHF"}},{"type":"Feature","geometry":{"type":"Point","coordinates":[-122.833248,49.179456]},"properties":{"name":"Jim Pattison Outpatient Care and Surgery Centre","address":"9750 140 street","city":"surrey","region":"bc","country":"CA","type":"Hospitals","beds":null,"trauma":"","helipad":"","tier":"standard","source":"ODHF"}},{"type":"Feature","geometry":{"type":"Point","coordinates":[-112.272521,52.868425]},"properties":{"name":"Daysland Health Centre","address":"5920 51 ave","city":"daysland","region":"ab","country":"CA","type":"Hospitals","beds":null,"trauma":"","helipad":"","tier":"limited","source":"ODHF"}},{"type":"Feature","geometry":{"type":"Point","coordinates":[-119.493866,49.8735931]},"properties":{"name":"Kelowna General Hospital","address":"2268 pandosy st","city":"kelowna","region":"bc","country":"CA","type":"Hospitals","beds":null,"trauma":"","helipad":"","tier":"standard","source":"ODHF"}},{"type":"Feature","geometry":{"type":"Point","coordinates":[-73.55954799999999,45.574065000000004]},"properties":{"name":"H\u00d4PITAL MAISONNEUVE-ROSEMONT","address":"5415  boulevard de l'assomption","city":"montr\u00e9al","region":"qc","country":"CA","type":"Hospitals","beds":null,"trauma":"","helipad":"","tier":"standard","source":"ODHF"}},{"type":"Feature","geometry":{"type":"Point","coordinates":[-73.692942,45.545449]},"properties":{"name":"CENTRE METROPOLITAIN DE CHIRURGIE PLASTIQUE","address":"999  rue de salaberry","city":"montr\u00e9al","region":"qc","country":"CA","type":"Hospitals","beds":null,"trauma":"","helipad":"","tier":"standard","source":"ODHF"}},{"type":"Feature","geometry":{"type":"Point","coordinates":[-72.785692,47.428451]},"properties":{"name":"CENTRE DE SANT\u00c9 ET DE SERVICES SOCIAUX DU HAUT-SAINT-MAURICE","address":"885  boulevard ducharme","city":"la tuque","region":"qc","country":"CA","type":"Hospitals","beds":null,"trauma":"","helipad":"","tier":"limited","source":"ODHF"}},{"type":"Feature","geometry":{"type":"Point","coordinates":[-73.568738,45.514974]},"properties":{"name":"VILLA MEDICA","address":"225  rue sherbrooke est","city":"montr\u00e9al","region":"qc","country":"CA","type":"Hospitals","beds":null,"trauma":"","helipad":"","tier":"standard","source":"ODHF"}},{"type":"Feature","geometry":{"type":"Point","coordinates":[-71.869027,45.447736]},"properties":{"name":"CHUS - H\u00d4PITAL FLEURIMONT","address":"3001  12e avenue nord","city":"sherbrooke","region":"qc","country":"CA","type":"Hospitals","beds":null,"trauma":"","helipad":"","tier":"standard","source":"ODHF"}},{"type":"Feature","geometry":{"type":"Point","coordinates":[-71.877948,45.398441999999996]},"properties":{"name":"CHUS - H\u00d4TEL-DIEU DE SHERBROOKE","address":"580  rue bowen sud","city":"sherbrooke","region":"qc","country":"CA","type":"Hospitals","beds":null,"trauma":"","helipad":"","tier":"limited","source":"ODHF"}},{"type":"Feature","geometry":{"type":"Point","coordinates":[-71.246411,46.799357]},"properties":{"name":"H\u00d4PITAL DU SAINT-SACREMENT","address":"1050  chemin sainte-foy","city":"qu\u00e9bec","region":"qc","country":"CA","type":"Hospitals","beds":null,"trauma":"","helipad":"","tier":"standard","source":"ODHF"}},{"type":"Feature","geometry":{"type":"Point","coordinates":[-75.517655,46.549211]},"properties":{"name":"H\u00d4PITAL DE MONT-LAURIER","address":"2561  chemin de la li\u00e8vre sud","city":"mont-laurier","region":"qc","country":"CA","type":"Hospitals","beds":null,"trauma":"","helipad":"","tier":"standard","source":"ODHF"}},{"type":"Feature","geometry":{"type":"Point","coordinates":[-69.47867600000001,47.76243]},"properties":{"name":"CENTRE D'H\u00c9BERGEMENT DE SAINT-ANTONIN","address":"286  rue principale","city":"saint-antonin","region":"qc","country":"CA","type":"Hospitals","beds":null,"trauma":"","helipad":"","tier":"limited","source":"ODHF"}},{"type":"Feature","geometry":{"type":"Point","coordinates":[-71.048599,48.425975]},"properties":{"name":"H\u00d4PITAL DE CHICOUTIMI","address":"305  rue saint-vallier","city":"saguenay","region":"qc","country":"CA","type":"Hospitals","beds":null,"trauma":"","helipad":"","tier":"standard","source":"ODHF"}},{"type":"Feature","geometry":{"type":"Point","coordinates":[-67.524416,48.843565999999996]},"properties":{"name":"H\u00d4PITAL DE MATANE","address":"333  rue thibault","city":"matane","region":"qc","country":"CA","type":"Hospitals","beds":null,"trauma":"","helipad":"","tier":"standard","source":"ODHF"}},{"type":"Feature","geometry":{"type":"Point","coordinates":[-73.578112,45.513942]},"properties":{"name":"H\u00d4TEL-DIEU DU CENTRE HOSPITALIER DE L'UNIVERSIT\u00c9 DE MONTR\u00c9AL","address":"3840  rue saint-urbain","city":"montr\u00e9al","region":"qc","country":"CA","type":"Hospitals","beds":null,"trauma":"","helipad":"","tier":"limited","source":"ODHF"}},{"type":"Feature","geometry":{"type":"Point","coordinates":[-71.665075,48.55062]},"properties":{"name":"H\u00d4PITAL D'ALMA","address":"300  boulevard champlain sud","city":"alma","region":"qc","country":"CA","type":"Hospitals","beds":null,"trauma":"","helipad":"","tier":"standard","source":"ODHF"}},{"type":"Feature","geometry":{"type":"Point","coordinates":[-71.174936,46.81568]},"properties":{"name":"CENTRE DE SERVICES AMBULATOIRES DE L\u00c9VIS","address":"106  rue jean-xxiii","city":"l\u00e9vis","region":"qc","country":"CA","type":"Hospitals","beds":null,"trauma":"","helipad":"","tier":"limited","source":"ODHF"}},{"type":"Feature","geometry":{"type":"Point","coordinates":[-64.496646,48.812942]},"properties":{"name":"H\u00d4PITAL DE GASP\u00c9","address":"215  boulevard de york ouest","city":"gasp\u00e9","region":"qc","country":"CA","type":"Hospitals","beds":null,"trauma":"","helipad":"","tier":"standard","source":"ODHF"}},{"type":"Feature","geometry":{"type":"Point","coordinates":[-75.743786,45.439516999999995]},"properties":{"name":"CENTRE DE SERVICES AMBULATOIRES EN SANT\u00c9 MENTALE MOUSSETTE","address":"73  boulevard moussette","city":"gatineau","region":"qc","country":"CA","type":"Hospitals","beds":null,"trauma":"","helipad":"","tier":"limited","source":"ODHF"}},{"type":"Feature","geometry":{"type":"Point","coordinates":[-73.702641,46.041693]},"properties":{"name":"CENTRE DE SERVICES AMBULATOIRES EN SANT\u00c9 MENTALE DE RAWDON","address":"3570  rue church","city":"rawdon","region":"qc","country":"CA","type":"Hospitals","beds":null,"trauma":"","helipad":"","tier":"limited","source":"ODHF"}},{"type":"Feature","geometry":{"type":"Point","coordinates":[-75.691064,45.493296]},"properties":{"name":"H\u00d4PITAL DE GATINEAU","address":"909  boulevard la v\u00e9rendrye ouest","city":"gatineau","region":"qc","country":"CA","type":"Hospitals","beds":null,"trauma":"","helipad":"","tier":"standard","source":"ODHF"}},{"type":"Feature","geometry":{"type":"Point","coordinates":[-74.349183,49.915951]},"properties":{"name":"CENTRE DE SANT\u00c9 DE CHIBOUGAMAU","address":"51  3e rue","city":"chibougamau","region":"qc","country":"CA","type":"Hospitals","beds":null,"trauma":"","helipad":"","tier":"limited","source":"ODHF"}},{"type":"Feature","geometry":{"type":"Point","coordinates":[-76.983316,49.05608]},"properties":{"name":"CENTRE DE SANT\u00c9 LEBEL","address":"950  boulevard qu\u00e9villon nord","city":"lebel-sur-qu\u00e9villon","region":"qc","country":"CA","type":"Hospitals","beds":null,"trauma":"","helipad":"","tier":"limited","source":"ODHF"}},{"type":"Feature","geometry":{"type":"Point","coordinates":[-77.628286,49.756840999999994]},"properties":{"name":"CENTRE DE SANT\u00c9 ISLE-DIEU","address":"130  boulevard  matagami","city":"matagami","region":"qc","country":"CA","type":"Hospitals","beds":null,"trauma":"","helipad":"","tier":"limited","source":"ODHF"}},{"type":"Feature","geometry":{"type":"Point","coordinates":[-75.746033,45.444873]},"properties":{"name":"H\u00d4PITAL DE HULL","address":"116  boulevard lionel-\u00e9mond","city":"gatineau","region":"qc","country":"CA","type":"Hospitals","beds":null,"trauma":"","helipad":"","tier":"standard","source":"ODHF"}},{"type":"Feature","geometry":{"type":"Point","coordinates":[-72.74339300000001,46.525584]},"properties":{"name":"H\u00d4PITAL DU CENTRE-DE-LA-MAURICIE","address":"50  119e rue","city":"shawinigan","region":"qc","country":"CA","type":"Hospitals","beds":null,"trauma":"","helipad":"","tier":"standard","source":"ODHF"}},{"type":"Feature","geometry":{"type":"Point","coordinates":[-75.979405,46.39085]},"properties":{"name":"H\u00d4PITAL DE MANIWAKI","address":"309  boulevard desjardins","city":"maniwaki","region":"qc","country":"CA","type":"Hospitals","beds":null,"trauma":"","helipad":"","tier":"standard","source":"ODHF"}},{"type":"Feature","geometry":{"type":"Point","coordinates":[-73.556831,45.574003000000005]},"properties":{"name":"PAVILLON RACHEL-TOURIGNY","address":"5305  boulevard de l'assomption","city":"montr\u00e9al","region":"qc","country":"CA","type":"Hospitals","beds":null,"trauma":"","helipad":"","tier":"standard","source":"ODHF"}},{"type":"Feature","geometry":{"type":"Point","coordinates":[-72.716617,45.410379999999996]},"properties":{"name":"CENTRE DE SERVICES AMBULATOIRES PROVIDENCE","address":"279  rue de la providence","city":"granby","region":"qc","country":"CA","type":"Hospitals","beds":null,"trauma":"","helipad":"","tier":"limited","source":"ODHF"}},{"type":"Feature","geometry":{"type":"Point","coordinates":[-73.582312,45.488959]},"properties":{"name":"L'H\u00d4PITAL DE MONTR\u00c9AL POUR ENFANTS","address":"2300  rue tupper","city":"montr\u00e9al","region":"qc","country":"CA","type":"Hospitals","beds":null,"trauma":"","helipad":"","tier":"standard","source":"ODHF"}},{"type":"Feature","geometry":{"type":"Point","coordinates":[-73.558021,45.593553]},"properties":{"name":"CENTRE DE SERVICES AMBULATOIRES DE SOINS PSYCHIATRIQUES BEAUBIEN","address":"7067  rue beaubien est","city":"montr\u00e9al","region":"qc","country":"CA","type":"Hospitals","beds":null,"trauma":"","helipad":"","tier":"limited","source":"ODHF"}},{"type":"Feature","geometry":{"type":"Point","coordinates":[-73.581396,45.508956]},"properties":{"name":"H\u00d4PITAL NEUROLOGIQUE DE MONTR\u00c9AL","address":"3801  rue university","city":"montr\u00e9al","region":"qc","country":"CA","type":"Hospitals","beds":null,"trauma":"","helipad":"","tier":"standard","source":"ODHF"}},{"type":"Feature","geometry":{"type":"Point","coordinates":[-73.581456,45.5082]},"properties":{"name":"H\u00d4PITAL ROYAL VICTORIA","address":"687  avenue des pins ouest","city":"montr\u00e9al","region":"qc","country":"CA","type":"Hospitals","beds":null,"trauma":"","helipad":"","tier":"standard","source":"ODHF"}},{"type":"Feature","geometry":{"type":"Point","coordinates":[-69.159279,48.132723]},"properties":{"name":"CENTRE MULTISERVICES DE SANT\u00c9 ET DE SERVICES SOCIAUX DE TROIS-PISTOLES","address":"550  rue notre-dame est","city":"trois-pistoles","region":"qc","country":"CA","type":"Hospitals","beds":null,"trauma":"","helipad":"","tier":"standard","source":"ODHF"}},{"type":"Feature","geometry":{"type":"Point","coordinates":[-71.17740500000001,46.814863]},"properties":{"name":"H\u00d4TEL-DIEU DE L\u00c9VIS","address":"143  rue wolfe","city":"l\u00e9vis","region":"qc","country":"CA","type":"Hospitals","beds":null,"trauma":"","helipad":"","tier":"limited","source":"ODHF"}},{"type":"Feature","geometry":{"type":"Point","coordinates":[-73.68874,45.540646]},"properties":{"name":"CHSLD DES B\u00c2TISSEURS","address":"11810  avenue du bois-de-boulogne","city":"montr\u00e9al","region":"qc","country":"CA","type":"Hospitals","beds":null,"trauma":"","helipad":"","tier":"standard","source":"ODHF"}},{"type":"Feature","geometry":{"type":"Point","coordinates":[-61.868773,47.375575]},"properties":{"name":"H\u00d4PITAL DE L'ARCHIPEL","address":"430  chemin principal","city":"les \u00eeles-de-la-madeleine","region":"qc","country":"CA","type":"Hospitals","beds":null,"trauma":"","helipad":"","tier":"standard","source":"ODHF"}},{"type":"Feature","geometry":{"type":"Point","coordinates":[-65.993516,48.169149]},"properties":{"name":"H\u00d4PITAL DE MARIA","address":"419  boulevard perron","city":"maria","region":"qc","country":"CA","type":"Hospitals","beds":null,"trauma":"","helipad":"","tier":"standard","source":"ODHF"}},{"type":"Feature","geometry":{"type":"Point","coordinates":[-73.99986700000001,45.126343]},"properties":{"name":"H\u00d4PITAL BARRIE M\u00c9MORIAL","address":"28  rue gale","city":"ormstown","region":"qc","country":"CA","type":"Hospitals","beds":null,"trauma":"","helipad":"","tier":"standard","source":"ODHF"}},{"type":"Feature","geometry":{"type":"Point","coordinates":[-73.570774,45.597923]},"properties":{"name":"CENTRE DE SERVICES AMBULATOIRES DE SOINS PSYCHIATRIQUES D'ANJOU","address":"7101  rue jean-talon est","city":"montr\u00e9al","region":"qc","country":"CA","type":"Hospitals","beds":null,"trauma":"","helipad":"","tier":"limited","source":"ODHF"}},{"type":"Feature","geometry":{"type":"Point","coordinates":[-72.726613,45.39799]},"properties":{"name":"CENTRE DE SERVICES AMBULATOIRES SAINT-JACQUES","address":"155  rue saint-jacques","city":"granby","region":"qc","country":"CA","type":"Hospitals","beds":null,"trauma":"","helipad":"","tier":"limited","source":"ODHF"}},{"type":"Feature","geometry":{"type":"Point","coordinates":[-63.77304773,46.41742951]},"properties":{"name":"Prince County Hospital","address":"65 roy boates av","city":"summerside","region":"pe","country":"CA","type":"Hospitals","beds":null,"trauma":"","helipad":"","tier":"standard","source":"ODHF"}},{"type":"Feature","geometry":{"type":"Point","coordinates":[-70.512063,47.439772999999995]},"properties":{"name":"CENTRE MULTISERVICES DE SANT\u00c9 ET DE SERVICES SOCIAUX DE BAIE-SAINT-PAUL","address":"88  rue racine","city":"baie-saint-paul","region":"qc","country":"CA","type":"Hospitals","beds":null,"trauma":"","helipad":"","tier":"standard","source":"ODHF"}},{"type":"Feature","geometry":{"type":"Point","coordinates":[-71.22604003,46.83748294]},"properties":{"name":"H\u00d4PITAL DE L'ENFANT-J\u00c9SUS","address":"1401.0 18e rue","city":"qu\u00e9bec city","region":"qc","country":"CA","type":"Hospitals","beds":null,"trauma":"","helipad":"","tier":"standard","source":"ODHF"}},{"type":"Feature","geometry":{"type":"Point","coordinates":[-73.645944,45.471955]},"properties":{"name":"H\u00d4PITAL RICHARDSON","address":"5425  avenue bessborough","city":"montr\u00e9al","region":"qc","country":"CA","type":"Hospitals","beds":null,"trauma":"","helipad":"","tier":"standard","source":"ODHF"}},{"type":"Feature","geometry":{"type":"Point","coordinates":[-73.650367,45.57181]},"properties":{"name":"H\u00d4PITAL FLEURY","address":"2180  rue fleury est","city":"montr\u00e9al","region":"qc","country":"CA","type":"Hospitals","beds":null,"trauma":"","helipad":"","tier":"standard","source":"ODHF"}},{"type":"Feature","geometry":{"type":"Point","coordinates":[-73.609538,45.545943]},"properties":{"name":"H\u00d4PITAL JEAN-TALON","address":"1385  rue jean-talon est","city":"montr\u00e9al","region":"qc","country":"CA","type":"Hospitals","beds":null,"trauma":"","helipad":"","tier":"standard","source":"ODHF"}},{"type":"Feature","geometry":{"type":"Point","coordinates":[-67.090301,52.796690000000005]},"properties":{"name":"CENTRE MULTISERVICES DE SANT\u00c9 ET DE SERVICES SOCIAUX DE FERMONT","address":"1  rue aquilon","city":"fermont","region":"qc","country":"CA","type":"Hospitals","beds":null,"trauma":"","helipad":"","tier":"standard","source":"ODHF"}},{"type":"Feature","geometry":{"type":"Point","coordinates":[-73.710819,45.603319]},"properties":{"name":"H\u00d4PITAL DE LA CIT\u00c9-DE-LA-SANT\u00c9","address":"1755  boulevard ren\u00e9-laennec","city":"laval","region":"qc","country":"CA","type":"Hospitals","beds":null,"trauma":"","helipad":"","tier":"standard","source":"ODHF"}},{"type":"Feature","geometry":{"type":"Point","coordinates":[-73.581337,45.594060999999996]},"properties":{"name":"CENTRE DE SERVICES AMBULATOIRES DE SOINS PSYCHIATRIQUES DE SAINT-L\u00c9ONARD","address":"8000  boulevard langelier","city":"montr\u00e9al","region":"qc","country":"CA","type":"Hospitals","beds":null,"trauma":"","helipad":"","tier":"limited","source":"ODHF"}},{"type":"Feature","geometry":{"type":"Point","coordinates":[-74.854395,49.780757]},"properties":{"name":"CENTRE DE SANTE RENE-RICARD","address":"32  3e avenue","city":"chapais","region":"qc","country":"CA","type":"Hospitals","beds":null,"trauma":"","helipad":"","tier":"standard","source":"ODHF"}},{"type":"Feature","geometry":{"type":"Point","coordinates":[-72.477304,45.880009]},"properties":{"name":"H\u00d4PITAL SAINTE-CROIX","address":"570  rue heriot","city":"drummondville","region":"qc","country":"CA","type":"Hospitals","beds":null,"trauma":"","helipad":"","tier":"standard","source":"ODHF"}},{"type":"Feature","geometry":{"type":"Point","coordinates":[-73.913739,45.571265999999994]},"properties":{"name":"H\u00d4PITAL DE SAINT-EUSTACHE","address":"520  boulevard arthur-sauv\u00e9","city":"saint-eustache","region":"qc","country":"CA","type":"Hospitals","beds":null,"trauma":"","helipad":"","tier":"standard","source":"ODHF"}},{"type":"Feature","geometry":{"type":"Point","coordinates":[-74.000191,45.765569]},"properties":{"name":"H\u00d4PITAL DE SAINT-J\u00c9R\u00d4ME","address":"290  rue montigny","city":"saint-j\u00e9r\u00f4me","region":"qc","country":"CA","type":"Hospitals","beds":null,"trauma":"","helipad":"","tier":"standard","source":"ODHF"}},{"type":"Feature","geometry":{"type":"Point","coordinates":[-71.29716547,46.77848534]},"properties":{"name":"H\u00d4PITAL LAVAL","address":"chemin sainte-foy","city":"qu\u00e9bec city","region":"qc","country":"CA","type":"Hospitals","beds":null,"trauma":"","helipad":"","tier":"standard","source":"ODHF"}},{"type":"Feature","geometry":{"type":"Point","coordinates":[-64.06602787,46.81107967]},"properties":{"name":"Western Hospital","address":"148 poplar st","city":"alberton","region":"pe","country":"CA","type":"Hospitals","beds":null,"trauma":"","helipad":"","tier":"standard","source":"ODHF"}},{"type":"Feature","geometry":{"type":"Point","coordinates":[-78.89154599999999,53.783843999999995]},"properties":{"name":"H\u00d4PITAL DE CHISASIBI","address":"21  rue maamuu","city":"chisasibi","region":"qc","country":"CA","type":"Hospitals","beds":null,"trauma":"","helipad":"","tier":"standard","source":"ODHF"}},{"type":"Feature","geometry":{"type":"Point","coordinates":[-64.49529,48.812749]},"properties":{"name":"CENTRE MULTISERVICES DE SANT\u00c9 ET DE SERVICES SOCIAUX DE GASP\u00c9","address":"205  boulevard de york ouest","city":"gasp\u00e9","region":"qc","country":"CA","type":"Hospitals","beds":null,"trauma":"","helipad":"","tier":"standard","source":"ODHF"}},{"type":"Feature","geometry":{"type":"Point","coordinates":[-74.884682,46.420799]},"properties":{"name":"CENTRE DE SERVICES DE RIVI\u00c8RE-ROUGE","address":"1525  rue de l'annonciation nord","city":"rivi\u00e8re-rouge","region":"qc","country":"CA","type":"Hospitals","beds":null,"trauma":"","helipad":"","tier":"standard","source":"ODHF"}},{"type":"Feature","geometry":{"type":"Point","coordinates":[-70.498069,46.40048]},"properties":{"name":"CENTRE MULTISERVICES DE SANT\u00c9 ET DE SERVICES SOCIAUX DE LAC-ETCHEMIN","address":"331  place du sanatorium","city":"lac-etchemin","region":"qc","country":"CA","type":"Hospitals","beds":null,"trauma":"","helipad":"","tier":"standard","source":"ODHF"}},{"type":"Feature","geometry":{"type":"Point","coordinates":[-72.144862,45.265088]},"properties":{"name":"CENTRE DE SANT\u00c9 ET DE SERVICES SOCIAUX DE MEMPHR\u00c9MAGOG","address":"50  rue saint-patrice est","city":"magog","region":"qc","country":"CA","type":"Hospitals","beds":null,"trauma":"","helipad":"","tier":"limited","source":"ODHF"}},{"type":"Feature","geometry":{"type":"Point","coordinates":[-72.707386,46.606386]},"properties":{"name":"CENTRE MULTISERVICES DE SANT\u00c9 ET DE SERVICES SOCIAUX LAFL\u00c8CHE","address":"1650  avenue de grand-m\u00e8re","city":"shawinigan","region":"qc","country":"CA","type":"Hospitals","beds":null,"trauma":"","helipad":"","tier":"standard","source":"ODHF"}},{"type":"Feature","geometry":{"type":"Point","coordinates":[-78.12545899999999,48.574532]},"properties":{"name":"H\u00d4PITAL D'AMOS","address":"622  4e rue ouest","city":"amos","region":"qc","country":"CA","type":"Hospitals","beds":null,"trauma":"","helipad":"","tier":"standard","source":"ODHF"}},{"type":"Feature","geometry":{"type":"Point","coordinates":[-70.685194,46.109716]},"properties":{"name":"H\u00d4PITAL DE SAINT-GEORGES","address":"1515  17e rue","city":"saint-georges","region":"qc","country":"CA","type":"Hospitals","beds":null,"trauma":"","helipad":"","tier":"standard","source":"ODHF"}},{"type":"Feature","geometry":{"type":"Point","coordinates":[-71.23754678,46.82844125]},"properties":{"name":"H\u00d4PITAL SAINT-FRAN\u00c7OIS D'ASSISE","address":"rue de lespinay","city":"qu\u00e9bec city","region":"qc","country":"CA","type":"Hospitals","beds":null,"trauma":"","helipad":"","tier":"standard","source":"ODHF"}},{"type":"Feature","geometry":{"type":"Point","coordinates":[-62.655768099999996,46.16933984]},"properties":{"name":"Kings County Memorial Hospital","address":"409 macintyre av","city":"montague","region":"pe","country":"CA","type":"Hospitals","beds":null,"trauma":"","helipad":"","tier":"standard","source":"ODHF"}},{"type":"Feature","geometry":{"type":"Point","coordinates":[-72.030378,46.486357]},"properties":{"name":"CENTRE MULTISERVICES DE SANT\u00c9 ET DE SERVICES SOCIAUX DE FORTIERVILLE","address":"216  rue principale","city":"fortierville","region":"qc","country":"CA","type":"Hospitals","beds":null,"trauma":"","helipad":"","tier":"standard","source":"ODHF"}},{"type":"Feature","geometry":{"type":"Point","coordinates":[-71.92608100000001,45.771765]},"properties":{"name":"H\u00d4PITAL, CLSC ET CENTRE D'H\u00c9BERGEMENT D'ASBESTOS","address":"475  3e avenue","city":"asbestos","region":"qc","country":"CA","type":"Hospitals","beds":null,"trauma":"","helipad":"","tier":"limited","source":"ODHF"}},{"type":"Feature","geometry":{"type":"Point","coordinates":[-71.812335,45.134979]},"properties":{"name":"CENTRE DE SANT\u00c9 ET DE SERVICES SOCIAUX DE LA MRC-DE-COATICOOK","address":"138  rue jeanne-mance","city":"coaticook","region":"qc","country":"CA","type":"Hospitals","beds":null,"trauma":"","helipad":"","tier":"limited","source":"ODHF"}},{"type":"Feature","geometry":{"type":"Point","coordinates":[-77.252997,48.384388]},"properties":{"name":"CLSC DE SENNETERRE","address":"961  rue de la clinique","city":"senneterre","region":"qc","country":"CA","type":"Hospitals","beds":null,"trauma":"","helipad":"","tier":"limited","source":"ODHF"}},{"type":"Feature","geometry":{"type":"Point","coordinates":[-71.258207,46.810782]},"properties":{"name":"CLSC, HOPITAL ET CENTRE D'HEBERGEMENT CHRIST-ROI","address":"900  boulevard wilfrid-hamel","city":"qu\u00e9bec","region":"qc","country":"CA","type":"Hospitals","beds":null,"trauma":"","helipad":"","tier":"limited","source":"ODHF"}},{"type":"Feature","geometry":{"type":"Point","coordinates":[-72.626501,46.23147]},"properties":{"name":"CENTRE MULTISERVICES DE SANT\u00c9 ET DE SERVICES SOCIAUX CHRIST-ROI","address":"675  rue saint-jean-baptiste","city":"nicolet","region":"qc","country":"CA","type":"Hospitals","beds":null,"trauma":"","helipad":"","tier":"standard","source":"ODHF"}},{"type":"Feature","geometry":{"type":"Point","coordinates":[-64.23812801,46.70626964]},"properties":{"name":"Community Hospital o'Leary","address":"14 mackinnon dr","city":"o'leary","region":"pe","country":"CA","type":"Hospitals","beds":null,"trauma":"","helipad":"","tier":"standard","source":"ODHF"}},{"type":"Feature","geometry":{"type":"Point","coordinates":[-70.5120899,47.4398246]},"properties":{"name":"H\u00d4PITAL DE BAIE-SAINT-PAUL","address":"74 rue ambroise-farfard","city":"baie-saint-paul","region":"qc","country":"CA","type":"Hospitals","beds":null,"trauma":"","helipad":"","tier":"standard","source":"ODHF"}},{"type":"Feature","geometry":{"type":"Point","coordinates":[-73.53361600000001,45.656057000000004]},"properties":{"name":"INSTITUT NATIONAL DE PSYCHIATRIE L\u00c9GALE PHILIPPE-PINEL","address":"10905  boulevard henri-bourassa est","city":"montr\u00e9al","region":"qc","country":"CA","type":"Hospitals","beds":null,"trauma":"","helipad":"","tier":"standard","source":"ODHF"}},{"type":"Feature","geometry":{"type":"Point","coordinates":[-71.822153,46.894933]},"properties":{"name":"H\u00d4PITAL R\u00c9GIONAL DE PORTNEUF CLSC DE SAINT-RAYMOND","address":"700  rue saint-cyrille","city":"saint-raymond","region":"qc","country":"CA","type":"Hospitals","beds":null,"trauma":"","helipad":"","tier":"limited","source":"ODHF"}},{"type":"Feature","geometry":{"type":"Point","coordinates":[-70.90579100000001,45.588594]},"properties":{"name":"CENTRE DE SANT\u00c9 ET DE SERVICES SOCIAUX DU GRANIT","address":"3569  rue laval","city":"lac-m\u00e9gantic","region":"qc","country":"CA","type":"Hospitals","beds":null,"trauma":"","helipad":"","tier":"limited","source":"ODHF"}},{"type":"Feature","geometry":{"type":"Point","coordinates":[-71.369963,46.853199]},"properties":{"name":"H\u00d4PITAL CHAUVEAU","address":"11999  rue de l'h\u00f4pital","city":"qu\u00e9bec","region":"qc","country":"CA","type":"Hospitals","beds":null,"trauma":"","helipad":"","tier":"standard","source":"ODHF"}},{"type":"Feature","geometry":{"type":"Point","coordinates":[-70.900195,47.04274]},"properties":{"name":"H\u00d4PITAL DE SAINTE-ANNE-DE-BEAUPR\u00c9","address":"11000  rue des montagnards","city":"beaupr\u00e9","region":"qc","country":"CA","type":"Hospitals","beds":null,"trauma":"","helipad":"","tier":"standard","source":"ODHF"}},{"type":"Feature","geometry":{"type":"Point","coordinates":[-73.458792,45.5383]},"properties":{"name":"H\u00d4PITAL PIERRE-BOUCHER","address":"1333  boulevard jacques-cartier est","city":"longueuil","region":"qc","country":"CA","type":"Hospitals","beds":null,"trauma":"","helipad":"","tier":"standard","source":"ODHF"}},{"type":"Feature","geometry":{"type":"Point","coordinates":[-75.685748,45.483271]},"properties":{"name":"CENTRE MULTISERVICES DE SANT\u00c9 ET DE SERVICES SOCIAUX DE GATINEAU","address":"777  boulevard de la gappe","city":"gatineau","region":"qc","country":"CA","type":"Hospitals","beds":null,"trauma":"","helipad":"","tier":"standard","source":"ODHF"}},{"type":"Feature","geometry":{"type":"Point","coordinates":[-71.91498299999999,46.040622]},"properties":{"name":"H\u00d4TEL-DIEU D'ARTHABASKA","address":"5  rue des hospitali\u00e8res","city":"victoriaville","region":"qc","country":"CA","type":"Hospitals","beds":null,"trauma":"","helipad":"","tier":"limited","source":"ODHF"}},{"type":"Feature","geometry":{"type":"Point","coordinates":[-73.270212,45.332522999999995]},"properties":{"name":"H\u00d4PITAL DU HAUT-RICHELIEU","address":"920  boulevard du s\u00e9minaire nord","city":"saint-jean-sur-richelieu","region":"qc","country":"CA","type":"Hospitals","beds":null,"trauma":"","helipad":"","tier":"standard","source":"ODHF"}},{"type":"Feature","geometry":{"type":"Point","coordinates":[-73.09563299999999,46.045811]},"properties":{"name":"H\u00d4TEL-DIEU DE SOREL","address":"400  avenue de l'h\u00f4tel-dieu","city":"sorel-tracy","region":"qc","country":"CA","type":"Hospitals","beds":null,"trauma":"","helipad":"","tier":"limited","source":"ODHF"}},{"type":"Feature","geometry":{"type":"Point","coordinates":[-73.763446,45.345661]},"properties":{"name":"H\u00d4PITAL ANNA-LABERGE","address":"200  boulevard brisebois","city":"ch\u00e2teauguay","region":"qc","country":"CA","type":"Hospitals","beds":null,"trauma":"","helipad":"","tier":"standard","source":"ODHF"}},{"type":"Feature","geometry":{"type":"Point","coordinates":[-71.245535,46.813282]},"properties":{"name":"CENTRE DE P\u00c9DOPSYCHIATRIE - R\u00c9SIDENCE DU SACR\u00c9-COEUR","address":"1  avenue du sacr\u00e9-coeur","city":"qu\u00e9bec","region":"qc","country":"CA","type":"Hospitals","beds":null,"trauma":"","helipad":"","tier":"standard","source":"ODHF"}},{"type":"Feature","geometry":{"type":"Point","coordinates":[-73.653602,45.568529]},"properties":{"name":"CENTRE DE SERVICES AMBULATOIRES EN SANT\u00c9 MENTALE PAPINEAU","address":"10345  avenue papineau","city":"montr\u00e9al","region":"qc","country":"CA","type":"Hospitals","beds":null,"trauma":"","helipad":"","tier":"limited","source":"ODHF"}},{"type":"Feature","geometry":{"type":"Point","coordinates":[-71.17365699999999,46.813008]},"properties":{"name":"CENTRE DE SERVICES AMBULATOIRES EN P\u00c9DOPSYCHIATRIE DE L\u00c9VIS","address":"6550  rue saint-georges","city":"l\u00e9vis","region":"qc","country":"CA","type":"Hospitals","beds":null,"trauma":"","helipad":"","tier":"limited","source":"ODHF"}},{"type":"Feature","geometry":{"type":"Point","coordinates":[-73.585977,45.644779]},"properties":{"name":"CLSC DE RIVI\u00c8RE-DES-PRAIRIES","address":"8655  boulevard perras","city":"montr\u00e9al","region":"qc","country":"CA","type":"Hospitals","beds":null,"trauma":"","helipad":"","tier":"limited","source":"ODHF"}},{"type":"Feature","geometry":{"type":"Point","coordinates":[-73.621043,45.529596999999995]},"properties":{"name":"CENTRE MULTISERVICES DE SANT\u00c9 ET DE SERVICES SOCIAUX DE PARC-EXTENSION","address":"7085  rue hutchison","city":"montr\u00e9al","region":"qc","country":"CA","type":"Hospitals","beds":null,"trauma":"","helipad":"","tier":"standard","source":"ODHF"}},{"type":"Feature","geometry":{"type":"Point","coordinates":[-72.928988,46.254591]},"properties":{"name":"CENTRE MULTISERVICES DE SANT\u00c9 ET DE SERVICES SOCIAUX AVELLIN-DALCOURT","address":"450  2e rue","city":"louiseville","region":"qc","country":"CA","type":"Hospitals","beds":null,"trauma":"","helipad":"","tier":"standard","source":"ODHF"}},{"type":"Feature","geometry":{"type":"Point","coordinates":[-79.094112,46.725735]},"properties":{"name":"POINT DE SERVICE DE T\u00c9MISCAMING-ET-DE-KIPAWA","address":"180  rue anvik","city":"t\u00e9miscaming","region":"qc","country":"CA","type":"Hospitals","beds":null,"trauma":"","helipad":"","tier":"standard","source":"ODHF"}},{"type":"Feature","geometry":{"type":"Point","coordinates":[-73.720252,45.608722]},"properties":{"name":"CENTRE DE SERVICES AMBULATOIRES EN SANT\u00c9 MENTALE REN\u00c9-LAENNEC","address":"2008  boulevard ren\u00e9-laennec","city":"laval","region":"qc","country":"CA","type":"Hospitals","beds":null,"trauma":"","helipad":"","tier":"limited","source":"ODHF"}},{"type":"Feature","geometry":{"type":"Point","coordinates":[-73.541394,45.584868]},"properties":{"name":"CENTRE DE SERVICES AMBULATOIRES DE SOINS PSYCHIATRIQUES DE MERCIER-OUEST","address":"6850  rue sherbrooke est","city":"montr\u00e9al","region":"qc","country":"CA","type":"Hospitals","beds":null,"trauma":"","helipad":"","tier":"limited","source":"ODHF"}},{"type":"Feature","geometry":{"type":"Point","coordinates":[-73.576203,45.513448]},"properties":{"name":"PROGRAMME DE RECHERCHE CLINIQUE CHUM-IRCM","address":"120 avenue des pins ouest","city":"montr\u00e9al","region":"qc","country":"CA","type":"Hospitals","beds":null,"trauma":"","helipad":"","tier":"standard","source":"ODHF"}},{"type":"Feature","geometry":{"type":"Point","coordinates":[-73.629478,45.507064]},"properties":{"name":"H\u00d4PITAL DE R\u00c9ADAPTATION LINDSAY","address":"6363  chemin hudson","city":"montr\u00e9al","region":"qc","country":"CA","type":"Hospitals","beds":null,"trauma":"","helipad":"","tier":"limited","source":"ODHF"}},{"type":"Feature","geometry":{"type":"Point","coordinates":[-75.494855,46.556419]},"properties":{"name":"CENTRE MULTISERVICES DE SANT\u00c9 ET DE SERVICES SOCIAUX DE MONT-LAURIER","address":"757  rue de la madone","city":"mont-laurier","region":"qc","country":"CA","type":"Hospitals","beds":null,"trauma":"","helipad":"","tier":"standard","source":"ODHF"}},{"type":"Feature","geometry":{"type":"Point","coordinates":[-71.289344,46.765935999999996]},"properties":{"name":"GROUPE DE M\u00c9DECINE DE FAMILLE UNIVERSITAIRE LAURIER","address":"2875  boulevard laurier","city":"qu\u00e9bec","region":"qc","country":"CA","type":"Hospitals","beds":null,"trauma":"","helipad":"","tier":"limited","source":"ODHF"}},{"type":"Feature","geometry":{"type":"Point","coordinates":[-73.45370799999999,46.040318]},"properties":{"name":"GROUPE DE M\u00c9DECINE DE FAMILLE UNIVERSITAIRE DE SAINT-CHARLES-BORROM\u00c9E","address":"50  chemin du golf ouest","city":"saint-charles-borrom\u00e9e","region":"qc","country":"CA","type":"Hospitals","beds":null,"trauma":"","helipad":"","tier":"limited","source":"ODHF"}},{"type":"Feature","geometry":{"type":"Point","coordinates":[-73.630634,45.495761]},"properties":{"name":"H\u00d4PITAL G\u00c9N\u00c9RAL JUIF","address":"4335  chemin de la c\u00f4te-sainte-catherin","city":"montr\u00e9al","region":"qc","country":"CA","type":"Hospitals","beds":null,"trauma":"","helipad":"","tier":"standard","source":"ODHF"}},{"type":"Feature","geometry":{"type":"Point","coordinates":[-73.626124,45.501148]},"properties":{"name":"CENTRE HOSPITALIER UNIVERSITAIRE SAINTE-JUSTINE","address":"5757  avenue decelles","city":"montr\u00e9al","region":"qc","country":"CA","type":"Hospitals","beds":null,"trauma":"","helipad":"","tier":"major","source":"ODHF"}},{"type":"Feature","geometry":{"type":"Point","coordinates":[-73.527287,45.586219]},"properties":{"name":"PAVILLON FERNAND-S\u00c9GUIN","address":"7331  rue hochelaga","city":"montr\u00e9al","region":"qc","country":"CA","type":"Hospitals","beds":null,"trauma":"","helipad":"","tier":"standard","source":"ODHF"}},{"type":"Feature","geometry":{"type":"Point","coordinates":[-66.382832,50.211092]},"properties":{"name":"CENTRE MULTISERVICES DE SANT\u00c9 ET DE SERVICES SOCIAUX DE SEPT-\u00ceLES","address":"531  avenue gamache","city":"sept-\u00eeles","region":"qc","country":"CA","type":"Hospitals","beds":null,"trauma":"","helipad":"","tier":"standard","source":"ODHF"}},{"type":"Feature","geometry":{"type":"Point","coordinates":[-72.00498499999999,45.570842]},"properties":{"name":"CLSC - URGENCE-MINEURE - CENTRE D'H\u00c9BERGEMENT DE WINDSOR","address":"23  rue ambroise-dearden","city":"windsor","region":"qc","country":"CA","type":"Hospitals","beds":null,"trauma":"","helipad":"","tier":"limited","source":"ODHF"}},{"type":"Feature","geometry":{"type":"Point","coordinates":[-68.719667,47.88281]},"properties":{"name":"CLINIQUE MEDICALE DE SQUATEC","address":"149-B  rue saint-joseph","city":"saint-michel-du-squatec","region":"qc","country":"CA","type":"Hospitals","beds":null,"trauma":"","helipad":"","tier":"standard","source":"ODHF"}},{"type":"Feature","geometry":{"type":"Point","coordinates":[-67.419325,48.468477]},"properties":{"name":"H\u00d4PITAL D'AMQUI","address":"135  avenue ga\u00ebtan-archambault","city":"amqui","region":"qc","country":"CA","type":"Hospitals","beds":null,"trauma":"","helipad":"","tier":"standard","source":"ODHF"}},{"type":"Feature","geometry":{"type":"Point","coordinates":[-72.43628299999999,45.840984999999996]},"properties":{"name":"CENTRE DE SERVICES AMBULATOIRES DE DRUMMONDVILLE","address":"4534  boulevard saint-joseph","city":"drummondville","region":"qc","country":"CA","type":"Hospitals","beds":null,"trauma":"","helipad":"","tier":"limited","source":"ODHF"}},{"type":"Feature","geometry":{"type":"Point","coordinates":[-73.627307,45.498159]},"properties":{"name":"CLSC ET GROUPE DE M\u00c9DECINE DE FAMILLE UNIVERSITAIRE C\u00d4TE-DES-NEIGES","address":"5700  chemin de la c\u00f4te-des-neiges","city":"montr\u00e9al","region":"qc","country":"CA","type":"Hospitals","beds":null,"trauma":"","helipad":"","tier":"limited","source":"ODHF"}},{"type":"Feature","geometry":{"type":"Point","coordinates":[-73.581027,45.494557]},"properties":{"name":"CLSC ET GROUPE DE M\u00c9DECINE DE FAMILLE UNIVERSITAIRE M\u00c9TRO","address":"1801  boulevard de maisonneuve ouest","city":"montr\u00e9al","region":"qc","country":"CA","type":"Hospitals","beds":null,"trauma":"","helipad":"","tier":"limited","source":"ODHF"}},{"type":"Feature","geometry":{"type":"Point","coordinates":[-73.589922,45.585253]},"properties":{"name":"CLSC DE SAINT-L\u00c9ONARD","address":"5540  rue jarry est","city":"montr\u00e9al","region":"qc","country":"CA","type":"Hospitals","beds":null,"trauma":"","helipad":"","tier":"limited","source":"ODHF"}},{"type":"Feature","geometry":{"type":"Point","coordinates":[-73.540867,45.551349]},"properties":{"name":"CLSC DE HOCHELAGA-MAISONNEUVE","address":"4201  rue ontario est","city":"montr\u00e9al","region":"qc","country":"CA","type":"Hospitals","beds":null,"trauma":"","helipad":"","tier":"limited","source":"ODHF"}},{"type":"Feature","geometry":{"type":"Point","coordinates":[-73.547504,45.575021]},"properties":{"name":"CLSC OLIVIER-GUIMOND","address":"5810  rue sherbrooke est","city":"montr\u00e9al","region":"qc","country":"CA","type":"Hospitals","beds":null,"trauma":"","helipad":"","tier":"limited","source":"ODHF"}},{"type":"Feature","geometry":{"type":"Point","coordinates":[-73.493581,45.666433000000005]},"properties":{"name":"CLSC DE L'EST-DE-MONTR\u00c9AL","address":"13926  rue notre-dame est","city":"montr\u00e9al","region":"qc","country":"CA","type":"Hospitals","beds":null,"trauma":"","helipad":"","tier":"limited","source":"ODHF"}},{"type":"Feature","geometry":{"type":"Point","coordinates":[-70.151741,47.65619]},"properties":{"name":"H\u00d4PITAL DE LA MALBAIE","address":"303  rue saint-\u00e9tienne","city":"la malbaie","region":"qc","country":"CA","type":"Hospitals","beds":null,"trauma":"","helipad":"","tier":"standard","source":"ODHF"}},{"type":"Feature","geometry":{"type":"Point","coordinates":[-73.403274,45.492843]},"properties":{"name":"CLSC ET GROUPE DE M\u00c9DECINE DE FAMILLE UNIVERSITAIRE DE SAINT-HUBERT","address":"6800  boulevard cousineau","city":"longueuil","region":"qc","country":"CA","type":"Hospitals","beds":null,"trauma":"","helipad":"","tier":"limited","source":"ODHF"}},{"type":"Feature","geometry":{"type":"Point","coordinates":[-73.526628,45.611666]},"properties":{"name":"CLSC DE MERCIER-EST","address":"9503  rue sherbrooke est","city":"montr\u00e9al","region":"qc","country":"CA","type":"Hospitals","beds":null,"trauma":"","helipad":"","tier":"limited","source":"ODHF"}},{"type":"Feature","geometry":{"type":"Point","coordinates":[-73.558864,45.521116]},"properties":{"name":"CLSC DE LA VISITATION ET GROUPE DE M\u00c9DECINE DE FAMILLE UNIVERSITAIRE DES FAUBOURGS","address":"1705  rue de la visitation","city":"montr\u00e9al","region":"qc","country":"CA","type":"Hospitals","beds":null,"trauma":"","helipad":"","tier":"limited","source":"ODHF"}},{"type":"Feature","geometry":{"type":"Point","coordinates":[-72.744274,46.524396]},"properties":{"name":"GROUPE DE M\u00c9DECINE DE FAMILLE UNIVERSITAIRE DE SHAWINIGAN-SUD","address":"80  118e rue","city":"shawinigan","region":"qc","country":"CA","type":"Hospitals","beds":null,"trauma":"","helipad":"","tier":"limited","source":"ODHF"}},{"type":"Feature","geometry":{"type":"Point","coordinates":[-73.608292,45.565598]},"properties":{"name":"CLSC DE SAINT-MICHEL","address":"3355  rue jarry est","city":"montr\u00e9al","region":"qc","country":"CA","type":"Hospitals","beds":null,"trauma":"","helipad":"","tier":"limited","source":"ODHF"}},{"type":"Feature","geometry":{"type":"Point","coordinates":[-73.562078,45.542519]},"properties":{"name":"CLSC DE ROSEMONT","address":"2909  rue rachel est","city":"montr\u00e9al","region":"qc","country":"CA","type":"Hospitals","beds":null,"trauma":"","helipad":"","tier":"limited","source":"ODHF"}},{"type":"Feature","geometry":{"type":"Point","coordinates":[-75.688671,45.493306]},"properties":{"name":"GROUPE DE M\u00c9DECINE DE FAMILLE UNIVERSITAIRE ET CENTRE DE SERVICES AMBULATOIRES EN P\u00c9DIATRIE DE L\u0092OUTAOUAIS","address":"500  boulevard de l'h\u00f4pital","city":"gatineau","region":"qc","country":"CA","type":"Hospitals","beds":null,"trauma":"","helipad":"","tier":"limited","source":"ODHF"}},{"type":"Feature","geometry":{"type":"Point","coordinates":[-74.339578,45.652514000000004]},"properties":{"name":"CLSC ET CENTRE DE SERVICES AMBULATOIRES EN P\u00c9DOPSYCHIATRIE DE LA RUE MARY","address":"189  rue mary","city":"lachute","region":"qc","country":"CA","type":"Hospitals","beds":null,"trauma":"","helipad":"","tier":"limited","source":"ODHF"}},{"type":"Feature","geometry":{"type":"Point","coordinates":[-73.562663,45.510483]},"properties":{"name":"CLSC SAINTE-CATHERINE ET GROUPE DE M\u00c9DECINE DE FAMILLE UNIVERSITAIRE DES FAUBOURGS","address":"66  rue sainte-catherine est","city":"montr\u00e9al","region":"qc","country":"CA","type":"Hospitals","beds":null,"trauma":"","helipad":"","tier":"limited","source":"ODHF"}},{"type":"Feature","geometry":{"type":"Point","coordinates":[-71.89649399999999,45.38997]},"properties":{"name":"CLSC ET CENTRE DE SERVICES AMBULATOIRES BELV\u00c9D\u00c8RE","address":"1095  belv\u00e9d\u00e8re sud","city":"sherbrooke","region":"qc","country":"CA","type":"Hospitals","beds":null,"trauma":"","helipad":"","tier":"limited","source":"ODHF"}},{"type":"Feature","geometry":{"type":"Point","coordinates":[-75.740641,45.424847]},"properties":{"name":"H\u00d4PITAL DE JOUR - PAVILLON MARCEL D'AMOUR","address":"30  rue pharand","city":"gatineau","region":"qc","country":"CA","type":"Hospitals","beds":null,"trauma":"","helipad":"","tier":"standard","source":"ODHF"}},{"type":"Feature","geometry":{"type":"Point","coordinates":[-73.560069,45.531013]},"properties":{"name":"CLSC PARTHENAIS ET GROUPE DE M\u00c9DECINE DE FAMILLE UNIVERSITAIRE DES FAUBOURGS","address":"2260  rue parthenais","city":"montr\u00e9al","region":"qc","country":"CA","type":"Hospitals","beds":null,"trauma":"","helipad":"","tier":"limited","source":"ODHF"}},{"type":"Feature","geometry":{"type":"Point","coordinates":[-71.218317,46.843684]},"properties":{"name":"CLSC ET GROUPE DE M\u00c9DECINE DE FAMILLE UNIVERSITAIRE DE MAIZERETS","address":"2480  chemin de la canardi\u00e8re","city":"qu\u00e9bec","region":"qc","country":"CA","type":"Hospitals","beds":null,"trauma":"","helipad":"","tier":"limited","source":"ODHF"}},{"type":"Feature","geometry":{"type":"Point","coordinates":[-71.858418,45.369833]},"properties":{"name":"CLSC ET GROUPE DE M\u00c9DECINE DE FAMILLE UNIVERSITAIRE SPEID","address":"8  rue speid","city":"sherbrooke","region":"qc","country":"CA","type":"Hospitals","beds":null,"trauma":"","helipad":"","tier":"limited","source":"ODHF"}},{"type":"Feature","geometry":{"type":"Point","coordinates":[-73.554179,45.568953]},"properties":{"name":"CLSC DU VILLAGE-OLYMPIQUE","address":"5199  rue sherbrooke est","city":"montr\u00e9al","region":"qc","country":"CA","type":"Hospitals","beds":null,"trauma":"","helipad":"","tier":"limited","source":"ODHF"}},{"type":"Feature","geometry":{"type":"Point","coordinates":[-73.68934200000001,45.540815]},"properties":{"name":"CLSC ET GROUPE DE M\u00c9DECINE DE FAMILLE UNIVERSITAIRE BORDEAUX-CARTIERVILLE","address":"11822  avenue du bois-de-boulogne","city":"montr\u00e9al","region":"qc","country":"CA","type":"Hospitals","beds":null,"trauma":"","helipad":"","tier":"limited","source":"ODHF"}},{"type":"Feature","geometry":{"type":"Point","coordinates":[-73.654072,45.548516]},"properties":{"name":"CENTRE DE SERVICES AMBULATOIRES ET MAISON DE NAISSANCE LOUVAIN","address":"9600  rue saint-denis","city":"montr\u00e9al","region":"qc","country":"CA","type":"Hospitals","beds":null,"trauma":"","helipad":"","tier":"limited","source":"ODHF"}},{"type":"Feature","geometry":{"type":"Point","coordinates":[-71.220504,46.847669]},"properties":{"name":"INSTITUT UNIVERSITAIRE EN SANT\u00c9 MENTALE DE QU\u00c9BEC","address":"2601  chemin de la canardi\u00e8re","city":"qu\u00e9bec","region":"qc","country":"CA","type":"Hospitals","beds":null,"trauma":"","helipad":"","tier":"limited","source":"ODHF"}},{"type":"Feature","geometry":{"type":"Point","coordinates":[-73.52904699999999,45.588619]},"properties":{"name":"H\u00d4PITAL DE SOINS PSYCHIATRIQUES DE L'EST-DE-MONTR\u00c9AL","address":"7401  rue hochelaga","city":"montr\u00e9al","region":"qc","country":"CA","type":"Hospitals","beds":null,"trauma":"","helipad":"","tier":"limited","source":"ODHF"}},{"type":"Feature","geometry":{"type":"Point","coordinates":[-71.23513100000001,48.413598]},"properties":{"name":"H\u00d4PITAL ET CENTRE DE R\u00c9ADAPTATION DE JONQUI\u00c8RE","address":"2230  rue de l'h\u00f4pital","city":"saguenay","region":"qc","country":"CA","type":"Hospitals","beds":null,"trauma":"","helipad":"","tier":"limited","source":"ODHF"}},{"type":"Feature","geometry":{"type":"Point","coordinates":[-79.02063000000001,48.243843]},"properties":{"name":"CENTRE MULTISERVICES DE SANT\u00c9 ET DE SERVICES SOCIAUX DE ROUYN-NORANDA","address":"3  9e rue","city":"rouyn-noranda","region":"qc","country":"CA","type":"Hospitals","beds":null,"trauma":"","helipad":"","tier":"standard","source":"ODHF"}},{"type":"Feature","geometry":{"type":"Point","coordinates":[-75.750888,45.451014]},"properties":{"name":"CENTRE DE SERVICES AMBULATOIRES CORBEIL","address":"63  rue corbeil","city":"gatineau","region":"qc","country":"CA","type":"Hospitals","beds":null,"trauma":"","helipad":"","tier":"limited","source":"ODHF"}},{"type":"Feature","geometry":{"type":"Point","coordinates":[-73.457012,46.039277]},"properties":{"name":"H\u00d4PITAL DE LANAUDI\u00c8RE ET CENTRE D'H\u00c9BERGEMENT PARPHILIA-FERLAND","address":"1000  boulevard sainte-anne","city":"saint-charles-borrom\u00e9e","region":"qc","country":"CA","type":"Hospitals","beds":null,"trauma":"","helipad":"","tier":"limited","source":"ODHF"}},{"type":"Feature","geometry":{"type":"Point","coordinates":[-71.25935600000001,46.725358]},"properties":{"name":"CENTRE MULTISERVICES DE SANT\u00c9 ET DE SERVICES SOCIAUX PAUL-GILBERT","address":"9330  boulevard du centre-hospitalier","city":"l\u00e9vis","region":"qc","country":"CA","type":"Hospitals","beds":null,"trauma":"","helipad":"","tier":"standard","source":"ODHF"}},{"type":"Feature","geometry":{"type":"Point","coordinates":[-72.950032,45.62572]},"properties":{"name":"CENTRE D'H\u00c9BERGEMENT DE L'H\u00d4TEL-DIEU-DE-SAINT-HYACINTHE","address":"1800  rue dessaulles","city":"saint-hyacinthe","region":"qc","country":"CA","type":"Hospitals","beds":null,"trauma":"","helipad":"","tier":"limited","source":"ODHF"}},{"type":"Feature","geometry":{"type":"Point","coordinates":[-73.62880600000001,45.497811]},"properties":{"name":"H\u00d4PITAL G\u00c9N\u00c9RAL JUIF","address":"3755  chemin de la c\u00f4te-sainte-catherin","city":"montr\u00e9al","region":"qc","country":"CA","type":"Hospitals","beds":null,"trauma":"","helipad":"","tier":"standard","source":"ODHF"}},{"type":"Feature","geometry":{"type":"Point","coordinates":[-73.624505,45.495296]},"properties":{"name":"CENTRE HOSPITALIER DE ST. MARY","address":"3830  avenue lacombe","city":"montr\u00e9al","region":"qc","country":"CA","type":"Hospitals","beds":null,"trauma":"","helipad":"","tier":"standard","source":"ODHF"}},{"type":"Feature","geometry":{"type":"Point","coordinates":[-73.65734499999999,45.473842]},"properties":{"name":"H\u00d4PITAL MONT SINA\u00cf","address":"5690  boulevard cavendish","city":"c\u00f4te-saint-luc","region":"qc","country":"CA","type":"Hospitals","beds":null,"trauma":"","helipad":"","tier":"standard","source":"ODHF"}},{"type":"Feature","geometry":{"type":"Point","coordinates":[-73.623817,45.491031]},"properties":{"name":"INSTITUT UNIVERSITAIRE DE G\u00c9RIATRIE DE MONTR\u00c9AL","address":"4565  chemin queen-mary","city":"montr\u00e9al","region":"qc","country":"CA","type":"Hospitals","beds":null,"trauma":"","helipad":"","tier":"standard","source":"ODHF"}},{"type":"Feature","geometry":{"type":"Point","coordinates":[-71.8951,45.390667]},"properties":{"name":"H\u00d4PITAL ET CHSLD D'YOUVILLE","address":"1036  rue belv\u00e9d\u00e8re sud","city":"sherbrooke","region":"qc","country":"CA","type":"Hospitals","beds":null,"trauma":"","helipad":"","tier":"standard","source":"ODHF"}},{"type":"Feature","geometry":{"type":"Point","coordinates":[-73.486423,45.497265999999996]},"properties":{"name":"H\u00d4PITAL CHARLES-LE MOYNE","address":"3120  boulevard taschereau","city":"longueuil","region":"qc","country":"CA","type":"Hospitals","beds":null,"trauma":"","helipad":"","tier":"standard","source":"ODHF"}},{"type":"Feature","geometry":{"type":"Point","coordinates":[-73.503619,45.498311]},"properties":{"name":"CENTRE DE SERVICES POUR LES A\u00ceN\u00c9S DE SAINT-LAMBERT","address":"831  avenue notre-dame","city":"saint-lambert","region":"qc","country":"CA","type":"Hospitals","beds":null,"trauma":"","helipad":"","tier":"standard","source":"ODHF"}},{"type":"Feature","geometry":{"type":"Point","coordinates":[-72.239367,48.885835]},"properties":{"name":"H\u00d4PITAL DE DOLBEAU-MISTASSINI","address":"2000  boulevard sacr\u00e9-coeur","city":"dolbeau-mistassini","region":"qc","country":"CA","type":"Hospitals","beds":null,"trauma":"","helipad":"","tier":"standard","source":"ODHF"}},{"type":"Feature","geometry":{"type":"Point","coordinates":[-76.484009,45.605968]},"properties":{"name":"H\u00d4PITAL ET CHSLD DU PONTIAC","address":"200  rue argue","city":"shawville","region":"qc","country":"CA","type":"Hospitals","beds":null,"trauma":"","helipad":"","tier":"standard","source":"ODHF"}},{"type":"Feature","geometry":{"type":"Point","coordinates":[-72.74714499999999,46.553033]},"properties":{"name":"H\u00d4PITAL ET CENTRE D'H\u00c9BERGEMENT EN SANT\u00c9 MENTALE DE LA MAURICIE-ET-DU-CENTRE-DU-QU\u00c9BEC","address":"1705  avenue georges","city":"shawinigan","region":"qc","country":"CA","type":"Hospitals","beds":null,"trauma":"","helipad":"","tier":"limited","source":"ODHF"}},{"type":"Feature","geometry":{"type":"Point","coordinates":[-73.57194399999999,45.509456]},"properties":{"name":"CENTRE D'H\u00c9BERGEMENT DU MANOIR-DE-L'\u00c2GE-D'OR","address":"3430  rue jeanne-mance","city":"montr\u00e9al","region":"qc","country":"CA","type":"Hospitals","beds":null,"trauma":"","helipad":"","tier":"limited","source":"ODHF"}},{"type":"Feature","geometry":{"type":"Point","coordinates":[-64.492379,48.837317999999996]},"properties":{"name":"CENTRE D'H\u00c9BERGEMENT MGR-ROSS DE GASP\u00c9","address":"150  rue monseigneur-ross","city":"gasp\u00e9","region":"qc","country":"CA","type":"Hospitals","beds":null,"trauma":"","helipad":"","tier":"limited","source":"ODHF"}},{"type":"Feature","geometry":{"type":"Point","coordinates":[-70.883162,48.343909000000004]},"properties":{"name":"H\u00d4PITAL DE LA BAIE","address":"1000  rue du docteur-desgagn\u00e9","city":"saguenay","region":"qc","country":"CA","type":"Hospitals","beds":null,"trauma":"","helipad":"","tier":"standard","source":"ODHF"}},{"type":"Feature","geometry":{"type":"Point","coordinates":[-66.482453,49.118829999999996]},"properties":{"name":"H\u00d4PITAL DE SAINTE-ANNE-DES-MONTS","address":"50  rue du belv\u00e9d\u00e8re","city":"sainte-anne-des-monts","region":"qc","country":"CA","type":"Hospitals","beds":null,"trauma":"","helipad":"","tier":"standard","source":"ODHF"}},{"type":"Feature","geometry":{"type":"Point","coordinates":[-73.558801,45.542654]},"properties":{"name":"CENTRE D'H\u00c9BERGEMENT J.-HENRI-CHARBONNEAU","address":"3095  rue sherbrooke est","city":"montr\u00e9al","region":"qc","country":"CA","type":"Hospitals","beds":null,"trauma":"","helipad":"","tier":"limited","source":"ODHF"}},{"type":"Feature","geometry":{"type":"Point","coordinates":[-73.62337099999999,45.420839]},"properties":{"name":"H\u00d4PITAL DE LASALLE","address":"8585  terrasse champlain","city":"montr\u00e9al","region":"qc","country":"CA","type":"Hospitals","beds":null,"trauma":"","helipad":"","tier":"standard","source":"ODHF"}},{"type":"Feature","geometry":{"type":"Point","coordinates":[-71.225495,46.837203]},"properties":{"name":"H\u00d4PITAL DE L'ENFANT-J\u00c9SUS","address":"1401  18e rue","city":"qu\u00e9bec","region":"qc","country":"CA","type":"Hospitals","beds":null,"trauma":"","helipad":"","tier":"standard","source":"ODHF"}},{"type":"Feature","geometry":{"type":"Point","coordinates":[-74.288947,46.055170000000004]},"properties":{"name":"H\u00d4PITAL LAURENTIEN","address":"234  rue saint-vincent","city":"sainte-agathe-des-monts","region":"qc","country":"CA","type":"Hospitals","beds":null,"trauma":"","helipad":"","tier":"standard","source":"ODHF"}},{"type":"Feature","geometry":{"type":"Point","coordinates":[-71.915088,45.404241999999996]},"properties":{"name":"H\u00d4PITAL ET CHSLD ARGYLL","address":"375  rue argyll","city":"sherbrooke","region":"qc","country":"CA","type":"Hospitals","beds":null,"trauma":"","helipad":"","tier":"standard","source":"ODHF"}},{"type":"Feature","geometry":{"type":"Point","coordinates":[-64.67168000000001,48.354822999999996]},"properties":{"name":"H\u00d4PITAL DE CHANDLER","address":"451  rue monseigneur-ross est","city":"chandler","region":"qc","country":"CA","type":"Hospitals","beds":null,"trauma":"","helipad":"","tier":"standard","source":"ODHF"}},{"type":"Feature","geometry":{"type":"Point","coordinates":[-68.530496,48.447043]},"properties":{"name":"H\u00d4PITAL R\u00c9GIONAL DE RIMOUSKI","address":"150  avenue rouleau","city":"rimouski","region":"qc","country":"CA","type":"Hospitals","beds":null,"trauma":"","helipad":"","tier":"standard","source":"ODHF"}},{"type":"Feature","geometry":{"type":"Point","coordinates":[-72.72295600000001,45.410592]},"properties":{"name":"H\u00d4PITAL DE GRANBY","address":"205  boulevard leclerc ouest","city":"granby","region":"qc","country":"CA","type":"Hospitals","beds":null,"trauma":"","helipad":"","tier":"standard","source":"ODHF"}},{"type":"Feature","geometry":{"type":"Point","coordinates":[-72.218987,48.507731]},"properties":{"name":"H\u00d4PITAL ET CENTRE D'H\u00c9BERGEMENT DE ROBERVAL","address":"450  rue brassard","city":"roberval","region":"qc","country":"CA","type":"Hospitals","beds":null,"trauma":"","helipad":"","tier":"limited","source":"ODHF"}},{"type":"Feature","geometry":{"type":"Point","coordinates":[-73.687656,45.547601]},"properties":{"name":"CENTRE D'H\u00c9BERGEMENT NOTRE-DAME-DE-LA-MERCI","address":"555  boulevard gouin ouest","city":"montr\u00e9al","region":"qc","country":"CA","type":"Hospitals","beds":null,"trauma":"","helipad":"","tier":"limited","source":"ODHF"}},{"type":"Feature","geometry":{"type":"Point","coordinates":[-75.932482,45.648575]},"properties":{"name":"H\u00d4PITAL ET CHSLD M\u00c9MORIAL DE WAKEFIELD / WAKEFIELD MEMORIAL HOSPITAL","address":"101  chemin burnside","city":"la p\u00eache","region":"qc","country":"CA","type":"Hospitals","beds":null,"trauma":"","helipad":"","tier":"standard","source":"ODHF"}},{"type":"Feature","geometry":{"type":"Point","coordinates":[-75.41148100000001,45.588572]},"properties":{"name":"H\u00d4PITAL ET CHSLD DE PAPINEAU","address":"155  rue maclaren est","city":"gatineau","region":"qc","country":"CA","type":"Hospitals","beds":null,"trauma":"","helipad":"","tier":"standard","source":"ODHF"}},{"type":"Feature","geometry":{"type":"Point","coordinates":[-75.73993,45.425294]},"properties":{"name":"H\u00d4PITAL EN SANT\u00c9 MENTALE PIERRE-JANET","address":"20  rue pharand","city":"gatineau","region":"qc","country":"CA","type":"Hospitals","beds":null,"trauma":"","helipad":"","tier":"limited","source":"ODHF"}},{"type":"Feature","geometry":{"type":"Point","coordinates":[-79.019318,48.243809000000006]},"properties":{"name":"H\u00d4PITAL DE ROUYN-NORANDA","address":"4  9e rue","city":"rouyn-noranda","region":"qc","country":"CA","type":"Hospitals","beds":null,"trauma":"","helipad":"","tier":"standard","source":"ODHF"}},{"type":"Feature","geometry":{"type":"Point","coordinates":[-72.714415,45.207084]},"properties":{"name":"H\u00d4PITAL BROME-MISSISQUOI-PERKINS","address":"950  rue principale","city":"cowansville","region":"qc","country":"CA","type":"Hospitals","beds":null,"trauma":"","helipad":"","tier":"standard","source":"ODHF"}},{"type":"Feature","geometry":{"type":"Point","coordinates":[-72.959476,45.634833]},"properties":{"name":"H\u00d4PITAL HONOR\u00c9-MERCIER","address":"2750  boulevard laframboise","city":"saint-hyacinthe","region":"qc","country":"CA","type":"Hospitals","beds":null,"trauma":"","helipad":"","tier":"standard","source":"ODHF"}},{"type":"Feature","geometry":{"type":"Point","coordinates":[-71.253086,46.796649]},"properties":{"name":"H\u00d4PITAL JEFFERY HALE","address":"1250  chemin sainte-foy","city":"qu\u00e9bec","region":"qc","country":"CA","type":"Hospitals","beds":null,"trauma":"","helipad":"","tier":"standard","source":"ODHF"}},{"type":"Feature","geometry":{"type":"Point","coordinates":[-73.459423,45.53539]},"properties":{"name":"CENTRE D'H\u00c9BERGEMENT DU MANOIR-TRINIT\u00c9","address":"1275  boulevard jacques-cartier est","city":"longueuil","region":"qc","country":"CA","type":"Hospitals","beds":null,"trauma":"","helipad":"","tier":"limited","source":"ODHF"}},{"type":"Feature","geometry":{"type":"Point","coordinates":[-73.562116,45.577463]},"properties":{"name":"PAVILLON ROSEMONT","address":"5689  boulevard rosemont","city":"montr\u00e9al","region":"qc","country":"CA","type":"Hospitals","beds":null,"trauma":"","helipad":"","tier":"standard","source":"ODHF"}},{"type":"Feature","geometry":{"type":"Point","coordinates":[-73.94874300000001,45.412428000000006]},"properties":{"name":"H\u00d4PITAL SAINTE-ANNE","address":"305  boulevard des anciens-combattants","city":"sainte-anne-de-bellevue","region":"qc","country":"CA","type":"Hospitals","beds":null,"trauma":"","helipad":"","tier":"standard","source":"ODHF"}},{"type":"Feature","geometry":{"type":"Point","coordinates":[-73.682869,45.415478]},"properties":{"name":"CENTRE HOSPITALIER KATERI MEMORIAL TEHSAKOTITSEN : THA","address":"","city":"kahnawake","region":"qc","country":"CA","type":"Hospitals","beds":null,"trauma":"","helipad":"","tier":"standard","source":"ODHF"}},{"type":"Feature","geometry":{"type":"Point","coordinates":[-69.539923,47.818478999999996]},"properties":{"name":"CENTRE HOSPITALIER R\u00c9GIONAL DU GRAND-PORTAGE","address":"75  rue saint-henri","city":"rivi\u00e8re-du-loup","region":"qc","country":"CA","type":"Hospitals","beds":null,"trauma":"","helipad":"","tier":"major","source":"ODHF"}},{"type":"Feature","geometry":{"type":"Point","coordinates":[-73.635565,45.463935]},"properties":{"name":"H\u00d4PITAL CATHERINE-BOOTH","address":"4375  avenue montclair","city":"montr\u00e9al","region":"qc","country":"CA","type":"Hospitals","beds":null,"trauma":"","helipad":"","tier":"standard","source":"ODHF"}},{"type":"Feature","geometry":{"type":"Point","coordinates":[-73.624943,45.503155]},"properties":{"name":"CHU SAINTE-JUSTINE","address":"3175  chemin de la c\u00f4te-sainte-catherin","city":"montr\u00e9al","region":"qc","country":"CA","type":"Hospitals","beds":null,"trauma":"","helipad":"","tier":"standard","source":"ODHF"}},{"type":"Feature","geometry":{"type":"Point","coordinates":[-77.79683299999999,48.096081]},"properties":{"name":"H\u00d4PITAL ET CENTRE DE R\u00c9ADAPTATION EN D\u00c9PENDANCE DE VAL-D'OR","address":"725  6e rue","city":"val-d'or","region":"qc","country":"CA","type":"Hospitals","beds":null,"trauma":"","helipad":"","tier":"limited","source":"ODHF"}},{"type":"Feature","geometry":{"type":"Point","coordinates":[-73.628776,45.508074]},"properties":{"name":"INSTITUT DE R\u00c9ADAPTATION DE MONTR\u00c9AL","address":"6300  avenue darlington","city":"montr\u00e9al","region":"qc","country":"CA","type":"Hospitals","beds":null,"trauma":"","helipad":"","tier":"limited","source":"ODHF"}},{"type":"Feature","geometry":{"type":"Point","coordinates":[-73.263707,45.311353000000004]},"properties":{"name":"CENTRE DE SERVICES AMBULATOIRES ET INSTITUT NAZARETH ET LOUIS-BRAILLE DU S\u00c9MINAIRE NORD","address":"383  boulevard du s\u00e9minaire nord","city":"saint-jean-sur-richelieu","region":"qc","country":"CA","type":"Hospitals","beds":null,"trauma":"","helipad":"","tier":"limited","source":"ODHF"}},{"type":"Feature","geometry":{"type":"Point","coordinates":[-73.51979,45.526375]},"properties":{"name":"CENTRE DE SERVICES AMBULATOIRES ET INSTITUT NAZARETH ET LOUIS-BRAILLE SAINT-CHARLES OUEST","address":"1111  rue saint-charles ouest","city":"longueuil","region":"qc","country":"CA","type":"Hospitals","beds":null,"trauma":"","helipad":"","tier":"limited","source":"ODHF"}},{"type":"Feature","geometry":{"type":"Point","coordinates":[-70.596699,46.976408]},"properties":{"name":"H\u00d4PITAL ET CENTRE DE R\u00c9ADAPTATION EN D\u00c9FICIENCE PHYSIQUE DE MONTMAGNY","address":"350  boulevard tach\u00e9 ouest","city":"montmagny","region":"qc","country":"CA","type":"Hospitals","beds":null,"trauma":"","helipad":"","tier":"limited","source":"ODHF"}},{"type":"Feature","geometry":{"type":"Point","coordinates":[-71.278245,46.109613]},"properties":{"name":"H\u00d4PITAL ET CENTRE DE R\u00c9ADAPTATION EN D\u00c9FICIENCE PHYSIQUE DE THETFORD MINES","address":"1717  rue notre-dame est","city":"thetford mines","region":"qc","country":"CA","type":"Hospitals","beds":null,"trauma":"","helipad":"","tier":"limited","source":"ODHF"}},{"type":"Feature","geometry":{"type":"Point","coordinates":[-71.91927599,45.38579923]},"properties":{"name":"UNIT\u00c9 DE CONFINEMENT COMMUNAUTAIRE","address":"1820  rue galt ouest","city":"sherbrooke","region":"qc","country":"CA","type":"Hospitals","beds":null,"trauma":"","helipad":"","tier":"standard","source":"ODHF"}},{"type":"Feature","geometry":{"type":"Point","coordinates":[-73.71384599999999,45.529865]},"properties":{"name":"CENTRE DE SERVICES AMBULATOIRES EN G\u00c9RONTOPSYCHIATRIE GRENET","address":"12085  rue grenet","city":"montr\u00e9al","region":"qc","country":"CA","type":"Hospitals","beds":null,"trauma":"","helipad":"","tier":"limited","source":"ODHF"}},{"type":"Feature","geometry":{"type":"Point","coordinates":[-71.239125,46.812109]},"properties":{"name":"CENTRE DE SERVICES AMBULATOIRES EN SANT\u00c9 MENTALE SAINT-VALLIER","address":"388  rue saint-vallier ouest","city":"qu\u00e9bec","region":"qc","country":"CA","type":"Hospitals","beds":null,"trauma":"","helipad":"","tier":"limited","source":"ODHF"}},{"type":"Feature","geometry":{"type":"Point","coordinates":[-71.294723,46.778594]},"properties":{"name":"GROUPE DE M\u00c9DECINE DE FAMILLE UNIVERSITAIRE QUATRE-BOURGEOIS","address":"2690  chemin des quatre-bourgeois","city":"qu\u00e9bec","region":"qc","country":"CA","type":"Hospitals","beds":null,"trauma":"","helipad":"","tier":"limited","source":"ODHF"}},{"type":"Feature","geometry":{"type":"Point","coordinates":[-73.764139,45.344176000000004]},"properties":{"name":"CENTRE DE SERVICES AMBULATOIRES ET GROUPE DE M\u00c9DECINE DE FAMILLE UNIVERSITAIRE JARDINS-ROUSSILLON","address":"230  boulevard brisebois","city":"ch\u00e2teauguay","region":"qc","country":"CA","type":"Hospitals","beds":null,"trauma":"","helipad":"","tier":"limited","source":"ODHF"}},{"type":"Feature","geometry":{"type":"Point","coordinates":[-72.481981,45.87618]},"properties":{"name":"GROUPE DE M\u00c9DECINE DE FAMILLE UNIVERSITAIRE DE DRUMMONDVILLE","address":"555  rue berol","city":"drummondville","region":"qc","country":"CA","type":"Hospitals","beds":null,"trauma":"","helipad":"","tier":"limited","source":"ODHF"}},{"type":"Feature","geometry":{"type":"Point","coordinates":[-73.600886,45.473377]},"properties":{"name":"SITE GLEN","address":"1001  rue d\u00e9carie","city":"montr\u00e9al","region":"qc","country":"CA","type":"Hospitals","beds":null,"trauma":"","helipad":"","tier":"standard","source":"ODHF"}},{"type":"Feature","geometry":{"type":"Point","coordinates":[-73.604551,45.473392]},"properties":{"name":"CENTRE DE SERVICES AMBULATOIRES DE MAISONNEUVE","address":"5252  boulevard de maisonneuve","city":"montr\u00e9al","region":"qc","country":"CA","type":"Hospitals","beds":null,"trauma":"","helipad":"","tier":"limited","source":"ODHF"}},{"type":"Feature","geometry":{"type":"Point","coordinates":[-73.596368,45.527525]},"properties":{"name":"CENTRE DE SERVICES AMBULATOIRES DE DIALYSE DE LA RUE DE GASP\u00c9","address":"5455  avenue de gasp\u00e9","city":"montr\u00e9al","region":"qc","country":"CA","type":"Hospitals","beds":null,"trauma":"","helipad":"","tier":"limited","source":"ODHF"}},{"type":"Feature","geometry":{"type":"Point","coordinates":[-72.753468,45.191278000000004]},"properties":{"name":"GROUPE DE M\u00c9DECINE DE FAMILLE UNIVERSITAIRE LA POMMERAIE","address":"1599  rue du sud","city":"cowansville","region":"qc","country":"CA","type":"Hospitals","beds":null,"trauma":"","helipad":"","tier":"limited","source":"ODHF"}},{"type":"Feature","geometry":{"type":"Point","coordinates":[-73.602,45.471773999999996]},"properties":{"name":"H\u00d4PITAL SHRINERS POUR ENFANTS (QU\u00c9BEC)","address":"1003  boulevard d\u00e9carie","city":"montr\u00e9al","region":"qc","country":"CA","type":"Hospitals","beds":null,"trauma":"","helipad":"","tier":"standard","source":"ODHF"}},{"type":"Feature","geometry":{"type":"Point","coordinates":[-73.67972900000001,45.537592]},"properties":{"name":"CENTRE DE SERVICES AMBULATOIRES BOIS-DE-BOULOGNE","address":"1575  boulevard henri-bourassa ouest","city":"montr\u00e9al","region":"qc","country":"CA","type":"Hospitals","beds":null,"trauma":"","helipad":"","tier":"limited","source":"ODHF"}},{"type":"Feature","geometry":{"type":"Point","coordinates":[-73.562554,45.530985]},"properties":{"name":"GROUPE DE M\u00c9DECINE DE FAMILLE UNIVERSITAIRE NOTRE-DAME","address":"2120  rue sherbrooke est","city":"montr\u00e9al","region":"qc","country":"CA","type":"Hospitals","beds":null,"trauma":"","helipad":"","tier":"limited","source":"ODHF"}},{"type":"Feature","geometry":{"type":"Point","coordinates":[-73.841581,45.638023]},"properties":{"name":"CENTRE DE SERVICES AMBULATOIRES EN SANT\u00c9 MENTALE DE SAINTE-TH\u00c9R\u00c8SE","address":"55  rue saint-joseph","city":"sainte-th\u00e9r\u00e8se","region":"qc","country":"CA","type":"Hospitals","beds":null,"trauma":"","helipad":"","tier":"limited","source":"ODHF"}},{"type":"Feature","geometry":{"type":"Point","coordinates":[-69.281334,47.489759]},"properties":{"name":"CLSC DE POHENEGAMOOK","address":"1922  rue saint-vallier","city":"poh\u00e9n\u00e9gamook","region":"qc","country":"CA","type":"Hospitals","beds":null,"trauma":"","helipad":"","tier":"limited","source":"ODHF"}},{"type":"Feature","geometry":{"type":"Point","coordinates":[-73.88789200000001,45.568803]},"properties":{"name":"CENTRE DE SERVICES AMBULATOIRES EN SANT\u00c9 MENTALE DE DEUX-MONTAGNES-MIRABEL-SUD","address":"111  rue saint-laurent","city":"saint-eustache","region":"qc","country":"CA","type":"Hospitals","beds":null,"trauma":"","helipad":"","tier":"limited","source":"ODHF"}},{"type":"Feature","geometry":{"type":"Point","coordinates":[-73.920792,45.570495]},"properties":{"name":"GROUPE DE M\u00c9DECINE DE FAMILLE UNIVERSITAIRE DE SAINT-EUSTACHE","address":"57  boulevard industriel","city":"saint-eustache","region":"qc","country":"CA","type":"Hospitals","beds":null,"trauma":"","helipad":"","tier":"limited","source":"ODHF"}},{"type":"Feature","geometry":{"type":"Point","coordinates":[-73.916223,45.571719]},"properties":{"name":"CENTRE DE SERVICES AMBULATOIRES DE DEUX-MONTAGNES-MIRABEL-SUD","address":"14  boulevard industriel","city":"saint-eustache","region":"qc","country":"CA","type":"Hospitals","beds":null,"trauma":"","helipad":"","tier":"limited","source":"ODHF"}},{"type":"Feature","geometry":{"type":"Point","coordinates":[-73.57171899999999,45.580138]},"properties":{"name":"H\u00d4PITAL SANTA CABRINI","address":"5655  rue saint-zotique est","city":"montr\u00e9al","region":"qc","country":"CA","type":"Hospitals","beds":null,"trauma":"","helipad":"","tier":"standard","source":"ODHF"}},{"type":"Feature","geometry":{"type":"Point","coordinates":[-71.263486,46.735394]},"properties":{"name":"GROUPE DE M\u00c9DECINE DE FAMILLE UNIVERSITAIRE DE L\u00c9VIS","address":"100-1205  boulevard guillaume-couture","city":"l\u00e9vis","region":"qc","country":"CA","type":"Hospitals","beds":null,"trauma":"","helipad":"","tier":"limited","source":"ODHF"}},{"type":"Feature","geometry":{"type":"Point","coordinates":[-73.71107099999999,45.52539]},"properties":{"name":"CENTRE DE SERVICES AMBULATOIRES JEAN-JACQUES-GAUTHIER","address":"11885  boulevard laurentien","city":"montr\u00e9al","region":"qc","country":"CA","type":"Hospitals","beds":null,"trauma":"","helipad":"","tier":"limited","source":"ODHF"}},{"type":"Feature","geometry":{"type":"Point","coordinates":[-72.960114,45.636793]},"properties":{"name":"GROUPE DE M\u00c9DECINE DE FAMILLE UNIVERSITAIRE RICHELIEU-YAMASKA","address":"1005  rue gauthier","city":"saint-hyacinthe","region":"qc","country":"CA","type":"Hospitals","beds":null,"trauma":"","helipad":"","tier":"limited","source":"ODHF"}},{"type":"Feature","geometry":{"type":"Point","coordinates":[-74.352065,45.661916999999995]},"properties":{"name":"CENTRE MULTISERVICES DE SANT\u00c9 ET DE SERVICES SOCIAUX D'ARGENTEUIL","address":"145  avenue de la providence","city":"lachute","region":"qc","country":"CA","type":"Hospitals","beds":null,"trauma":"","helipad":"","tier":"standard","source":"ODHF"}},{"type":"Feature","geometry":{"type":"Point","coordinates":[-73.67972900000001,45.537592]},"properties":{"name":"GROUPE DE M\u00c9DECINE DE FAMILLE UNIVERSITAIRE SACR\u00c9-C\u008cUR","address":"1575  boulevard henri-bourassa ouest","city":"montr\u00e9al","region":"qc","country":"CA","type":"Hospitals","beds":null,"trauma":"","helipad":"","tier":"limited","source":"ODHF"}},{"type":"Feature","geometry":{"type":"Point","coordinates":[-77.795626,48.095326]},"properties":{"name":"GROUPE DE M\u00c9DECINE DE FAMILLE UNIVERSITAIRE DE LA VALL\u00c9E-DE-L\u0092OR","address":"525  6e rue","city":"val-d'or","region":"qc","country":"CA","type":"Hospitals","beds":null,"trauma":"","helipad":"","tier":"limited","source":"ODHF"}},{"type":"Feature","geometry":{"type":"Point","coordinates":[-73.502877,45.493596000000004]},"properties":{"name":"CENTRE DE SERVICES AMBULATOIRES ET GROUPE DE M\u00c9DECINE DE FAMILLE UNIVERSITAIRE CHARLES-LE MOYNE","address":"299  boulevard sir-wilfrid-laurier","city":"saint-lambert","region":"qc","country":"CA","type":"Hospitals","beds":null,"trauma":"","helipad":"","tier":"limited","source":"ODHF"}},{"type":"Feature","geometry":{"type":"Point","coordinates":[-65.28675600000001,48.021953]},"properties":{"name":"CLSC DE PASPEBIAC","address":"273  boulevard g\u00e9rard-d.-levesque","city":"pasp\u00e9biac","region":"qc","country":"CA","type":"Hospitals","beds":null,"trauma":"","helipad":"","tier":"limited","source":"ODHF"}},{"type":"Feature","geometry":{"type":"Point","coordinates":[-73.284159,45.340041]},"properties":{"name":"CENTRE DE SERVICES AMBULATOIRES ET GROUPE DE M\u00c9DECINE DE FAMILLE UNIVERSITAIRE DE SAINT-JEAN-SUR-RICHELIEU","address":"1225  rue douglas","city":"saint-jean-sur-richelieu","region":"qc","country":"CA","type":"Hospitals","beds":null,"trauma":"","helipad":"","tier":"limited","source":"ODHF"}},{"type":"Feature","geometry":{"type":"Point","coordinates":[-73.623776,45.494995]},"properties":{"name":"GROUPE DE M\u00c9DECINE DE FAMILLE UNIVERSITAIRE ET CENTRE DE SERVICES AMBULATOIRES DE ST. MARY","address":"3777  rue jean-brillant","city":"montr\u00e9al","region":"qc","country":"CA","type":"Hospitals","beds":null,"trauma":"","helipad":"","tier":"limited","source":"ODHF"}},{"type":"Feature","geometry":{"type":"Point","coordinates":[-73.556331,45.511757]},"properties":{"name":"CENTRE HOSPITALIER DE L'UNIVERSIT\u00c9 DE MONTR\u00c9AL","address":"1000  rue saint-denis","city":"montr\u00e9al","region":"qc","country":"CA","type":"Hospitals","beds":null,"trauma":"","helipad":"","tier":"standard","source":"ODHF"}},{"type":"Feature","geometry":{"type":"Point","coordinates":[-73.56356,45.525358000000004]},"properties":{"name":"H\u00d4PITAL NOTRE-DAME","address":"1560  rue sherbrooke est","city":"montr\u00e9al","region":"qc","country":"CA","type":"Hospitals","beds":null,"trauma":"","helipad":"","tier":"standard","source":"ODHF"}},{"type":"Feature","geometry":{"type":"Point","coordinates":[-68.216178,48.572404]},"properties":{"name":"CENTRE DE SANT\u00c9 ET DE SERVICES SOCIAUX DE LA MITIS","address":"800  avenue du sanatorium","city":"mont-joli","region":"qc","country":"CA","type":"Hospitals","beds":null,"trauma":"","helipad":"","tier":"limited","source":"ODHF"}},{"type":"Feature","geometry":{"type":"Point","coordinates":[-73.558615,45.51112]},"properties":{"name":"PAVILLON \u00c9DOUARD-ASSELIN","address":"264  boulevard ren\u00e9-l\u00e9vesque est","city":"montr\u00e9al","region":"qc","country":"CA","type":"Hospitals","beds":null,"trauma":"","helipad":"","tier":"standard","source":"ODHF"}},{"type":"Feature","geometry":{"type":"Point","coordinates":[-73.55594599999999,45.510839000000004]},"properties":{"name":"CENTRE DE RECHERCHE DU CENTRE HOSPITALIER DE L'UNIVERSIT\u00c9 DE MONTR\u00c9AL","address":"900  rue saint-denis","city":"montr\u00e9al","region":"qc","country":"CA","type":"Hospitals","beds":null,"trauma":"","helipad":"","tier":"standard","source":"ODHF"}},{"type":"Feature","geometry":{"type":"Point","coordinates":[-73.520547,45.522746000000005]},"properties":{"name":"CENTRE DE SERVICES AMBULATOIRES EN SANT\u00c9 MENTALE DE LONGUEUIL","address":"1225  rue saint-charles ouest","city":"longueuil","region":"qc","country":"CA","type":"Hospitals","beds":null,"trauma":"","helipad":"","tier":"limited","source":"ODHF"}},{"type":"Feature","geometry":{"type":"Point","coordinates":[-73.93114,45.560744]},"properties":{"name":"CENTRE DE SERVICES AMBULATOIRES DE SAINT-EUSTACHE","address":"239  rue robinson","city":"saint-eustache","region":"qc","country":"CA","type":"Hospitals","beds":null,"trauma":"","helipad":"","tier":"limited","source":"ODHF"}},{"type":"Feature","geometry":{"type":"Point","coordinates":[-73.46582,45.481884]},"properties":{"name":"CENTRE DE SERVICES AMBULATOIRES DE GREENFIELD PARK","address":"5000  boulevard taschereau","city":"longueuil","region":"qc","country":"CA","type":"Hospitals","beds":null,"trauma":"","helipad":"","tier":"limited","source":"ODHF"}},{"type":"Feature","geometry":{"type":"Point","coordinates":[-73.868094,45.6416]},"properties":{"name":"CENTRE DE SERVICES AMBULATOIRES DE BOISBRIAND","address":"4800  rue ambroise-lafortune","city":"boisbriand","region":"qc","country":"CA","type":"Hospitals","beds":null,"trauma":"","helipad":"","tier":"limited","source":"ODHF"}},{"type":"Feature","geometry":{"type":"Point","coordinates":[-73.48730400000001,45.510476000000004]},"properties":{"name":"CENTRE DE SERVICES AMBULATOIRES DE LA RUE BEAUREGARD","address":"1255  rue beauregard","city":"longueuil","region":"qc","country":"CA","type":"Hospitals","beds":null,"trauma":"","helipad":"","tier":"limited","source":"ODHF"}},{"type":"Feature","geometry":{"type":"Point","coordinates":[-73.511279,45.533971]},"properties":{"name":"CENTRE DE SERVICES AMBULATOIRES EN SANT\u00c9 MENTALE DE LA RUE LABONT\u00c9","address":"190  rue labont\u00e9","city":"longueuil","region":"qc","country":"CA","type":"Hospitals","beds":null,"trauma":"","helipad":"","tier":"limited","source":"ODHF"}},{"type":"Feature","geometry":{"type":"Point","coordinates":[-73.487651,45.499939000000005]},"properties":{"name":"CENTRE DE SERVICES AMBULATOIRES EN SANT\u00c9 MENTALE DU BOULEVARD TASCHEREAU","address":"2924  boulevard taschereau","city":"longueuil","region":"qc","country":"CA","type":"Hospitals","beds":null,"trauma":"","helipad":"","tier":"limited","source":"ODHF"}},{"type":"Feature","geometry":{"type":"Point","coordinates":[-70.026167,47.371829999999996]},"properties":{"name":"H\u00d4PITAL NOTRE-DAME-DE-FATIMA","address":"1201  6e avenue","city":"la pocati\u00e8re","region":"qc","country":"CA","type":"Hospitals","beds":null,"trauma":"","helipad":"","tier":"standard","source":"ODHF"}},{"type":"Feature","geometry":{"type":"Point","coordinates":[-73.64851800000001,45.5739]},"properties":{"name":"CENTRE DE SERVICES AMBULATOIRES EN SANT\u00c9 MENTALE FLEURY","address":"2330  rue fleury est","city":"montr\u00e9al","region":"qc","country":"CA","type":"Hospitals","beds":null,"trauma":"","helipad":"","tier":"limited","source":"ODHF"}},{"type":"Feature","geometry":{"type":"Point","coordinates":[-65.10462,49.227333]},"properties":{"name":"CLSC DE GRANDE-VALL\u00c9E","address":"71  rue saint-fran\u00e7ois-xavier ouest","city":"grande-vall\u00e9e","region":"qc","country":"CA","type":"Hospitals","beds":null,"trauma":"","helipad":"","tier":"limited","source":"ODHF"}},{"type":"Feature","geometry":{"type":"Point","coordinates":[-65.493545,48.961323]},"properties":{"name":"CLSC DE MURDOCHVILLE","address":"600  avenue william-may","city":"murdochville","region":"qc","country":"CA","type":"Hospitals","beds":null,"trauma":"","helipad":"","tier":"limited","source":"ODHF"}},{"type":"Feature","geometry":{"type":"Point","coordinates":[-68.23791700000001,49.20892]},"properties":{"name":"GROUPE DE M\u00c9DECINE DE FAMILLE UNIVERSITAIRE DE MANICOUAGAN ET CLSC LIONEL-CHAREST","address":"340  rue cl\u00e9ment-lavoie","city":"baie-comeau","region":"qc","country":"CA","type":"Hospitals","beds":null,"trauma":"","helipad":"","tier":"limited","source":"ODHF"}},{"type":"Feature","geometry":{"type":"Point","coordinates":[-73.492465,45.489868]},"properties":{"name":"CENTRE DE SERVICES AMBULATOIRES EN SANT\u00c9 MENTALE DE L'AVENUE VICTORIA","address":"1406  avenue victoria","city":"longueuil","region":"qc","country":"CA","type":"Hospitals","beds":null,"trauma":"","helipad":"","tier":"limited","source":"ODHF"}},{"type":"Feature","geometry":{"type":"Point","coordinates":[-73.439355,45.446466]},"properties":{"name":"H\u00d4PITAL CHARLES-LEMOYNE - CONSULTATIONS EXTERNES","address":"9090  rue leduc","city":"brossard","region":"qc","country":"CA","type":"Hospitals","beds":null,"trauma":"","helipad":"","tier":"standard","source":"ODHF"}},{"type":"Feature","geometry":{"type":"Point","coordinates":[-73.514401,45.524423999999996]},"properties":{"name":"H\u00d4PITAL CHARLES-LEMOYNE - SERVICES DE PSYCHIATRIE","address":"1055 rue saint-laurent ouest","city":"longueuil","region":"qc","country":"CA","type":"Hospitals","beds":null,"trauma":"","helipad":"","tier":"standard","source":"ODHF"}},{"type":"Feature","geometry":{"type":"Point","coordinates":[-68.79926800000001,47.612369]},"properties":{"name":"H\u00d4PITAL DE NOTRE-DAME-DU-LAC","address":"58  rue de l'\u00e9glise","city":"t\u00e9miscouata-sur-le-lac","region":"qc","country":"CA","type":"Hospitals","beds":null,"trauma":"","helipad":"","tier":"standard","source":"ODHF"}},{"type":"Feature","geometry":{"type":"Point","coordinates":[-68.521711,48.454832]},"properties":{"name":"CLSC ET GROUPE DE M\u00c9DECINE DE FAMILLE UNIVERSITAIRE DE RIMOUSKI","address":"165  rue des gouverneurs","city":"rimouski","region":"qc","country":"CA","type":"Hospitals","beds":null,"trauma":"","helipad":"","tier":"limited","source":"ODHF"}},{"type":"Feature","geometry":{"type":"Point","coordinates":[-73.559147,45.515895]},"properties":{"name":"H\u00d4PITAL COURTE DUR\u00c9E PLACE DUPUIS","address":"1415 rue saint-hubert","city":"montr\u00e9al","region":"qc","country":"CA","type":"Hospitals","beds":null,"trauma":"","helipad":"","tier":"standard","source":"ODHF"}},{"type":"Feature","geometry":{"type":"Point","coordinates":[-73.888899,45.679937]},"properties":{"name":"CENTRE DE SERVICES SNT TEMPORAIRE DAYS INN BLAINVILLE","address":"1136  boulevard cur\u00e9-labelle","city":"blainville","region":"qc","country":"CA","type":"Hospitals","beds":null,"trauma":"","helipad":"","tier":"standard","source":"ODHF"}},{"type":"Feature","geometry":{"type":"Point","coordinates":[-73.740145,45.567892]},"properties":{"name":"H\u00d4TEL QUALITY SUITES","address":"2035  autoroute des laurentides","city":"laval","region":"qc","country":"CA","type":"Hospitals","beds":null,"trauma":"","helipad":"","tier":"standard","source":"ODHF"}},{"type":"Feature","geometry":{"type":"Point","coordinates":[-73.73290899999999,45.536190999999995]},"properties":{"name":"LE COUVENT","address":"3550  boulevard l\u00e9vesque ouest","city":"laval","region":"qc","country":"CA","type":"Hospitals","beds":null,"trauma":"","helipad":"","tier":"standard","source":"ODHF"}},{"type":"Feature","geometry":{"type":"Point","coordinates":[-72.049697,46.680890000000005]},"properties":{"name":"CLSC DE SAINT-MARC-DES-CARRIERES","address":"1045  boulevard bona-dussault","city":"saint-marc-des-carri\u00e8res","region":"qc","country":"CA","type":"Hospitals","beds":null,"trauma":"","helipad":"","tier":"limited","source":"ODHF"}},{"type":"Feature","geometry":{"type":"Point","coordinates":[-73.486909,45.498643]},"properties":{"name":"H\u00d4PITAL CHARLES-LE MOYNE - CLINIQUE EXTERNE DE P\u00c9DIATRIE","address":"2984  boulevard taschereau","city":"longueuil","region":"qc","country":"CA","type":"Hospitals","beds":null,"trauma":"","helipad":"","tier":"standard","source":"ODHF"}},{"type":"Feature","geometry":{"type":"Point","coordinates":[-71.862061,45.408073]},"properties":{"name":"CLSC ET GROUPE DE M\u00c9DECINE DE FAMILLE UNIVERSITAIRE KING EST","address":"1200  rue king est","city":"sherbrooke","region":"qc","country":"CA","type":"Hospitals","beds":null,"trauma":"","helipad":"","tier":"limited","source":"ODHF"}},{"type":"Feature","geometry":{"type":"Point","coordinates":[-73.26436,45.323782]},"properties":{"name":"CENTRE DE SERVICES DE SANT\u00c9 POUR LES PERSONNES SANS DOMICILE FIXE DE SAINT-JEAN-SUR-RICHELIEU","address":"576  rue champlain","city":"saint-jean-sur-richelieu","region":"qc","country":"CA","type":"Hospitals","beds":null,"trauma":"","helipad":"","tier":"standard","source":"ODHF"}},{"type":"Feature","geometry":{"type":"Point","coordinates":[-73.483639,45.496866]},"properties":{"name":"CENTRE DE SERVICES DE SANT\u00c9 POUR LES PERSONNES SANS DOMICILE FIXE DE LONGUEUIL","address":"3179  boulevard taschereau","city":"longueuil","region":"qc","country":"CA","type":"Hospitals","beds":null,"trauma":"","helipad":"","tier":"standard","source":"ODHF"}},{"type":"Feature","geometry":{"type":"Point","coordinates":[-73.71015200000001,45.586915999999995]},"properties":{"name":"CLSC ET GROUPE DE M\u00c9DECINE DE FAMILLE UNIVERSITAIRE DU MARIGOT","address":"1351  boulevard des laurentides","city":"laval","region":"qc","country":"CA","type":"Hospitals","beds":null,"trauma":"","helipad":"","tier":"limited","source":"ODHF"}},{"type":"Feature","geometry":{"type":"Point","coordinates":[-74.009352,45.793045]},"properties":{"name":"CLSC ET GROUPE DE M\u00c9DECINE DE FAMILLE UNIVERSITAIRE LAFONTAINE","address":"1000  rue labelle","city":"saint-j\u00e9r\u00f4me","region":"qc","country":"CA","type":"Hospitals","beds":null,"trauma":"","helipad":"","tier":"limited","source":"ODHF"}},{"type":"Feature","geometry":{"type":"Point","coordinates":[-73.57781700000001,45.573763]},"properties":{"name":"INSTITUT DE CARDIOLOGIE DE MONTR\u00c9AL","address":"5000  rue b\u00e9langer","city":"montr\u00e9al","region":"qc","country":"CA","type":"Hospitals","beds":null,"trauma":"","helipad":"","tier":"standard","source":"ODHF"}},{"type":"Feature","geometry":{"type":"Point","coordinates":[-78.12841,48.141509]},"properties":{"name":"H\u00d4PITAL PSYCHIATRIQUE DE MALARTIC","address":"1141  rue royale","city":"malartic","region":"qc","country":"CA","type":"Hospitals","beds":null,"trauma":"","helipad":"","tier":"limited","source":"ODHF"}},{"type":"Feature","geometry":{"type":"Point","coordinates":[-67.09360600000001,52.79464]},"properties":{"name":"SNT - MAISON D'AIDE ET D'H\u00c9BERGEMENT DE FERMONT","address":"4  rue holway","city":"fermont","region":"qc","country":"CA","type":"Hospitals","beds":null,"trauma":"","helipad":"","tier":"standard","source":"ODHF"}},{"type":"Feature","geometry":{"type":"Point","coordinates":[-73.622524,45.418481]},"properties":{"name":"SNT - H\u00d4PITAL DE LASALLE - AR\u00c9NA JACQUES LEMAIRE","address":"8681  boulevard champlain","city":"montr\u00e9al","region":"qc","country":"CA","type":"Hospitals","beds":null,"trauma":"","helipad":"","tier":"standard","source":"ODHF"}},{"type":"Feature","geometry":{"type":"Point","coordinates":[-70.000724,47.455067]},"properties":{"name":"CENTRE DE R\u00c9ADAPTATION EN D\u00c9FICIENCE INTELLECTUELLE, TROUBLE DU SPECTRE DE L'AUTISME ET EN D\u00c9FICIENCE PHYSIQUE TH\u00c9R\u00c8SE-MARTIN","address":"100  chemin de la petite-anse","city":"rivi\u00e8re-ouelle","region":"qc","country":"CA","type":"Hospitals","beds":null,"trauma":"","helipad":"","tier":"limited","source":"ODHF"}},{"type":"Feature","geometry":{"type":"Point","coordinates":[-73.72904100000001,45.529026]},"properties":{"name":"H\u00d4PITAL EN SANT\u00c9 MENTALE ALBERT-PR\u00c9VOST","address":"6555  boulevard gouin ouest","city":"montr\u00e9al","region":"qc","country":"CA","type":"Hospitals","beds":null,"trauma":"","helipad":"","tier":"limited","source":"ODHF"}},{"type":"Feature","geometry":{"type":"Point","coordinates":[-73.649742,45.590837]},"properties":{"name":"H\u00d4PITAL MARIE-CLARAC","address":"3530  boulevard gouin est","city":"montr\u00e9al","region":"qc","country":"CA","type":"Hospitals","beds":null,"trauma":"","helipad":"","tier":"standard","source":"ODHF"}},{"type":"Feature","geometry":{"type":"Point","coordinates":[-75.749246,45.462882]},"properties":{"name":"CENTRE HOSPITALIER PIERRE-JANET","address":"46  rue lucien brault","city":"gatineau","region":"qc","country":"CA","type":"Hospitals","beds":null,"trauma":"","helipad":"","tier":"standard","source":"ODHF"}},{"type":"Feature","geometry":{"type":"Point","coordinates":[-75.691923,45.473478]},"properties":{"name":"CENTRE DE SERVICES AMBULATOIRES PIERRE-JANET","address":"20  rue laferri\u00e8re","city":"gatineau","region":"qc","country":"CA","type":"Hospitals","beds":null,"trauma":"","helipad":"","tier":"limited","source":"ODHF"}},{"type":"Feature","geometry":{"type":"Point","coordinates":[-72.55760699999999,46.344521]},"properties":{"name":"CENTRE DE SERVICES AMBULATOIRES EN SANT\u00c9 MENTALE DE TROIS-RIVI\u00c8RES","address":"1573  boulevard des forges","city":"trois-rivi\u00e8res","region":"qc","country":"CA","type":"Hospitals","beds":null,"trauma":"","helipad":"","tier":"limited","source":"ODHF"}},{"type":"Feature","geometry":{"type":"Point","coordinates":[-73.48421033,45.4977526]},"properties":{"name":"H\u00d4PITAL CHARLES-LE MOYNE - CLINIQUE SUIVI DE GROSSESSE","address":"3141  boulevard taschereau","city":"longueuil","region":"qc","country":"CA","type":"Hospitals","beds":null,"trauma":"","helipad":"","tier":"standard","source":"ODHF"}},{"type":"Feature","geometry":{"type":"Point","coordinates":[-73.26773938,45.33827479999999]},"properties":{"name":"H\u00d4PITAL DU HAUT-RICHELIEU - CLINIQUE SUIVI DE GROSSESSE","address":"1055  boulevard du s\u00e9minaire nord","city":"saint-jean-sur-richelieu","region":"qc","country":"CA","type":"Hospitals","beds":null,"trauma":"","helipad":"","tier":"standard","source":"ODHF"}},{"type":"Feature","geometry":{"type":"Point","coordinates":[-73.26815663,45.3313016]},"properties":{"name":"H\u00d4PITAL DU HAUT-RICHELIEU - CLINIQUE P\u00c9DIATRIQUE","address":"900  boulevard du s\u00e9minaire nord","city":"saint-jean-sur-richelieu","region":"qc","country":"CA","type":"Hospitals","beds":null,"trauma":"","helipad":"","tier":"standard","source":"ODHF"}},{"type":"Feature","geometry":{"type":"Point","coordinates":[-75.69127358,45.47686665]},"properties":{"name":"H\u00d4TEL QUALITY INN SUR LA RUE BELLEHUMEUR - CLIENT\u00c8LE JEUNESSE","address":"111  rue bellehumeur","city":"gatineau","region":"qc","country":"CA","type":"Hospitals","beds":null,"trauma":"","helipad":"","tier":"standard","source":"ODHF"}},{"type":"Feature","geometry":{"type":"Point","coordinates":[-72.546485,46.347061]},"properties":{"name":"CENTRE MULTISERVICES DE SANT\u00c9 ET DE SERVICES SOCIAUX SAINT-JOSEPH","address":"731  rue sainte-julie","city":"trois-rivi\u00e8res","region":"qc","country":"CA","type":"Hospitals","beds":null,"trauma":"","helipad":"","tier":"standard","source":"ODHF"}},{"type":"Feature","geometry":{"type":"Point","coordinates":[-66.893964,50.023783]},"properties":{"name":"CENTRE MULTISERVICES DE SANT\u00c9 ET DE SERVICES SOCIAUX DE PORT-CARTIER","address":"3  rue de shelter bay","city":"port-cartier","region":"qc","country":"CA","type":"Hospitals","beds":null,"trauma":"","helipad":"","tier":"standard","source":"ODHF"}},{"type":"Feature","geometry":{"type":"Point","coordinates":[-73.714036,45.532578]},"properties":{"name":"H\u00d4PITAL DU SACR\u00c9-C\u008cUR DE MONTR\u00c9AL","address":"5400  boulevard gouin ouest","city":"montr\u00e9al","region":"qc","country":"CA","type":"Hospitals","beds":null,"trauma":"","helipad":"","tier":"standard","source":"ODHF"}},{"type":"Feature","geometry":{"type":"Point","coordinates":[-73.589036,45.497046000000005]},"properties":{"name":"H\u00d4PITAL G\u00c9N\u00c9RAL DE MONTR\u00c9AL","address":"1650  avenue cedar","city":"montr\u00e9al","region":"qc","country":"CA","type":"Hospitals","beds":null,"trauma":"","helipad":"","tier":"standard","source":"ODHF"}},{"type":"Feature","geometry":{"type":"Point","coordinates":[-51.8873886,71.0498249]},"properties":{"name":"Nakorsiartarfik","address":"","city":"","region":"","country":"GL","type":"clinic","beds":null,"trauma":"","helipad":"","tier":"limited","source":"OSM (Greenland)"}},{"type":"Feature","geometry":{"type":"Point","coordinates":[-37.1843771,65.5743765]},"properties":{"name":"Kulusup Napparsimavia","address":"","city":"","region":"","country":"GL","type":"hospital","beds":null,"trauma":"","helipad":"","tier":"standard","source":"OSM (Greenland)"}},{"type":"Feature","geometry":{"type":"Point","coordinates":[-68.745368,76.5371904]},"properties":{"name":"Hospital","address":"","city":"","region":"","country":"GL","type":"hospital","beds":null,"trauma":"","helipad":"","tier":"standard","source":"OSM (Greenland)"}},{"type":"Feature","geometry":{"type":"Point","coordinates":[-44.8141173,60.1940132]},"properties":{"name":"Hospital","address":"B-1516","city":"Tasiusaq","region":"","country":"GL","type":"hospital","beds":null,"trauma":"","helipad":"","tier":"standard","source":"OSM (Greenland)"}},{"type":"Feature","geometry":{"type":"Point","coordinates":[-45.4239199,61.1561627]},"properties":{"name":"Hospital","address":"","city":"","region":"","country":"GL","type":"clinic","beds":null,"trauma":"","helipad":"","tier":"limited","source":"OSM (Greenland)"}},{"type":"Feature","geometry":{"type":"Point","coordinates":[-53.5334912,69.2471368]},"properties":{"name":"Hospital","address":"","city":"","region":"","country":"GL","type":"hospital","beds":null,"trauma":"","helipad":"","tier":"standard","source":"OSM (Greenland)"}},{"type":"Feature","geometry":{"type":"Point","coordinates":[-21.8915074,64.1269378]},"properties":{"name":"Heilsug\u00e6slan Efstaleiti","address":"3, Efstaleiti","city":"Reykjav\u00edk","region":"","country":"IS","type":"clinic","beds":null,"trauma":"","helipad":"","tier":"limited","source":"OSM (Iceland)"}},{"type":"Feature","geometry":{"type":"Point","coordinates":[-21.8423902,64.1090661]},"properties":{"name":"Heilsug\u00e6slan Mj\u00f3dd","address":"6, \u00de\u00f6nglabakki","city":"Reykjav\u00edk","region":"","country":"IS","type":"clinic","beds":null,"trauma":"","helipad":"","tier":"limited","source":"OSM (Iceland)"}},{"type":"Feature","geometry":{"type":"Point","coordinates":[-23.1279149,66.075137]},"properties":{"name":"Sj\u00fakrah\u00fasi\u00f0 og heilsug\u00e6slan \u00e1 \u00cdsafir\u00f0i","address":"Torfnes","city":"\u00cdsafj\u00f6r\u00f0ur","region":"","country":"IS","type":"hospital","beds":null,"trauma":"","helipad":"","tier":"major","source":"OSM (Iceland)"}},{"type":"Feature","geometry":{"type":"Point","coordinates":[-23.7147295,64.893054]},"properties":{"name":"Heilsug\u00e6slan \u00ed \u00d3lafsv\u00edk","address":"","city":"","region":"","country":"IS","type":"clinic","beds":null,"trauma":"","helipad":"","tier":"limited","source":"OSM (Iceland)"}},{"type":"Feature","geometry":{"type":"Point","coordinates":[-20.2807008,65.6562598]},"properties":{"name":"Hospital","address":"","city":"","region":"","country":"IS","type":"clinic","beds":null,"trauma":"","helipad":"","tier":"limited","source":"OSM (Iceland)"}},{"type":"Feature","geometry":{"type":"Point","coordinates":[-17.34058,66.0490574]},"properties":{"name":"Heilbrig\u00f0isstofun \u00deingeyinga","address":"","city":"","region":"","country":"IS","type":"hospital","beds":null,"trauma":"","helipad":"","tier":"standard","source":"OSM (Iceland)"}},{"type":"Feature","geometry":{"type":"Point","coordinates":[-14.2804349,64.6544148]},"properties":{"name":"Heilsug\u00e6slust\u00f6\u00f0in Dj\u00fapavogi","address":"","city":"","region":"","country":"IS","type":"hospital","beds":null,"trauma":"","helipad":"","tier":"standard","source":"OSM (Iceland)"}},{"type":"Feature","geometry":{"type":"Point","coordinates":[-21.8589188,64.0938105]},"properties":{"name":"Heilsug\u00e6slan Salahverfi","address":"2, Salavegur","city":"K\u00f3pavogur","region":"","country":"IS","type":"clinic","beds":null,"trauma":"","helipad":"","tier":"limited","source":"OSM (Iceland)"}},{"type":"Feature","geometry":{"type":"Point","coordinates":[-21.8145052,64.1050509]},"properties":{"name":"Heilsug\u00e6slan Efra-Brei\u00f0holti","address":"6, Hraunberg","city":"Reykjav\u00edk","region":"","country":"IS","type":"clinic","beds":null,"trauma":"","helipad":"","tier":"limited","source":"OSM (Iceland)"}},{"type":"Feature","geometry":{"type":"Point","coordinates":[-21.7622828,65.1097239]},"properties":{"name":"Hospital","address":"","city":"","region":"","country":"IS","type":"clinic","beds":null,"trauma":"","helipad":"","tier":"limited","source":"OSM (Iceland)"}},{"type":"Feature","geometry":{"type":"Point","coordinates":[-21.8682571,64.1339967]},"properties":{"name":"Heilsug\u00e6slan Gl\u00e6sib\u00e6","address":"74, \u00c1lfheimar","city":"Reykjav\u00edk","region":"","country":"IS","type":"clinic","beds":null,"trauma":"","helipad":"","tier":"limited","source":"OSM (Iceland)"}},{"type":"Feature","geometry":{"type":"Point","coordinates":[-21.9560826,64.0678189]},"properties":{"name":"Heilsug\u00e6slan Fj\u00f6r\u00f0ur","address":"13-15, Fjar\u00f0argata","city":"Hafnarfj\u00f6r\u00f0ur","region":"","country":"IS","type":"clinic","beds":null,"trauma":"","helipad":"","tier":"limited","source":"OSM (Iceland)"}},{"type":"Feature","geometry":{"type":"Point","coordinates":[-21.7854512,64.1505965]},"properties":{"name":"Heilsug\u00e6slan Grafarvogi","address":"35, Sp\u00f6ngin","city":"Reykjav\u00edk","region":"","country":"IS","type":"clinic","beds":null,"trauma":"","helipad":"","tier":"limited","source":"OSM (Iceland)"}},{"type":"Feature","geometry":{"type":"Point","coordinates":[-21.8872325,64.10146]},"properties":{"name":"Heilsug\u00e6slan Hvammur","address":"5, Hagasm\u00e1ri","city":"K\u00f3pavogur","region":"","country":"IS","type":"clinic","beds":null,"trauma":"","helipad":"","tier":"limited","source":"OSM (Iceland)"}},{"type":"Feature","geometry":{"type":"Point","coordinates":[-21.9074745,64.1119102]},"properties":{"name":"Heilsug\u00e6slan Hamraborg","address":"8, Hamraborg","city":"K\u00f3pavogur","region":"","country":"IS","type":"clinic","beds":null,"trauma":"","helipad":"","tier":"limited","source":"OSM (Iceland)"}},{"type":"Feature","geometry":{"type":"Point","coordinates":[-20.94703,65.398581]},"properties":{"name":"Heilbrig\u00f0isstofnun vesturlands","address":"1, Sp\u00edtalast\u00edgur","city":"Hvammstangi","region":"","country":"IS","type":"clinic","beds":null,"trauma":"","helipad":"","tier":"limited","source":"OSM (Iceland)"}},{"type":"Feature","geometry":{"type":"Point","coordinates":[-21.385843,63.8568287]},"properties":{"name":"Heilsug\u00e6slan \u00deorl\u00e1ksh\u00f6fn","address":"13, Hnj\u00fakam\u00f3i","city":"\u00deorl\u00e1ksh\u00f6fn","region":"","country":"IS","type":"clinic","beds":null,"trauma":"","helipad":"","tier":"limited","source":"OSM (Iceland)"}},{"type":"Feature","geometry":{"type":"Point","coordinates":[-18.1090465,65.6790389]},"properties":{"name":"Reynir r\u00e1\u00f0gjafastofa","address":"","city":"","region":"","country":"IS","type":"clinic","beds":null,"trauma":"","helipad":"","tier":"limited","source":"OSM (Iceland)"}},{"type":"Feature","geometry":{"type":"Point","coordinates":[-21.6912809,64.1635734]},"properties":{"name":"Heilsug\u00e6slan Mosfellsumd\u00e6mi","address":"3, Sunnukriki","city":"Mosfellsb\u00e6r","region":"","country":"IS","type":"clinic","beds":null,"trauma":"","helipad":"","tier":"limited","source":"OSM (Iceland)"}},{"type":"Feature","geometry":{"type":"Point","coordinates":[-15.9504126,66.4526936]},"properties":{"name":"Heilsug\u00e6sla Raufarhafnar","address":"","city":"","region":"","country":"IS","type":"hospital","beds":null,"trauma":"","helipad":"","tier":"standard","source":"OSM (Iceland)"}},{"type":"Feature","geometry":{"type":"Point","coordinates":[-21.8632231,64.1257675]},"properties":{"name":"L\u00e6knast\u00f6\u00f0in","address":"R\u00e9ttarholtsvegur","city":"","region":"","country":"IS","type":"clinic","beds":null,"trauma":"","helipad":"","tier":"limited","source":"OSM (Iceland)"}},{"type":"Feature","geometry":{"type":"Point","coordinates":[-21.8001721,64.1187504]},"properties":{"name":"Heilsug\u00e6slan \u00c1rb\u00e6","address":"115, Hraunb\u00e6r","city":"Reykjav\u00edk","region":"","country":"IS","type":"clinic","beds":null,"trauma":"","helipad":"","tier":"limited","source":"OSM (Iceland)"}},{"type":"Feature","geometry":{"type":"Point","coordinates":[-21.918448,64.0882754]},"properties":{"name":"Heilsug\u00e6slan Gar\u00f0ab\u00e6","address":"7, Gar\u00f0atorg","city":"Gar\u00f0ab\u00e6r","region":"","country":"IS","type":"clinic","beds":null,"trauma":"","helipad":"","tier":"limited","source":"OSM (Iceland)"}},{"type":"Feature","geometry":{"type":"Point","coordinates":[-21.9432395,64.1493179]},"properties":{"name":"Heilsug\u00e6slan Mi\u00f0b\u00e6","address":"7, Vesturgata","city":"Reykjav\u00edk","region":"","country":"IS","type":"clinic","beds":null,"trauma":"","helipad":"","tier":"limited","source":"OSM (Iceland)"}},{"type":"Feature","geometry":{"type":"Point","coordinates":[-21.9163325,64.1317319]},"properties":{"name":"Heilsug\u00e6slan Hl\u00ed\u00f0um","address":"18, Sk\u00f3garhl\u00ed\u00f0","city":"Reykjav\u00edk","region":"","country":"IS","type":"clinic","beds":null,"trauma":"","helipad":"","tier":"limited","source":"OSM (Iceland)"}},{"type":"Feature","geometry":{"type":"Point","coordinates":[-21.8071394,64.0968946]},"properties":{"name":"Sunna","address":"8, Ur\u00f0arhvarf","city":"K\u00f3pavogur","region":"","country":"IS","type":"clinic","beds":null,"trauma":"","helipad":"","tier":"limited","source":"OSM (Iceland)"}},{"type":"Feature","geometry":{"type":"Point","coordinates":[-21.8684076,64.1339665]},"properties":{"name":"Livio","address":"74, \u00c1lfheimar","city":"Reykjav\u00edk","region":"","country":"IS","type":"clinic","beds":null,"trauma":"","helipad":"","tier":"limited","source":"OSM (Iceland)"}},{"type":"Feature","geometry":{"type":"Point","coordinates":[-21.9401027,64.0689457]},"properties":{"name":"Heilsug\u00e6slan S\u00f3lvangi","address":"2, S\u00f3lvangsvegur","city":"Hafnarfj\u00f6r\u00f0ur","region":"","country":"IS","type":"clinic","beds":null,"trauma":"","helipad":"","tier":"limited","source":"OSM (Iceland)"}},{"type":"Feature","geometry":{"type":"Point","coordinates":[-22.585581,63.998984]},"properties":{"name":"Heilsu\u00adg\u00e6sl\u00adan H\u00f6f\u00f0a Su\u00f0\u00adur\u00adnesj\u00adum","address":"50, A\u00f0algata","city":"Reykjanesb\u00e6r","region":"","country":"IS","type":"clinic","beds":null,"trauma":"","helipad":"","tier":"limited","source":"OSM (Iceland)"}},{"type":"Feature","geometry":{"type":"Point","coordinates":[-21.8213902,64.1261931]},"properties":{"name":"Heilsug\u00e6slan H\u00f6f\u00f0a","address":"9, B\u00edldsh\u00f6f\u00f0i","city":"Reykjav\u00edk","region":"","country":"IS","type":"clinic","beds":null,"trauma":"","helipad":"","tier":"limited","source":"OSM (Iceland)"}},{"type":"Feature","geometry":{"type":"Point","coordinates":[-21.8129574,64.0973613]},"properties":{"name":"Heilsuvernd heilsug\u00e6sla","address":"14, Ur\u00f0arhvarf","city":"K\u00f3pavogur","region":"","country":"IS","type":"clinic","beds":null,"trauma":"","helipad":"","tier":"limited","source":"OSM (Iceland)"}},{"type":"Feature","geometry":{"type":"Point","coordinates":[-20.3189277,64.1301754]},"properties":{"name":"Heilsug\u00e6slan Uppsveitum","address":"3, Hrunamannavegur","city":"Fl\u00fa\u00f0ir","region":"","country":"IS","type":"clinic","beds":null,"trauma":"","helipad":"","tier":"limited","source":"OSM (Iceland)"}},{"type":"Feature","geometry":{"type":"Point","coordinates":[-18.0528748,63.7903466]},"properties":{"name":"Heilsug\u00e6slan Kirkjub\u00e6jarklaustri","address":"13, Skri\u00f0uvellir","city":"Kirkjub\u00e6jarklaustur","region":"","country":"IS","type":"clinic","beds":null,"trauma":"","helipad":"","tier":"limited","source":"OSM (Iceland)"}},{"type":"Feature","geometry":{"type":"Point","coordinates":[-19.0070691,63.4206696]},"properties":{"name":"Heilsug\u00e6slan V\u00edk \u00ed M\u00fdrdal","address":"2, H\u00e1t\u00fan","city":"V\u00edk","region":"","country":"IS","type":"clinic","beds":null,"trauma":"","helipad":"","tier":"limited","source":"OSM (Iceland)"}},{"type":"Feature","geometry":{"type":"Point","coordinates":[-20.2641173,63.4390658]},"properties":{"name":"Heilsug\u00e6slan Vestmannaeyjum","address":"20, S\u00f3lhl\u00ed\u00f0","city":"Vestmannaeyjar","region":"","country":"IS","type":"clinic","beds":null,"trauma":"","helipad":"","tier":"limited","source":"OSM (Iceland)"}},{"type":"Feature","geometry":{"type":"Point","coordinates":[-21.1861785,64.0011304]},"properties":{"name":"Heilsug\u00e6slan Hverager\u00f0i","address":"25b, Brei\u00f0am\u00f6rk","city":"Hverager\u00f0i","region":"","country":"IS","type":"clinic","beds":null,"trauma":"","helipad":"","tier":"limited","source":"OSM (Iceland)"}},{"type":"Feature","geometry":{"type":"Point","coordinates":[-20.9867875,63.9392422]},"properties":{"name":"Heilsug\u00e6slan Selfossi","address":"3, \u00c1rvegur","city":"Selfoss","region":"","country":"IS","type":"clinic","beds":null,"trauma":"","helipad":"","tier":"limited","source":"OSM (Iceland)"}},{"type":"Feature","geometry":{"type":"Point","coordinates":[-20.4006992,63.8345501]},"properties":{"name":"Heilsug\u00e6slan Hellu","address":"3, Su\u00f0urlandsvegur","city":"Hella","region":"","country":"IS","type":"clinic","beds":null,"trauma":"","helipad":"","tier":"limited","source":"OSM (Iceland)"}},{"type":"Feature","geometry":{"type":"Point","coordinates":[-20.2175447,63.7515807]},"properties":{"name":"Heilsug\u00e6slan Hvolsvelli","address":"4, \u00d6ldubakki","city":"Hvolsv\u00f6llur","region":"","country":"IS","type":"clinic","beds":null,"trauma":"","helipad":"","tier":"limited","source":"OSM (Iceland)"}},{"type":"Feature","geometry":{"type":"Point","coordinates":[-14.4025498,65.2639546]},"properties":{"name":"Heilsug\u00e6slan Egilsst\u00f6\u00f0um","address":"","city":"","region":"","country":"IS","type":"clinic","beds":null,"trauma":"","helipad":"","tier":"limited","source":"OSM (Iceland)"}},{"type":"Feature","geometry":{"type":"Point","coordinates":[-22.0818347,64.3196911]},"properties":{"name":"Sj\u00fakrah\u00fasi\u00f0 og Heilsug\u00e6slan \u00e1 Akranesi","address":"","city":"","region":"","country":"IS","type":"hospital","beds":null,"trauma":"","helipad":"","tier":"standard","source":"OSM (Iceland)"}},{"type":"Feature","geometry":{"type":"Point","coordinates":[-21.9295996,64.1380995]},"properties":{"name":"Landsp\u00edtali","address":"","city":"","region":"","country":"IS","type":"hospital","beds":null,"trauma":"","helipad":"","tier":"major","source":"OSM (Iceland)"}},{"type":"Feature","geometry":{"type":"Point","coordinates":[-21.8883094,64.1265071]},"properties":{"name":"Rau\u00f0i krossinn","address":"9, Efstaleiti","city":"Reykjav\u00edk","region":"","country":"IS","type":"clinic","beds":null,"trauma":"","helipad":"","tier":"limited","source":"OSM (Iceland)"}},{"type":"Feature","geometry":{"type":"Point","coordinates":[-14.0057453,65.2579221]},"properties":{"name":"Hospital","address":"8B, Su\u00f0urgata","city":"","region":"","country":"IS","type":"hospital","beds":null,"trauma":"","helipad":"","tier":"standard","source":"OSM (Iceland)"}},{"type":"Feature","geometry":{"type":"Point","coordinates":[-23.2587273,64.925232]},"properties":{"name":"Heilsug\u00e6slust\u00f6\u00f0in Grundarfir\u00f0i","address":"7, Hrannarst\u00edgur","city":"","region":"","country":"IS","type":"clinic","beds":null,"trauma":"","helipad":"","tier":"limited","source":"OSM (Iceland)"}},{"type":"Feature","geometry":{"type":"Point","coordinates":[-20.396445,63.8431175]},"properties":{"name":"Hospital","address":"","city":"","region":"","country":"IS","type":"hospital","beds":null,"trauma":"","helipad":"","tier":"standard","source":"OSM (Iceland)"}},{"type":"Feature","geometry":{"type":"Point","coordinates":[-21.9490927,64.1484181]},"properties":{"name":"Landakotssp\u00edtali","address":"","city":"Reykjav\u00edk","region":"","country":"IS","type":"hospital","beds":null,"trauma":"","helipad":"","tier":"standard","source":"OSM (Iceland)"}},{"type":"Feature","geometry":{"type":"Point","coordinates":[-21.8484112,64.1450397]},"properties":{"name":"Kleppssp\u00edtali","address":"","city":"Reykjav\u00edk","region":"","country":"IS","type":"hospital","beds":null,"trauma":"","helipad":"","tier":"standard","source":"OSM (Iceland)"}},{"type":"Feature","geometry":{"type":"Point","coordinates":[-21.8814024,64.1256135]},"properties":{"name":"Landsp\u00edtali Grens\u00e1s","address":"","city":"Reykjav\u00edk","region":"","country":"IS","type":"hospital","beds":null,"trauma":"","helipad":"","tier":"standard","source":"OSM (Iceland)"}},{"type":"Feature","geometry":{"type":"Point","coordinates":[-21.8764202,64.1486017]},"properties":{"name":"Barna- og unglingage\u00f0deild Landsp\u00edtalans","address":"12, Dalbraut","city":"","region":"","country":"IS","type":"hospital","beds":null,"trauma":"","helipad":"","tier":"standard","source":"OSM (Iceland)"}},{"type":"Feature","geometry":{"type":"Point","coordinates":[-21.8886982,64.1220679]},"properties":{"name":"Landsp\u00edtali Fossvogur","address":"","city":"","region":"","country":"IS","type":"hospital","beds":null,"trauma":"","helipad":"","tier":"major","source":"OSM (Iceland)"}},{"type":"Feature","geometry":{"type":"Point","coordinates":[-21.792991,64.1262557]},"properties":{"name":"Sj\u00fakrah\u00fasi\u00f0 Vogur","address":"","city":"","region":"","country":"IS","type":"hospital","beds":null,"trauma":"","helipad":"","tier":"standard","source":"OSM (Iceland)"}},{"type":"Feature","geometry":{"type":"Point","coordinates":[-21.8880152,64.0821307]},"properties":{"name":"\u00d6ldrunardeild V\u00edfilsst\u00f6\u00f0um","address":"","city":"","region":"","country":"IS","type":"hospital","beds":null,"trauma":"","helipad":"","tier":"standard","source":"OSM (Iceland)"}},{"type":"Feature","geometry":{"type":"Point","coordinates":[-20.2802916,65.6564735]},"properties":{"name":"HSN Bl\u00f6ndu\u00f3s","address":"","city":"","region":"","country":"IS","type":"hospital","beds":null,"trauma":"","helipad":"","tier":"standard","source":"OSM (Iceland)"}},{"type":"Feature","geometry":{"type":"Point","coordinates":[-19.6397554,65.7393704]},"properties":{"name":"Heilbrig\u00f0isstofunin Sau\u00f0\u00e1rkr\u00f3ki","address":"","city":"","region":"","country":"IS","type":"hospital","beds":null,"trauma":"","helipad":"","tier":"major","source":"OSM (Iceland)"}},{"type":"Feature","geometry":{"type":"Point","coordinates":[-18.5344782,65.972112]},"properties":{"name":"Hospital","address":"","city":"","region":"","country":"IS","type":"hospital","beds":null,"trauma":"","helipad":"","tier":"standard","source":"OSM (Iceland)"}},{"type":"Feature","geometry":{"type":"Point","coordinates":[-21.3857018,63.8568774]},"properties":{"name":"Hospital","address":"","city":"","region":"","country":"IS","type":"hospital","beds":null,"trauma":"","helipad":"","tier":"standard","source":"OSM (Iceland)"}},{"type":"Feature","geometry":{"type":"Point","coordinates":[-20.3969359,63.8427688]},"properties":{"name":"Hospital","address":"","city":"","region":"","country":"IS","type":"hospital","beds":null,"trauma":"","helipad":"","tier":"standard","source":"OSM (Iceland)"}},{"type":"Feature","geometry":{"type":"Point","coordinates":[-22.5551728,64.001093]},"properties":{"name":"Heilsug\u00e6sla Su\u00f0urnesja","address":"6, Sk\u00f3lavegur","city":"Keflav\u00edk","region":"","country":"IS","type":"hospital","beds":null,"trauma":"","helipad":"","tier":"major","source":"OSM (Iceland)"}}]}