{"type":"FeatureCollection","name":"ltc","metadata":{"generated":"2026-05-19T18:04:24Z","source":"HIFLD Open NursingHomes (US) + StatCan ODHF (CA, LTC types) + OpenStreetMap (GL / IS)","clipped_to":"scenario.geojson land polygons (Ocean excluded)","count":2999},"features":[{"type":"Feature","geometry":{"type":"Point","coordinates":[-147.8666,64.8387000000001]},"properties":{"name":"Frontier Assisted Living - University West","facility":"ASSISTED LIVING","city":"FAIRBANKS","region":"AK","country":"US","population":12,"tier":"standard","source":"HIFLD Open NursingHomes"}},{"type":"Feature","geometry":{"type":"Point","coordinates":[-151.6524,60.034]},"properties":{"name":"Happy Valley Assisted Living 2","facility":"ASSISTED LIVING","city":"NINILCHIK","region":"AK","country":"US","population":5,"tier":"standard","source":"HIFLD Open NursingHomes"}},{"type":"Feature","geometry":{"type":"Point","coordinates":[-149.6343,61.5148]},"properties":{"name":"Extended Family Alaska, Knik","facility":"ASSISTED LIVING","city":"WASILLA","region":"AK","country":"US","population":5,"tier":"standard","source":"HIFLD Open NursingHomes"}},{"type":"Feature","geometry":{"type":"Point","coordinates":[-149.911,61.1372000000001]},"properties":{"name":"Tc ALH, Corp","facility":"ASSISTED LIVING","city":"ANCHORAGE","region":"AK","country":"US","population":5,"tier":"standard","source":"HIFLD Open NursingHomes"}},{"type":"Feature","geometry":{"type":"Point","coordinates":[-162.5849,66.9030000000001]},"properties":{"name":"Aqqaimmuk House","facility":"ASSISTED LIVING","city":"KOTZEBUE","region":"AK","country":"US","population":5,"tier":"standard","source":"HIFLD Open NursingHomes"}},{"type":"Feature","geometry":{"type":"Point","coordinates":[-149.1966,61.6432]},"properties":{"name":"Rad Home","facility":"ASSISTED LIVING","city":"PALMER","region":"AK","country":"US","population":5,"tier":"standard","source":"HIFLD Open NursingHomes"}},{"type":"Feature","geometry":{"type":"Point","coordinates":[-149.8497,61.1589000000001]},"properties":{"name":"My Home ALH","facility":"ASSISTED LIVING","city":"ANCHORAGE","region":"AK","country":"US","population":5,"tier":"standard","source":"HIFLD Open NursingHomes"}},{"type":"Feature","geometry":{"type":"Point","coordinates":[-149.9348,61.1946]},"properties":{"name":"Friendly Empire Assisted Living Home","facility":"ASSISTED LIVING","city":"ANCHORAGE","region":"AK","country":"US","population":5,"tier":"standard","source":"HIFLD Open NursingHomes"}},{"type":"Feature","geometry":{"type":"Point","coordinates":[-161.7975,60.7831]},"properties":{"name":"YKHC - Camai House","facility":"ASSISTED LIVING","city":"BETHEL","region":"AK","country":"US","population":5,"tier":"standard","source":"HIFLD Open NursingHomes"}},{"type":"Feature","geometry":{"type":"Point","coordinates":[-147.8176,64.8784000000001]},"properties":{"name":"Agewise A New Vision","facility":"ASSISTED LIVING","city":"FAIRBANKS","region":"AK","country":"US","population":5,"tier":"standard","source":"HIFLD Open NursingHomes"}},{"type":"Feature","geometry":{"type":"Point","coordinates":[-149.2792,61.5984000000001]},"properties":{"name":"Colony Manor","facility":"ASSISTED LIVING","city":"PALMER","region":"AK","country":"US","population":5,"tier":"standard","source":"HIFLD Open NursingHomes"}},{"type":"Feature","geometry":{"type":"Point","coordinates":[-149.8024,61.2280000000001]},"properties":{"name":"Alaska Quality Care III ALH","facility":"ASSISTED LIVING","city":"ANCHORAGE","region":"AK","country":"US","population":12,"tier":"standard","source":"HIFLD Open NursingHomes"}},{"type":"Feature","geometry":{"type":"Point","coordinates":[-149.8235,61.1168000000001]},"properties":{"name":"Golden Sunrise ALH","facility":"ASSISTED LIVING","city":"ANCHORAGE","region":"AK","country":"US","population":5,"tier":"standard","source":"HIFLD Open NursingHomes"}},{"type":"Feature","geometry":{"type":"Point","coordinates":[-149.7661,61.1821]},"properties":{"name":"Baxter Senior Living","facility":"ASSISTED LIVING","city":"ANCHORAGE","region":"AK","country":"US","population":120,"tier":"standard","source":"HIFLD Open NursingHomes"}},{"type":"Feature","geometry":{"type":"Point","coordinates":[-149.7824,61.1966000000001]},"properties":{"name":"Esperance Assisted Living","facility":"ASSISTED LIVING","city":"ANCHORAGE","region":"AK","country":"US","population":5,"tier":"standard","source":"HIFLD Open NursingHomes"}},{"type":"Feature","geometry":{"type":"Point","coordinates":[-149.8271,61.1562000000001]},"properties":{"name":"Day Spring ALH","facility":"ASSISTED LIVING","city":"ANCHORAGE","region":"AK","country":"US","population":5,"tier":"standard","source":"HIFLD Open NursingHomes"}},{"type":"Feature","geometry":{"type":"Point","coordinates":[-149.8445,61.1674]},"properties":{"name":"Aspen Creek Senior Living","facility":"ASSISTED LIVING","city":"ANCHORAGE","region":"AK","country":"US","population":120,"tier":"standard","source":"HIFLD Open NursingHomes"}},{"type":"Feature","geometry":{"type":"Point","coordinates":[-149.8509,61.1049]},"properties":{"name":"Unique Assisted Living Home","facility":"ASSISTED LIVING","city":"ANCHORAGE","region":"AK","country":"US","population":5,"tier":"standard","source":"HIFLD Open NursingHomes"}},{"type":"Feature","geometry":{"type":"Point","coordinates":[-149.7839,61.1963000000001]},"properties":{"name":"Snow Circle ALH","facility":"ASSISTED LIVING","city":"ANCHORAGE","region":"AK","country":"US","population":5,"tier":"standard","source":"HIFLD Open NursingHomes"}},{"type":"Feature","geometry":{"type":"Point","coordinates":[-149.9486,61.1956000000001]},"properties":{"name":"Turnagain Assisted Living","facility":"ASSISTED LIVING","city":"ANCHORAGE","region":"AK","country":"US","population":5,"tier":"standard","source":"HIFLD Open NursingHomes"}},{"type":"Feature","geometry":{"type":"Point","coordinates":[-149.8215,61.1812]},"properties":{"name":"Symphony, ALH","facility":"ASSISTED LIVING","city":"ANCHORAGE","region":"AK","country":"US","population":12,"tier":"standard","source":"HIFLD Open NursingHomes"}},{"type":"Feature","geometry":{"type":"Point","coordinates":[-149.7286,61.1833]},"properties":{"name":"St. Bernadette ALH","facility":"ASSISTED LIVING","city":"ANCHORAGE","region":"AK","country":"US","population":5,"tier":"standard","source":"HIFLD Open NursingHomes"}},{"type":"Feature","geometry":{"type":"Point","coordinates":[-149.8449,61.1855000000001]},"properties":{"name":"The Four Angels Assisted Living","facility":"ASSISTED LIVING","city":"ANCHORAGE","region":"AK","country":"US","population":5,"tier":"standard","source":"HIFLD Open NursingHomes"}},{"type":"Feature","geometry":{"type":"Point","coordinates":[-149.8049,61.1566000000001]},"properties":{"name":"Simply Blue","facility":"ASSISTED LIVING","city":"ANCHORAGE","region":"AK","country":"US","population":5,"tier":"standard","source":"HIFLD Open NursingHomes"}},{"type":"Feature","geometry":{"type":"Point","coordinates":[-149.8099,61.2304]},"properties":{"name":"Second Chance Support Services","facility":"ASSISTED LIVING","city":"ANCHORAGE","region":"AK","country":"US","population":8,"tier":"standard","source":"HIFLD Open NursingHomes"}},{"type":"Feature","geometry":{"type":"Point","coordinates":[-149.4696,61.5985000000001]},"properties":{"name":"Shine Bright Care 2","facility":"ASSISTED LIVING","city":"WASILLA","region":"AK","country":"US","population":5,"tier":"standard","source":"HIFLD Open NursingHomes"}},{"type":"Feature","geometry":{"type":"Point","coordinates":[-149.9212,61.1817]},"properties":{"name":"Saint James Assisted Living","facility":"ASSISTED LIVING","city":"ANCHORAGE","region":"AK","country":"US","population":5,"tier":"standard","source":"HIFLD Open NursingHomes"}},{"type":"Feature","geometry":{"type":"Point","coordinates":[-151.0743,60.4778000000001]},"properties":{"name":"Riverquest Group Home, Inc.","facility":"ASSISTED LIVING","city":"SOLDOTNA","region":"AK","country":"US","population":20,"tier":"standard","source":"HIFLD Open NursingHomes"}},{"type":"Feature","geometry":{"type":"Point","coordinates":[-149.948,61.1498]},"properties":{"name":"Open Arms Assisted Living West","facility":"ASSISTED LIVING","city":"ANCHORAGE","region":"AK","country":"US","population":5,"tier":"standard","source":"HIFLD Open NursingHomes"}},{"type":"Feature","geometry":{"type":"Point","coordinates":[-149.2415,61.6631]},"properties":{"name":"O'Bie's Adobe Magnificent View","facility":"ASSISTED LIVING","city":"PALMER","region":"AK","country":"US","population":5,"tier":"standard","source":"HIFLD Open NursingHomes"}},{"type":"Feature","geometry":{"type":"Point","coordinates":[-149.888,61.1537000000001]},"properties":{"name":"Nana's House Assisted Living Home II","facility":"ASSISTED LIVING","city":"ANCHORAGE","region":"AK","country":"US","population":5,"tier":"standard","source":"HIFLD Open NursingHomes"}},{"type":"Feature","geometry":{"type":"Point","coordinates":[-149.7911,61.1979000000001]},"properties":{"name":"Hibiscus ALH","facility":"ASSISTED LIVING","city":"ANCHORAGE","region":"AK","country":"US","population":5,"tier":"standard","source":"HIFLD Open NursingHomes"}},{"type":"Feature","geometry":{"type":"Point","coordinates":[-149.7585,61.2141]},"properties":{"name":"Mount Carmel Assisted Living Home","facility":"ASSISTED LIVING","city":"ANCHORAGE","region":"AK","country":"US","population":5,"tier":"standard","source":"HIFLD Open NursingHomes"}},{"type":"Feature","geometry":{"type":"Point","coordinates":[-149.8777,61.2189000000001]},"properties":{"name":"McKinley Care Assisted Living","facility":"ASSISTED LIVING","city":"ANCHORAGE","region":"AK","country":"US","population":37,"tier":"standard","source":"HIFLD Open NursingHomes"}},{"type":"Feature","geometry":{"type":"Point","coordinates":[-149.8379,61.1594]},"properties":{"name":"H & L Assisted Living","facility":"ASSISTED LIVING","city":"ANCHORAGE","region":"AK","country":"US","population":5,"tier":"standard","source":"HIFLD Open NursingHomes"}},{"type":"Feature","geometry":{"type":"Point","coordinates":[-149.5601,61.3372]},"properties":{"name":"First Class Home Assisted Living","facility":"ASSISTED LIVING","city":"EAGLE RIVER","region":"AK","country":"US","population":5,"tier":"standard","source":"HIFLD Open NursingHomes"}},{"type":"Feature","geometry":{"type":"Point","coordinates":[-149.8779,61.1786000000001]},"properties":{"name":"Cjw Healthcare","facility":"ASSISTED LIVING","city":"ANCHORAGE","region":"AK","country":"US","population":5,"tier":"standard","source":"HIFLD Open NursingHomes"}},{"type":"Feature","geometry":{"type":"Point","coordinates":[-149.8233,61.156]},"properties":{"name":"Compassionate Care ALH","facility":"ASSISTED LIVING","city":"ANCHORAGE","region":"AK","country":"US","population":5,"tier":"standard","source":"HIFLD Open NursingHomes"}},{"type":"Feature","geometry":{"type":"Point","coordinates":[-149.9012,61.1589000000001]},"properties":{"name":"1Love Assist Living Home.","facility":"ASSISTED LIVING","city":"ANCHORAGE","region":"AK","country":"US","population":5,"tier":"standard","source":"HIFLD Open NursingHomes"}},{"type":"Feature","geometry":{"type":"Point","coordinates":[-149.9103,61.1372000000001]},"properties":{"name":"Big Hearts Alaska","facility":"ASSISTED LIVING","city":"ANCHORAGE","region":"AK","country":"US","population":5,"tier":"standard","source":"HIFLD Open NursingHomes"}},{"type":"Feature","geometry":{"type":"Point","coordinates":[-149.932,61.1842]},"properties":{"name":"3 Angels' Assisted Living Home II","facility":"ASSISTED LIVING","city":"ANCHORAGE","region":"AK","country":"US","population":5,"tier":"standard","source":"HIFLD Open NursingHomes"}},{"type":"Feature","geometry":{"type":"Point","coordinates":[-149.9336,61.1585000000001]},"properties":{"name":"4Everhome ALH","facility":"ASSISTED LIVING","city":"ANCHORAGE","region":"AK","country":"US","population":5,"tier":"standard","source":"HIFLD Open NursingHomes"}},{"type":"Feature","geometry":{"type":"Point","coordinates":[-149.763,61.2136]},"properties":{"name":"3 Angels' Assisted Living Home III","facility":"ASSISTED LIVING","city":"ANCHORAGE","region":"AK","country":"US","population":5,"tier":"standard","source":"HIFLD Open NursingHomes"}},{"type":"Feature","geometry":{"type":"Point","coordinates":[-149.7302,61.2057]},"properties":{"name":"Abba Assisted Living Home","facility":"ASSISTED LIVING","city":"ANCHORAGE","region":"AK","country":"US","population":5,"tier":"standard","source":"HIFLD Open NursingHomes"}},{"type":"Feature","geometry":{"type":"Point","coordinates":[-149.6471,61.6139000000001]},"properties":{"name":"Windy Ridge ALH","facility":"ASSISTED LIVING","city":"WASILLA","region":"AK","country":"US","population":3,"tier":"standard","source":"HIFLD Open NursingHomes"}},{"type":"Feature","geometry":{"type":"Point","coordinates":[-161.7971,60.7858000000001]},"properties":{"name":"YKHC - Malone Home","facility":"ASSISTED LIVING","city":"BETHEL","region":"AK","country":"US","population":5,"tier":"standard","source":"HIFLD Open NursingHomes"}},{"type":"Feature","geometry":{"type":"Point","coordinates":[-149.9562,61.1384]},"properties":{"name":"Wing And A Prayer Assisted Living","facility":"ASSISTED LIVING","city":"ANCHORAGE","region":"AK","country":"US","population":5,"tier":"standard","source":"HIFLD Open NursingHomes"}},{"type":"Feature","geometry":{"type":"Point","coordinates":[-149.7587,61.2182000000001]},"properties":{"name":"Wendy's Assisted Living Home","facility":"ASSISTED LIVING","city":"SITKA","region":"AK","country":"US","population":2,"tier":"standard","source":"HIFLD Open NursingHomes"}},{"type":"Feature","geometry":{"type":"Point","coordinates":[-149.936,61.1848000000001]},"properties":{"name":"Ur Precious Assisted Living Home 2.","facility":"ASSISTED LIVING","city":"ANCHORAGE","region":"AK","country":"US","population":4,"tier":"standard","source":"HIFLD Open NursingHomes"}},{"type":"Feature","geometry":{"type":"Point","coordinates":[-149.7546,61.2126000000001]},"properties":{"name":"Uba ALH","facility":"ASSISTED LIVING","city":"ANCHORAGE","region":"AK","country":"US","population":4,"tier":"standard","source":"HIFLD Open NursingHomes"}},{"type":"Feature","geometry":{"type":"Point","coordinates":[-149.7253,61.2099]},"properties":{"name":"Twin Hearts Assisted Living For The Elderly","facility":"ASSISTED LIVING","city":"ANCHORAGE","region":"AK","country":"US","population":5,"tier":"standard","source":"HIFLD Open NursingHomes"}},{"type":"Feature","geometry":{"type":"Point","coordinates":[-149.7862,61.1352000000001]},"properties":{"name":"Thrive Assisted Living","facility":"ASSISTED LIVING","city":"ANCHORAGE","region":"AK","country":"US","population":16,"tier":"standard","source":"HIFLD Open NursingHomes"}},{"type":"Feature","geometry":{"type":"Point","coordinates":[-149.9275,61.1829000000001]},"properties":{"name":"The New Creation","facility":"ASSISTED LIVING","city":"ANCHORAGE","region":"AK","country":"US","population":3,"tier":"standard","source":"HIFLD Open NursingHomes"}},{"type":"Feature","geometry":{"type":"Point","coordinates":[-149.854,61.1872000000001]},"properties":{"name":"The Cozy Chalet","facility":"ASSISTED LIVING","city":"ANCHORAGE","region":"AK","country":"US","population":5,"tier":"standard","source":"HIFLD Open NursingHomes"}},{"type":"Feature","geometry":{"type":"Point","coordinates":[-149.7478,61.2009]},"properties":{"name":"The Angelus ALH","facility":"ASSISTED LIVING","city":"ANCHORAGE","region":"AK","country":"US","population":5,"tier":"standard","source":"HIFLD Open NursingHomes"}},{"type":"Feature","geometry":{"type":"Point","coordinates":[-149.7829,61.0763]},"properties":{"name":"Sunshine Haven Assisted Living Home.","facility":"ASSISTED LIVING","city":"ANCHORAGE","region":"AK","country":"US","population":2,"tier":"standard","source":"HIFLD Open NursingHomes"}},{"type":"Feature","geometry":{"type":"Point","coordinates":[-149.825,61.2046]},"properties":{"name":"Sunrise Community Living","facility":"ASSISTED LIVING","city":"ANCHORAGE","region":"AK","country":"US","population":5,"tier":"standard","source":"HIFLD Open NursingHomes"}},{"type":"Feature","geometry":{"type":"Point","coordinates":[-151.1673,60.4683]},"properties":{"name":"Sterling Care Group Home","facility":"ASSISTED LIVING","city":"SOLDOTNA","region":"AK","country":"US","population":4,"tier":"standard","source":"HIFLD Open NursingHomes"}},{"type":"Feature","geometry":{"type":"Point","coordinates":[-149.7978,61.2201000000001]},"properties":{"name":"Serenity Care ALH.","facility":"ASSISTED LIVING","city":"ANCHORAGE","region":"AK","country":"US","population":4,"tier":"standard","source":"HIFLD Open NursingHomes"}},{"type":"Feature","geometry":{"type":"Point","coordinates":[-149.6331,61.5903]},"properties":{"name":"Raven's View","facility":"ASSISTED LIVING","city":"WASILLA","region":"AK","country":"US","population":3,"tier":"standard","source":"HIFLD Open NursingHomes"}},{"type":"Feature","geometry":{"type":"Point","coordinates":[-149.832,61.1499000000001]},"properties":{"name":"Serene Grace Assisted Living Home II","facility":"ASSISTED LIVING","city":"ANCHORAGE","region":"AK","country":"US","population":5,"tier":"standard","source":"HIFLD Open NursingHomes"}},{"type":"Feature","geometry":{"type":"Point","coordinates":[-149.6234,61.5119000000001]},"properties":{"name":"Nonomi House","facility":"ASSISTED LIVING","city":"WASILLA","region":"AK","country":"US","population":3,"tier":"standard","source":"HIFLD Open NursingHomes"}},{"type":"Feature","geometry":{"type":"Point","coordinates":[-134.5953,58.4013]},"properties":{"name":"Reach - Steelhead","facility":"ASSISTED LIVING","city":"JUNEAU","region":"AK","country":"US","population":5,"tier":"standard","source":"HIFLD Open NursingHomes"}},{"type":"Feature","geometry":{"type":"Point","coordinates":[-149.8511,61.1269]},"properties":{"name":"Our Home","facility":"ASSISTED LIVING","city":"ANCHORAGE","region":"AK","country":"US","population":5,"tier":"standard","source":"HIFLD Open NursingHomes"}},{"type":"Feature","geometry":{"type":"Point","coordinates":[-147.7835,64.8573000000001]},"properties":{"name":"Nadon Family Home V","facility":"ASSISTED LIVING","city":"FAIRBANKS","region":"AK","country":"US","population":5,"tier":"standard","source":"HIFLD Open NursingHomes"}},{"type":"Feature","geometry":{"type":"Point","coordinates":[-149.9334,61.135]},"properties":{"name":"Nadon Family Home III","facility":"ASSISTED LIVING","city":"ANCHORAGE","region":"AK","country":"US","population":2,"tier":"standard","source":"HIFLD Open NursingHomes"}},{"type":"Feature","geometry":{"type":"Point","coordinates":[-149.537,61.5534000000001]},"properties":{"name":"Mssca - Siberian Pea (Formerly Country Wood)","facility":"ASSISTED LIVING","city":"WASILLA","region":"AK","country":"US","population":2,"tier":"standard","source":"HIFLD Open NursingHomes"}},{"type":"Feature","geometry":{"type":"Point","coordinates":[-149.5367,61.5541000000001]},"properties":{"name":"Mssca - Tundra Rose","facility":"ASSISTED LIVING","city":"WASILLA","region":"AK","country":"US","population":2,"tier":"standard","source":"HIFLD Open NursingHomes"}},{"type":"Feature","geometry":{"type":"Point","coordinates":[-149.8926,61.1898]},"properties":{"name":"Naath Assisted Living Home","facility":"ASSISTED LIVING","city":"ANCHORAGE","region":"AK","country":"US","population":4,"tier":"standard","source":"HIFLD Open NursingHomes"}},{"type":"Feature","geometry":{"type":"Point","coordinates":[-149.55,61.5454]},"properties":{"name":"Mssca - Kertulla Court","facility":"ASSISTED LIVING","city":"WASILLA","region":"AK","country":"US","population":2,"tier":"standard","source":"HIFLD Open NursingHomes"}},{"type":"Feature","geometry":{"type":"Point","coordinates":[-149.7667,61.2109]},"properties":{"name":"Mind And Soul","facility":"ASSISTED LIVING","city":"ANCHORAGE","region":"AK","country":"US","population":2,"tier":"standard","source":"HIFLD Open NursingHomes"}},{"type":"Feature","geometry":{"type":"Point","coordinates":[-149.8186,61.1472000000001]},"properties":{"name":"Melinda's Home Care","facility":"ASSISTED LIVING","city":"ANCHORAGE","region":"AK","country":"US","population":2,"tier":"standard","source":"HIFLD Open NursingHomes"}},{"type":"Feature","geometry":{"type":"Point","coordinates":[-149.78,61.1852000000001]},"properties":{"name":"McKenzie Assisted Living Home I","facility":"ASSISTED LIVING","city":"ANCHORAGE","region":"AK","country":"US","population":8,"tier":"standard","source":"HIFLD Open NursingHomes"}},{"type":"Feature","geometry":{"type":"Point","coordinates":[-149.853,61.1618]},"properties":{"name":"Lily Pond ALH","facility":"ASSISTED LIVING","city":"ANCHORAGE","region":"AK","country":"US","population":2,"tier":"standard","source":"HIFLD Open NursingHomes"}},{"type":"Feature","geometry":{"type":"Point","coordinates":[-149.5376,61.5909]},"properties":{"name":"Macgregor House","facility":"ASSISTED LIVING","city":"WASILLA","region":"AK","country":"US","population":5,"tier":"standard","source":"HIFLD Open NursingHomes"}},{"type":"Feature","geometry":{"type":"Point","coordinates":[-149.409,61.5942000000001]},"properties":{"name":"Kearney Home","facility":"ASSISTED LIVING","city":"WASILLA","region":"AK","country":"US","population":2,"tier":"standard","source":"HIFLD Open NursingHomes"}},{"type":"Feature","geometry":{"type":"Point","coordinates":[-149.9528,61.1427000000001]},"properties":{"name":"Living Stone Home Care","facility":"ASSISTED LIVING","city":"ANCHORAGE","region":"AK","country":"US","population":30,"tier":"standard","source":"HIFLD Open NursingHomes"}},{"type":"Feature","geometry":{"type":"Point","coordinates":[-158.5772,59.0547000000001]},"properties":{"name":"Hope - Yuguutuk","facility":"ASSISTED LIVING","city":"DILLINGHAM","region":"AK","country":"US","population":4,"tier":"standard","source":"HIFLD Open NursingHomes"}},{"type":"Feature","geometry":{"type":"Point","coordinates":[-149.8953,61.1574]},"properties":{"name":"Independence Lodge","facility":"ASSISTED LIVING","city":"ANCHORAGE","region":"AK","country":"US","population":2,"tier":"standard","source":"HIFLD Open NursingHomes"}},{"type":"Feature","geometry":{"type":"Point","coordinates":[-151.0614,60.4867]},"properties":{"name":"Hope - Grandview #2 - Lesko Peanut Butter And Jelly","facility":"ASSISTED LIVING","city":"SOLDOTNA","region":"AK","country":"US","population":2,"tier":"standard","source":"HIFLD Open NursingHomes"}},{"type":"Feature","geometry":{"type":"Point","coordinates":[-151.0614,60.4866000000001]},"properties":{"name":"Hope - Grandview #3 - Lulu Belle","facility":"ASSISTED LIVING","city":"SOLDOTNA","region":"AK","country":"US","population":2,"tier":"standard","source":"HIFLD Open NursingHomes"}},{"type":"Feature","geometry":{"type":"Point","coordinates":[-151.0614,60.4866000000001]},"properties":{"name":"Hope - Grandview #6 - Man Cave","facility":"ASSISTED LIVING","city":"SOLDOTNA","region":"AK","country":"US","population":2,"tier":"standard","source":"HIFLD Open NursingHomes"}},{"type":"Feature","geometry":{"type":"Point","coordinates":[-151.0613,60.4866000000001]},"properties":{"name":"Hope - Grandview #7 - Maclaren","facility":"ASSISTED LIVING","city":"SOLDOTNA","region":"AK","country":"US","population":2,"tier":"standard","source":"HIFLD Open NursingHomes"}},{"type":"Feature","geometry":{"type":"Point","coordinates":[-151.0613,60.4867]},"properties":{"name":"Hope - Grandview #5 - Bright Minds Cottage","facility":"ASSISTED LIVING","city":"SOLDOTNA","region":"AK","country":"US","population":2,"tier":"standard","source":"HIFLD Open NursingHomes"}},{"type":"Feature","geometry":{"type":"Point","coordinates":[-151.0613,60.4868000000001]},"properties":{"name":"Hope - Grandview #4 - Bright Side Bungalow","facility":"ASSISTED LIVING","city":"SOLDOTNA","region":"AK","country":"US","population":2,"tier":"standard","source":"HIFLD Open NursingHomes"}},{"type":"Feature","geometry":{"type":"Point","coordinates":[-149.6603,61.611]},"properties":{"name":"Hope - Alma Drive","facility":"ASSISTED LIVING","city":"WASILLA","region":"AK","country":"US","population":3,"tier":"standard","source":"HIFLD Open NursingHomes"}},{"type":"Feature","geometry":{"type":"Point","coordinates":[-149.7772,61.1830000000001]},"properties":{"name":"Icare Assisted Living Home","facility":"ASSISTED LIVING","city":"ANCHORAGE","region":"AK","country":"US","population":5,"tier":"standard","source":"HIFLD Open NursingHomes"}},{"type":"Feature","geometry":{"type":"Point","coordinates":[-149.8919,61.1828]},"properties":{"name":"Hope - West 42nd #2","facility":"ASSISTED LIVING","city":"ANCHORAGE","region":"AK","country":"US","population":2,"tier":"standard","source":"HIFLD Open NursingHomes"}},{"type":"Feature","geometry":{"type":"Point","coordinates":[-149.0406,61.5791]},"properties":{"name":"Hearts And Hands Of Care V","facility":"ASSISTED LIVING","city":"PALMER","region":"AK","country":"US","population":4,"tier":"standard","source":"HIFLD Open NursingHomes"}},{"type":"Feature","geometry":{"type":"Point","coordinates":[-151.6528,60.0338]},"properties":{"name":"Happy Valley Assisted Living","facility":"ASSISTED LIVING","city":"NINILCHIK","region":"AK","country":"US","population":5,"tier":"standard","source":"HIFLD Open NursingHomes"}},{"type":"Feature","geometry":{"type":"Point","coordinates":[-149.749,61.2222]},"properties":{"name":"Heart Of Care","facility":"ASSISTED LIVING","city":"ANCHORAGE","region":"AK","country":"US","population":4,"tier":"standard","source":"HIFLD Open NursingHomes"}},{"type":"Feature","geometry":{"type":"Point","coordinates":[-149.9033,61.1446000000001]},"properties":{"name":"Guardian Angel ALH","facility":"ASSISTED LIVING","city":"ANCHORAGE","region":"AK","country":"US","population":2,"tier":"standard","source":"HIFLD Open NursingHomes"}},{"type":"Feature","geometry":{"type":"Point","coordinates":[-149.6589,61.575]},"properties":{"name":"Feathered Nest","facility":"ASSISTED LIVING","city":"WASILLA","region":"AK","country":"US","population":2,"tier":"standard","source":"HIFLD Open NursingHomes"}},{"type":"Feature","geometry":{"type":"Point","coordinates":[-150.8494,60.5147]},"properties":{"name":"Freedom Estate Assisted Living.","facility":"ASSISTED LIVING","city":"STERLING","region":"AK","country":"US","population":5,"tier":"standard","source":"HIFLD Open NursingHomes"}},{"type":"Feature","geometry":{"type":"Point","coordinates":[-151.1795,60.568]},"properties":{"name":"Fcs - Aliak #2","facility":"ASSISTED LIVING","city":"KENAI","region":"AK","country":"US","population":3,"tier":"standard","source":"HIFLD Open NursingHomes"}},{"type":"Feature","geometry":{"type":"Point","coordinates":[-149.7716,61.2092000000001]},"properties":{"name":"Flourishing Assisted Living Home, Inc.","facility":"ASSISTED LIVING","city":"ANCHORAGE","region":"AK","country":"US","population":5,"tier":"standard","source":"HIFLD Open NursingHomes"}},{"type":"Feature","geometry":{"type":"Point","coordinates":[-149.7202,61.2136]},"properties":{"name":"Drelani's Home","facility":"ASSISTED LIVING","city":"ANCHORAGE","region":"AK","country":"US","population":2,"tier":"standard","source":"HIFLD Open NursingHomes"}},{"type":"Feature","geometry":{"type":"Point","coordinates":[-149.2895,61.6131]},"properties":{"name":"Dehart Assisted Living Home","facility":"ASSISTED LIVING","city":"PALMER","region":"AK","country":"US","population":3,"tier":"standard","source":"HIFLD Open NursingHomes"}},{"type":"Feature","geometry":{"type":"Point","coordinates":[-149.5105,61.5242000000001]},"properties":{"name":"Eagle House","facility":"ASSISTED LIVING","city":"WASILLA","region":"AK","country":"US","population":2,"tier":"standard","source":"HIFLD Open NursingHomes"}},{"type":"Feature","geometry":{"type":"Point","coordinates":[-147.8512,64.8416]},"properties":{"name":"Esperance ALH 2","facility":"ASSISTED LIVING","city":"ANCHORAGE","region":"AK","country":"US","population":5,"tier":"standard","source":"HIFLD Open NursingHomes"}},{"type":"Feature","geometry":{"type":"Point","coordinates":[-147.8602,64.8391]},"properties":{"name":"Emmanuel Assisted Living Home West","facility":"ASSISTED LIVING","city":"FAIRBANKS","region":"AK","country":"US","population":5,"tier":"standard","source":"HIFLD Open NursingHomes"}},{"type":"Feature","geometry":{"type":"Point","coordinates":[-149.6186,61.5192000000001]},"properties":{"name":"Eagle","facility":"ASSISTED LIVING","city":"WASILLA","region":"AK","country":"US","population":4,"tier":"standard","source":"HIFLD Open NursingHomes"}},{"type":"Feature","geometry":{"type":"Point","coordinates":[-147.7829,64.8594000000001]},"properties":{"name":"Crossroads Counseling And Training (Ccats) 4","facility":"ASSISTED LIVING","city":"FAIRBANKS","region":"AK","country":"US","population":2,"tier":"standard","source":"HIFLD Open NursingHomes"}},{"type":"Feature","geometry":{"type":"Point","coordinates":[-149.8047,61.5324]},"properties":{"name":"Big Lake Country Club IV","facility":"ASSISTED LIVING","city":"BIG LAKE","region":"AK","country":"US","population":3,"tier":"standard","source":"HIFLD Open NursingHomes"}},{"type":"Feature","geometry":{"type":"Point","coordinates":[-149.8045,61.5308]},"properties":{"name":"Big Lake Country Club III","facility":"ASSISTED LIVING","city":"BIG LAKE","region":"AK","country":"US","population":3,"tier":"standard","source":"HIFLD Open NursingHomes"}},{"type":"Feature","geometry":{"type":"Point","coordinates":[-147.8598,64.8407000000001]},"properties":{"name":"Crossroads Counseling And Training (Ccats) 3","facility":"ASSISTED LIVING","city":"FAIRBANKS","region":"AK","country":"US","population":5,"tier":"standard","source":"HIFLD Open NursingHomes"}},{"type":"Feature","geometry":{"type":"Point","coordinates":[-149.9165,61.1488000000001]},"properties":{"name":"Coles Cares","facility":"ASSISTED LIVING","city":"ANCHORAGE","region":"AK","country":"US","population":2,"tier":"standard","source":"HIFLD Open NursingHomes"}},{"type":"Feature","geometry":{"type":"Point","coordinates":[-149.7358,61.1842]},"properties":{"name":"Carmelite Home","facility":"ASSISTED LIVING","city":"ANCHORAGE","region":"AK","country":"US","population":5,"tier":"standard","source":"HIFLD Open NursingHomes"}},{"type":"Feature","geometry":{"type":"Point","coordinates":[-149.811,61.6303]},"properties":{"name":"Big Lake Country Club Vi","facility":"ASSISTED LIVING","city":"HOUSTON","region":"AK","country":"US","population":4,"tier":"standard","source":"HIFLD Open NursingHomes"}},{"type":"Feature","geometry":{"type":"Point","coordinates":[-149.7877,61.1936]},"properties":{"name":"Carel II Assisted Living Home","facility":"ASSISTED LIVING","city":"ANCHORAGE","region":"AK","country":"US","population":5,"tier":"standard","source":"HIFLD Open NursingHomes"}},{"type":"Feature","geometry":{"type":"Point","coordinates":[-149.2504,61.5954]},"properties":{"name":"Winding Brook House A","facility":"ASSISTED LIVING","city":"PALMER","region":"AK","country":"US","population":3,"tier":"standard","source":"HIFLD Open NursingHomes"}},{"type":"Feature","geometry":{"type":"Point","coordinates":[-149.4351,61.6413000000001]},"properties":{"name":"Arctic Rose Assisted Living Home","facility":"ASSISTED LIVING","city":"WASILLA","region":"AK","country":"US","population":5,"tier":"standard","source":"HIFLD Open NursingHomes"}},{"type":"Feature","geometry":{"type":"Point","coordinates":[-149.1466,61.6094000000001]},"properties":{"name":"7th Son Assisted Living","facility":"ASSISTED LIVING","city":"PALMER","region":"AK","country":"US","population":3,"tier":"standard","source":"HIFLD Open NursingHomes"}},{"type":"Feature","geometry":{"type":"Point","coordinates":[-149.7392,61.1874000000001]},"properties":{"name":"Agape Love Assisted Living Home","facility":"ASSISTED LIVING","city":"ANCHORAGE","region":"AK","country":"US","population":5,"tier":"standard","source":"HIFLD Open NursingHomes"}},{"type":"Feature","geometry":{"type":"Point","coordinates":[-149.776,61.2182000000001]},"properties":{"name":"Agape Living ALH","facility":"ASSISTED LIVING","city":"ANCHORAGE","region":"AK","country":"US","population":2,"tier":"standard","source":"HIFLD Open NursingHomes"}},{"type":"Feature","geometry":{"type":"Point","coordinates":[-149.9177,61.1868000000001]},"properties":{"name":"3707 Oregon ALH","facility":"ASSISTED LIVING","city":"ANCHORAGE","region":"AK","country":"US","population":5,"tier":"standard","source":"HIFLD Open NursingHomes"}},{"type":"Feature","geometry":{"type":"Point","coordinates":[-149.8258,61.2095000000001]},"properties":{"name":"3 Angels' Assisted Living Home","facility":"ASSISTED LIVING","city":"ANCHORAGE","region":"AK","country":"US","population":5,"tier":"standard","source":"HIFLD Open NursingHomes"}},{"type":"Feature","geometry":{"type":"Point","coordinates":[-149.5066,61.5969000000001]},"properties":{"name":"Yancey ALH","facility":"ASSISTED LIVING","city":"WASILLA","region":"AK","country":"US","population":1,"tier":"standard","source":"HIFLD Open NursingHomes"}},{"type":"Feature","geometry":{"type":"Point","coordinates":[-149.4911,61.3977]},"properties":{"name":"Birchwood Assisted Living Home","facility":"ASSISTED LIVING","city":"CHUGIAK","region":"AK","country":"US","population":3,"tier":"standard","source":"HIFLD Open NursingHomes"}},{"type":"Feature","geometry":{"type":"Point","coordinates":[-149.2664,61.5836]},"properties":{"name":"Willow Tree House","facility":"ASSISTED LIVING","city":"PALMER","region":"AK","country":"US","population":2,"tier":"standard","source":"HIFLD Open NursingHomes"}},{"type":"Feature","geometry":{"type":"Point","coordinates":[-149.7771,61.2041]},"properties":{"name":"Williams-Reid ALH","facility":"ASSISTED LIVING","city":"ANCHORAGE","region":"AK","country":"US","population":4,"tier":"standard","source":"HIFLD Open NursingHomes"}},{"type":"Feature","geometry":{"type":"Point","coordinates":[-151.5092,59.6759000000001]},"properties":{"name":"Williams Assisted Living Home","facility":"ASSISTED LIVING","city":"HOMER","region":"AK","country":"US","population":2,"tier":"standard","source":"HIFLD Open NursingHomes"}},{"type":"Feature","geometry":{"type":"Point","coordinates":[-149.1006,61.5816]},"properties":{"name":"Wild Rose Gardens # A","facility":"ASSISTED LIVING","city":"PALMER","region":"AK","country":"US","population":2,"tier":"standard","source":"HIFLD Open NursingHomes"}},{"type":"Feature","geometry":{"type":"Point","coordinates":[-149.5426,61.5312000000001]},"properties":{"name":"Wasilla Group Home","facility":"ASSISTED LIVING","city":"WASILLA","region":"AK","country":"US","population":3,"tier":"standard","source":"HIFLD Open NursingHomes"}},{"type":"Feature","geometry":{"type":"Point","coordinates":[-149.3768,61.6144]},"properties":{"name":"Wanamingo Group Home","facility":"ASSISTED LIVING","city":"WASILLA","region":"AK","country":"US","population":3,"tier":"standard","source":"HIFLD Open NursingHomes"}},{"type":"Feature","geometry":{"type":"Point","coordinates":[-149.2933,61.6580000000001]},"properties":{"name":"Utopia ALH","facility":"ASSISTED LIVING","city":"WASILLA","region":"AK","country":"US","population":4,"tier":"standard","source":"HIFLD Open NursingHomes"}},{"type":"Feature","geometry":{"type":"Point","coordinates":[-149.9131,61.1361000000001]},"properties":{"name":"True North Assisted Living","facility":"ASSISTED LIVING","city":"ANCHORAGE","region":"AK","country":"US","population":4,"tier":"standard","source":"HIFLD Open NursingHomes"}},{"type":"Feature","geometry":{"type":"Point","coordinates":[-149.9182,61.1897000000001]},"properties":{"name":"Treasures Angels","facility":"ASSISTED LIVING","city":"ANCHORAGE","region":"AK","country":"US","population":2,"tier":"standard","source":"HIFLD Open NursingHomes"}},{"type":"Feature","geometry":{"type":"Point","coordinates":[-151.2289,60.5147]},"properties":{"name":"Titus Assisted Living Home","facility":"ASSISTED LIVING","city":"KENAI","region":"AK","country":"US","population":1,"tier":"standard","source":"HIFLD Open NursingHomes"}},{"type":"Feature","geometry":{"type":"Point","coordinates":[-149.932,61.1603000000001]},"properties":{"name":"Sweet Success","facility":"ASSISTED LIVING","city":"ANCHORAGE","region":"AK","country":"US","population":7,"tier":"standard","source":"HIFLD Open NursingHomes"}},{"type":"Feature","geometry":{"type":"Point","coordinates":[-149.7564,61.2078000000001]},"properties":{"name":"Susan's ALH","facility":"ASSISTED LIVING","city":"ANCHORAGE","region":"AK","country":"US","population":2,"tier":"standard","source":"HIFLD Open NursingHomes"}},{"type":"Feature","geometry":{"type":"Point","coordinates":[-149.8336,61.1454000000001]},"properties":{"name":"Supreme Home - Bryant Circle","facility":"ASSISTED LIVING","city":"ANCHORAGE","region":"AK","country":"US","population":5,"tier":"standard","source":"HIFLD Open NursingHomes"}},{"type":"Feature","geometry":{"type":"Point","coordinates":[-149.9105,61.1341]},"properties":{"name":"Supreme Home","facility":"ASSISTED LIVING","city":"ANCHORAGE","region":"AK","country":"US","population":5,"tier":"standard","source":"HIFLD Open NursingHomes"}},{"type":"Feature","geometry":{"type":"Point","coordinates":[-149.9131,61.1359]},"properties":{"name":"Sunview Care Assisted Living Home","facility":"ASSISTED LIVING","city":"ANCHORAGE","region":"AK","country":"US","population":4,"tier":"standard","source":"HIFLD Open NursingHomes"}},{"type":"Feature","geometry":{"type":"Point","coordinates":[-149.8013,61.2201000000001]},"properties":{"name":"Heavenly Hands 2","facility":"ASSISTED LIVING","city":"ANCHORAGE","region":"AK","country":"US","population":5,"tier":"standard","source":"HIFLD Open NursingHomes"}},{"type":"Feature","geometry":{"type":"Point","coordinates":[-149.8603,61.2070000000001]},"properties":{"name":"Abundant Care Castle","facility":"ASSISTED LIVING","city":"ANCHORAGE","region":"AK","country":"US","population":1,"tier":"standard","source":"HIFLD Open NursingHomes"}},{"type":"Feature","geometry":{"type":"Point","coordinates":[-149.7413,61.1861000000001]},"properties":{"name":"Stearns Assisted Living","facility":"ASSISTED LIVING","city":"ANCHORAGE","region":"AK","country":"US","population":2,"tier":"standard","source":"HIFLD Open NursingHomes"}},{"type":"Feature","geometry":{"type":"Point","coordinates":[-149.3909,61.5470000000001]},"properties":{"name":"Smith ALH","facility":"ASSISTED LIVING","city":"WASILLA","region":"AK","country":"US","population":3,"tier":"standard","source":"HIFLD Open NursingHomes"}},{"type":"Feature","geometry":{"type":"Point","coordinates":[-149.8531,61.1404000000001]},"properties":{"name":"Shine Bright Care","facility":"ASSISTED LIVING","city":"ANCHORAGE","region":"AK","country":"US","population":2,"tier":"standard","source":"HIFLD Open NursingHomes"}},{"type":"Feature","geometry":{"type":"Point","coordinates":[-149.8613,61.2095000000001]},"properties":{"name":"Sharon's Assisted Living","facility":"ASSISTED LIVING","city":"ANCHORAGE","region":"AK","country":"US","population":2,"tier":"standard","source":"HIFLD Open NursingHomes"}},{"type":"Feature","geometry":{"type":"Point","coordinates":[-149.9599,61.14]},"properties":{"name":"Shambala ALH","facility":"ASSISTED LIVING","city":"ANCHORAGE","region":"AK","country":"US","population":2,"tier":"standard","source":"HIFLD Open NursingHomes"}},{"type":"Feature","geometry":{"type":"Point","coordinates":[-149.7976,61.2176000000001]},"properties":{"name":"Shaligo Homes","facility":"ASSISTED LIVING","city":"ANCHORAGE","region":"AK","country":"US","population":2,"tier":"standard","source":"HIFLD Open NursingHomes"}},{"type":"Feature","geometry":{"type":"Point","coordinates":[-149.8546,61.2048]},"properties":{"name":"Serenity Suites","facility":"ASSISTED LIVING","city":"ANCHORAGE","region":"AK","country":"US","population":5,"tier":"standard","source":"HIFLD Open NursingHomes"}},{"type":"Feature","geometry":{"type":"Point","coordinates":[-149.4844,61.417]},"properties":{"name":"Second Chances","facility":"ASSISTED LIVING","city":"CHUGIAK","region":"AK","country":"US","population":4,"tier":"standard","source":"HIFLD Open NursingHomes"}},{"type":"Feature","geometry":{"type":"Point","coordinates":[-149.4436,60.1182000000001]},"properties":{"name":"Seaview Community Services ALH","facility":"ASSISTED LIVING","city":"SEWARD","region":"AK","country":"US","population":7,"tier":"standard","source":"HIFLD Open NursingHomes"}},{"type":"Feature","geometry":{"type":"Point","coordinates":[-149.7362,61.1839000000001]},"properties":{"name":"Scenic Manor ALH","facility":"ASSISTED LIVING","city":"ANCHORAGE","region":"AK","country":"US","population":5,"tier":"standard","source":"HIFLD Open NursingHomes"}},{"type":"Feature","geometry":{"type":"Point","coordinates":[-149.8051,61.2049000000001]},"properties":{"name":"Sauda's Helping Hands Assisted Living Home","facility":"ASSISTED LIVING","city":"ANCHORAGE","region":"AK","country":"US","population":4,"tier":"standard","source":"HIFLD Open NursingHomes"}},{"type":"Feature","geometry":{"type":"Point","coordinates":[-149.9526,61.1401000000001]},"properties":{"name":"Sanctuary II ALH","facility":"ASSISTED LIVING","city":"ANCHORAGE","region":"AK","country":"US","population":5,"tier":"standard","source":"HIFLD Open NursingHomes"}},{"type":"Feature","geometry":{"type":"Point","coordinates":[-149.7966,61.2068]},"properties":{"name":"Sally Marie's ALH","facility":"ASSISTED LIVING","city":"ANCHORAGE","region":"AK","country":"US","population":1,"tier":"standard","source":"HIFLD Open NursingHomes"}},{"type":"Feature","geometry":{"type":"Point","coordinates":[-149.6483,61.5851]},"properties":{"name":"Ruth Mingo Manor","facility":"ASSISTED LIVING","city":"WASILLA","region":"AK","country":"US","population":4,"tier":"standard","source":"HIFLD Open NursingHomes"}},{"type":"Feature","geometry":{"type":"Point","coordinates":[-149.8632,61.1960000000001]},"properties":{"name":"M-Care","facility":"ASSISTED LIVING","city":"ANCHORAGE","region":"AK","country":"US","population":5,"tier":"standard","source":"HIFLD Open NursingHomes"}},{"type":"Feature","geometry":{"type":"Point","coordinates":[-149.644,61.5860000000001]},"properties":{"name":"Robin's Nest ALH","facility":"ASSISTED LIVING","city":"WASILLA","region":"AK","country":"US","population":3,"tier":"standard","source":"HIFLD Open NursingHomes"}},{"type":"Feature","geometry":{"type":"Point","coordinates":[-149.7582,61.1286000000001]},"properties":{"name":"Robert, Diana ALH","facility":"ASSISTED LIVING","city":"ANCHORAGE","region":"AK","country":"US","population":3,"tier":"standard","source":"HIFLD Open NursingHomes"}},{"type":"Feature","geometry":{"type":"Point","coordinates":[-149.9581,61.1382]},"properties":{"name":"Reflective Assisted Living Home","facility":"ASSISTED LIVING","city":"ANCHORAGE","region":"AK","country":"US","population":5,"tier":"standard","source":"HIFLD Open NursingHomes"}},{"type":"Feature","geometry":{"type":"Point","coordinates":[-134.5748,58.3845000000001]},"properties":{"name":"Reach - Mendenhall Woods","facility":"ASSISTED LIVING","city":"JUNEAU","region":"AK","country":"US","population":4,"tier":"standard","source":"HIFLD Open NursingHomes"}},{"type":"Feature","geometry":{"type":"Point","coordinates":[-134.4968,58.3631]},"properties":{"name":"Reach - Mark Alan Home","facility":"ASSISTED LIVING","city":"JUNEAU","region":"AK","country":"US","population":5,"tier":"standard","source":"HIFLD Open NursingHomes"}},{"type":"Feature","geometry":{"type":"Point","coordinates":[-134.574,58.3846]},"properties":{"name":"Reach - Glacier Woods","facility":"ASSISTED LIVING","city":"JUNEAU","region":"AK","country":"US","population":5,"tier":"standard","source":"HIFLD Open NursingHomes"}},{"type":"Feature","geometry":{"type":"Point","coordinates":[-149.6234,61.4955]},"properties":{"name":"Ramona's Home","facility":"ASSISTED LIVING","city":"WASILLA","region":"AK","country":"US","population":4,"tier":"standard","source":"HIFLD Open NursingHomes"}},{"type":"Feature","geometry":{"type":"Point","coordinates":[-149.5054,61.3155]},"properties":{"name":"Queen Victoria","facility":"ASSISTED LIVING","city":"EAGLE RIVER","region":"AK","country":"US","population":2,"tier":"standard","source":"HIFLD Open NursingHomes"}},{"type":"Feature","geometry":{"type":"Point","coordinates":[-149.72,61.2146000000001]},"properties":{"name":"Quality And Quantity Care Services","facility":"ASSISTED LIVING","city":"ANCHORAGE","region":"AK","country":"US","population":4,"tier":"standard","source":"HIFLD Open NursingHomes"}},{"type":"Feature","geometry":{"type":"Point","coordinates":[-149.7553,61.2146000000001]},"properties":{"name":"Peace And Harmony ALH #2","facility":"ASSISTED LIVING","city":"ANCHORAGE","region":"AK","country":"US","population":5,"tier":"standard","source":"HIFLD Open NursingHomes"}},{"type":"Feature","geometry":{"type":"Point","coordinates":[-149.762,61.2232000000001]},"properties":{"name":"Peace & Harmony ALH","facility":"ASSISTED LIVING","city":"ANCHORAGE","region":"AK","country":"US","population":4,"tier":"standard","source":"HIFLD Open NursingHomes"}},{"type":"Feature","geometry":{"type":"Point","coordinates":[-149.7908,61.1316000000001]},"properties":{"name":"Parson Home","facility":"ASSISTED LIVING","city":"ANCHORAGE","region":"AK","country":"US","population":5,"tier":"standard","source":"HIFLD Open NursingHomes"}},{"type":"Feature","geometry":{"type":"Point","coordinates":[-149.7281,61.2167000000001]},"properties":{"name":"Parker Too ALH","facility":"ASSISTED LIVING","city":"ANCHORAGE","region":"AK","country":"US","population":2,"tier":"standard","source":"HIFLD Open NursingHomes"}},{"type":"Feature","geometry":{"type":"Point","coordinates":[-149.5595,61.3152000000001]},"properties":{"name":"Palos Verdes House","facility":"ASSISTED LIVING","city":"EAGLE RIVER","region":"AK","country":"US","population":4,"tier":"standard","source":"HIFLD Open NursingHomes"}},{"type":"Feature","geometry":{"type":"Point","coordinates":[-149.7536,61.208]},"properties":{"name":"Otter House","facility":"ASSISTED LIVING","city":"ANCHORAGE","region":"AK","country":"US","population":3,"tier":"standard","source":"HIFLD Open NursingHomes"}},{"type":"Feature","geometry":{"type":"Point","coordinates":[-149.7219,61.2132]},"properties":{"name":"Orchard Assisted Living","facility":"ASSISTED LIVING","city":"ANCHORAGE","region":"AK","country":"US","population":5,"tier":"standard","source":"HIFLD Open NursingHomes"}},{"type":"Feature","geometry":{"type":"Point","coordinates":[-149.915,61.186]},"properties":{"name":"Oasis Assisted Living Home","facility":"ASSISTED LIVING","city":"ANCHORAGE","region":"AK","country":"US","population":13,"tier":"standard","source":"HIFLD Open NursingHomes"}},{"type":"Feature","geometry":{"type":"Point","coordinates":[-149.8116,61.2041]},"properties":{"name":"Northbridge Tikishla","facility":"ASSISTED LIVING","city":"ANCHORAGE","region":"AK","country":"US","population":3,"tier":"standard","source":"HIFLD Open NursingHomes"}},{"type":"Feature","geometry":{"type":"Point","coordinates":[-149.7508,61.2084]},"properties":{"name":"Northbridge Nanuq","facility":"ASSISTED LIVING","city":"ANCHORAGE","region":"AK","country":"US","population":3,"tier":"standard","source":"HIFLD Open NursingHomes"}},{"type":"Feature","geometry":{"type":"Point","coordinates":[-149.8757,61.1631]},"properties":{"name":"Northbridge Lynwood 2","facility":"ASSISTED LIVING","city":"ANCHORAGE","region":"AK","country":"US","population":2,"tier":"standard","source":"HIFLD Open NursingHomes"}},{"type":"Feature","geometry":{"type":"Point","coordinates":[-149.7848,61.1837]},"properties":{"name":"Northbridge Castle Heights","facility":"ASSISTED LIVING","city":"ANCHORAGE","region":"AK","country":"US","population":8,"tier":"standard","source":"HIFLD Open NursingHomes"}},{"type":"Feature","geometry":{"type":"Point","coordinates":[-149.7835,61.1915000000001]},"properties":{"name":"Norbu Linka","facility":"ASSISTED LIVING","city":"ANCHORAGE","region":"AK","country":"US","population":4,"tier":"standard","source":"HIFLD Open NursingHomes"}},{"type":"Feature","geometry":{"type":"Point","coordinates":[-149.9429,61.1270000000001]},"properties":{"name":"New Horizons","facility":"ASSISTED LIVING","city":"ANCHORAGE","region":"AK","country":"US","population":3,"tier":"standard","source":"HIFLD Open NursingHomes"}},{"type":"Feature","geometry":{"type":"Point","coordinates":[-149.8146,61.2066]},"properties":{"name":"Nettie's Assisted Living Home","facility":"ASSISTED LIVING","city":"ANCHORAGE","region":"AK","country":"US","population":2,"tier":"standard","source":"HIFLD Open NursingHomes"}},{"type":"Feature","geometry":{"type":"Point","coordinates":[-149.9449,61.1441]},"properties":{"name":"Nana's House Assisted Living Home","facility":"ASSISTED LIVING","city":"ANCHORAGE","region":"AK","country":"US","population":5,"tier":"standard","source":"HIFLD Open NursingHomes"}},{"type":"Feature","geometry":{"type":"Point","coordinates":[-149.9254,61.1776]},"properties":{"name":"Nadon Family Home II","facility":"ASSISTED LIVING","city":"ANCHORAGE","region":"AK","country":"US","population":2,"tier":"standard","source":"HIFLD Open NursingHomes"}},{"type":"Feature","geometry":{"type":"Point","coordinates":[-149.9664,61.1573000000001]},"properties":{"name":"Nadon Family Home","facility":"ASSISTED LIVING","city":"ANCHORAGE","region":"AK","country":"US","population":5,"tier":"standard","source":"HIFLD Open NursingHomes"}},{"type":"Feature","geometry":{"type":"Point","coordinates":[-149.7549,61.2116]},"properties":{"name":"Mount Zion Assisted Living Home","facility":"ASSISTED LIVING","city":"ANCHORAGE","region":"AK","country":"US","population":5,"tier":"standard","source":"HIFLD Open NursingHomes"}},{"type":"Feature","geometry":{"type":"Point","coordinates":[-149.3514,61.5730000000001]},"properties":{"name":"Mssca - Vicki Way","facility":"ASSISTED LIVING","city":"WASILLA","region":"AK","country":"US","population":3,"tier":"standard","source":"HIFLD Open NursingHomes"}},{"type":"Feature","geometry":{"type":"Point","coordinates":[-149.5171,61.5874]},"properties":{"name":"Mssca - Pine Ridge (Formerly Kertulla Court #2)","facility":"ASSISTED LIVING","city":"WASILLA","region":"AK","country":"US","population":2,"tier":"standard","source":"HIFLD Open NursingHomes"}},{"type":"Feature","geometry":{"type":"Point","coordinates":[-149.4724,61.5869000000001]},"properties":{"name":"Mssca - Lone Cub","facility":"ASSISTED LIVING","city":"WASILLA","region":"AK","country":"US","population":2,"tier":"standard","source":"HIFLD Open NursingHomes"}},{"type":"Feature","geometry":{"type":"Point","coordinates":[-149.454,61.5703]},"properties":{"name":"Mssca - Fallen Leaf","facility":"ASSISTED LIVING","city":"WASILLA","region":"AK","country":"US","population":2,"tier":"standard","source":"HIFLD Open NursingHomes"}},{"type":"Feature","geometry":{"type":"Point","coordinates":[-149.1766,61.6006]},"properties":{"name":"Mssca - Citation (Formerly Park Place)","facility":"ASSISTED LIVING","city":"PALMER","region":"AK","country":"US","population":2,"tier":"standard","source":"HIFLD Open NursingHomes"}},{"type":"Feature","geometry":{"type":"Point","coordinates":[-149.5208,61.3113000000001]},"properties":{"name":"Mountain Vista ALH","facility":"ASSISTED LIVING","city":"EAGLE RIVER","region":"AK","country":"US","population":5,"tier":"standard","source":"HIFLD Open NursingHomes"}},{"type":"Feature","geometry":{"type":"Point","coordinates":[-149.6201,61.522]},"properties":{"name":"Moore Hands Of Care","facility":"ASSISTED LIVING","city":"WASILLA","region":"AK","country":"US","population":3,"tier":"standard","source":"HIFLD Open NursingHomes"}},{"type":"Feature","geometry":{"type":"Point","coordinates":[-149.7764,61.1847000000001]},"properties":{"name":"Midnight Sun ALH","facility":"ASSISTED LIVING","city":"ANCHORAGE","region":"AK","country":"US","population":1,"tier":"standard","source":"HIFLD Open NursingHomes"}},{"type":"Feature","geometry":{"type":"Point","coordinates":[-149.5401,61.3190000000001]},"properties":{"name":"Meaningful Living","facility":"ASSISTED LIVING","city":"EAGLE RIVER","region":"AK","country":"US","population":4,"tier":"standard","source":"HIFLD Open NursingHomes"}},{"type":"Feature","geometry":{"type":"Point","coordinates":[-149.7447,61.1972000000001]},"properties":{"name":"May ALH","facility":"ASSISTED LIVING","city":"ANCHORAGE","region":"AK","country":"US","population":5,"tier":"standard","source":"HIFLD Open NursingHomes"}},{"type":"Feature","geometry":{"type":"Point","coordinates":[-149.7515,61.2142]},"properties":{"name":"Mary McGrew ALH","facility":"ASSISTED LIVING","city":"ANCHORAGE","region":"AK","country":"US","population":3,"tier":"standard","source":"HIFLD Open NursingHomes"}},{"type":"Feature","geometry":{"type":"Point","coordinates":[-149.9437,61.1481000000001]},"properties":{"name":"Mary Joanne Home Care","facility":"ASSISTED LIVING","city":"ANCHORAGE","region":"AK","country":"US","population":2,"tier":"standard","source":"HIFLD Open NursingHomes"}},{"type":"Feature","geometry":{"type":"Point","coordinates":[-149.924,61.1775000000001]},"properties":{"name":"Marie Langley Assisted Living Home #2","facility":"ASSISTED LIVING","city":"ANCHORAGE","region":"AK","country":"US","population":5,"tier":"standard","source":"HIFLD Open NursingHomes"}},{"type":"Feature","geometry":{"type":"Point","coordinates":[-149.7323,61.2032]},"properties":{"name":"Mama's Care","facility":"ASSISTED LIVING","city":"ANCHORAGE","region":"AK","country":"US","population":5,"tier":"standard","source":"HIFLD Open NursingHomes"}},{"type":"Feature","geometry":{"type":"Point","coordinates":[-149.9141,61.1371]},"properties":{"name":"Mama's Assisted Living Home","facility":"ASSISTED LIVING","city":"ANCHORAGE","region":"AK","country":"US","population":5,"tier":"standard","source":"HIFLD Open NursingHomes"}},{"type":"Feature","geometry":{"type":"Point","coordinates":[-149.7463,61.2009]},"properties":{"name":"Malupo\u2019S Haven ALH","facility":"ASSISTED LIVING","city":"ANCHORAGE","region":"AK","country":"US","population":5,"tier":"standard","source":"HIFLD Open NursingHomes"}},{"type":"Feature","geometry":{"type":"Point","coordinates":[-149.8261,61.1526000000001]},"properties":{"name":"M&M Assisted Living","facility":"ASSISTED LIVING","city":"ANCHORAGE","region":"AK","country":"US","population":3,"tier":"standard","source":"HIFLD Open NursingHomes"}},{"type":"Feature","geometry":{"type":"Point","coordinates":[-149.9119,61.1775000000001]},"properties":{"name":"Liveable Soulutions","facility":"ASSISTED LIVING","city":"ANCHORAGE","region":"AK","country":"US","population":2,"tier":"standard","source":"HIFLD Open NursingHomes"}},{"type":"Feature","geometry":{"type":"Point","coordinates":[-149.7705,61.2137000000001]},"properties":{"name":"Lily Ann's Home Care, Inc.","facility":"ASSISTED LIVING","city":"ANCHORAGE","region":"AK","country":"US","population":5,"tier":"standard","source":"HIFLD Open NursingHomes"}},{"type":"Feature","geometry":{"type":"Point","coordinates":[-147.7375,64.8446000000001]},"properties":{"name":"Life To The Fullest","facility":"ASSISTED LIVING","city":"FAIRBANKS","region":"AK","country":"US","population":2,"tier":"standard","source":"HIFLD Open NursingHomes"}},{"type":"Feature","geometry":{"type":"Point","coordinates":[-149.7861,61.1830000000001]},"properties":{"name":"Lhasa Assisted Living","facility":"ASSISTED LIVING","city":"ANCHORAGE","region":"AK","country":"US","population":3,"tier":"standard","source":"HIFLD Open NursingHomes"}},{"type":"Feature","geometry":{"type":"Point","coordinates":[-149.8392,61.1558000000001]},"properties":{"name":"Lakeview Home II","facility":"ASSISTED LIVING","city":"ANCHORAGE","region":"AK","country":"US","population":5,"tier":"standard","source":"HIFLD Open NursingHomes"}},{"type":"Feature","geometry":{"type":"Point","coordinates":[-162.6011,66.8934]},"properties":{"name":"Lake Street House","facility":"ASSISTED LIVING","city":"KOTZEBUE","region":"AK","country":"US","population":5,"tier":"standard","source":"HIFLD Open NursingHomes"}},{"type":"Feature","geometry":{"type":"Point","coordinates":[-152.3446,57.8137]},"properties":{"name":"Kodiak Assisted Living And Group Home","facility":"ASSISTED LIVING","city":"KODIAK","region":"AK","country":"US","population":4,"tier":"standard","source":"HIFLD Open NursingHomes"}},{"type":"Feature","geometry":{"type":"Point","coordinates":[-149.8486,61.1945000000001]},"properties":{"name":"Kiwi Assisted Living Home","facility":"ASSISTED LIVING","city":"ANCHORAGE","region":"AK","country":"US","population":5,"tier":"standard","source":"HIFLD Open NursingHomes"}},{"type":"Feature","geometry":{"type":"Point","coordinates":[-149.9433,61.1941]},"properties":{"name":"Kham Assisted Living Home","facility":"ASSISTED LIVING","city":"ANCHORAGE","region":"AK","country":"US","population":2,"tier":"standard","source":"HIFLD Open NursingHomes"}},{"type":"Feature","geometry":{"type":"Point","coordinates":[-131.6905,55.3602000000001]},"properties":{"name":"Ketchikan Kottage","facility":"ASSISTED LIVING","city":"KETCHIKAN","region":"AK","country":"US","population":2,"tier":"standard","source":"HIFLD Open NursingHomes"}},{"type":"Feature","geometry":{"type":"Point","coordinates":[-149.8395,61.159]},"properties":{"name":"Keiki Home II","facility":"ASSISTED LIVING","city":"ANCHORAGE","region":"AK","country":"US","population":5,"tier":"standard","source":"HIFLD Open NursingHomes"}},{"type":"Feature","geometry":{"type":"Point","coordinates":[-151.5341,59.6518]},"properties":{"name":"Nordic Living - Kachemak Way","facility":"ASSISTED LIVING","city":"HOMER","region":"AK","country":"US","population":5,"tier":"standard","source":"HIFLD Open NursingHomes"}},{"type":"Feature","geometry":{"type":"Point","coordinates":[-149.9221,61.1915000000001]},"properties":{"name":"Jeng Sallah ALH","facility":"ASSISTED LIVING","city":"ANCHORAGE","region":"AK","country":"US","population":5,"tier":"standard","source":"HIFLD Open NursingHomes"}},{"type":"Feature","geometry":{"type":"Point","coordinates":[-149.8423,61.1121000000001]},"properties":{"name":"Jacobs Place","facility":"ASSISTED LIVING","city":"ANCHORAGE","region":"AK","country":"US","population":1,"tier":"standard","source":"HIFLD Open NursingHomes"}},{"type":"Feature","geometry":{"type":"Point","coordinates":[-149.8437,61.1316000000001]},"properties":{"name":"Independence Park Assisted Living","facility":"ASSISTED LIVING","city":"ANCHORAGE","region":"AK","country":"US","population":3,"tier":"standard","source":"HIFLD Open NursingHomes"}},{"type":"Feature","geometry":{"type":"Point","coordinates":[-149.8027,61.2039]},"properties":{"name":"Immaculated Concepcion","facility":"ASSISTED LIVING","city":"ANCHORAGE","region":"AK","country":"US","population":5,"tier":"standard","source":"HIFLD Open NursingHomes"}},{"type":"Feature","geometry":{"type":"Point","coordinates":[-149.8304,61.1157000000001]},"properties":{"name":"House Of Shalom E. 52nd","facility":"ASSISTED LIVING","city":"ANCHORAGE","region":"AK","country":"US","population":5,"tier":"standard","source":"HIFLD Open NursingHomes"}},{"type":"Feature","geometry":{"type":"Point","coordinates":[-149.7904,61.2]},"properties":{"name":"House Of Gold ALH","facility":"ASSISTED LIVING","city":"ANCHORAGE","region":"AK","country":"US","population":5,"tier":"standard","source":"HIFLD Open NursingHomes"}},{"type":"Feature","geometry":{"type":"Point","coordinates":[-147.7245,64.8313]},"properties":{"name":"Horizon Assisted Living Of Fairbanks I","facility":"ASSISTED LIVING","city":"FAIRBANKS","region":"AK","country":"US","population":8,"tier":"standard","source":"HIFLD Open NursingHomes"}},{"type":"Feature","geometry":{"type":"Point","coordinates":[-149.7281,61.1818000000001]},"properties":{"name":"Hope - Yukla","facility":"ASSISTED LIVING","city":"ANCHORAGE","region":"AK","country":"US","population":3,"tier":"standard","source":"HIFLD Open NursingHomes"}},{"type":"Feature","geometry":{"type":"Point","coordinates":[-149.902,61.1436]},"properties":{"name":"Hope - Winners Circle","facility":"ASSISTED LIVING","city":"ANCHORAGE","region":"AK","country":"US","population":3,"tier":"standard","source":"HIFLD Open NursingHomes"}},{"type":"Feature","geometry":{"type":"Point","coordinates":[-149.9395,61.1299000000001]},"properties":{"name":"Hope - Whale Bay","facility":"ASSISTED LIVING","city":"ANCHORAGE","region":"AK","country":"US","population":2,"tier":"standard","source":"HIFLD Open NursingHomes"}},{"type":"Feature","geometry":{"type":"Point","coordinates":[-149.9453,61.1490000000001]},"properties":{"name":"Hope - West 79th","facility":"ASSISTED LIVING","city":"ANCHORAGE","region":"AK","country":"US","population":2,"tier":"standard","source":"HIFLD Open NursingHomes"}},{"type":"Feature","geometry":{"type":"Point","coordinates":[-149.8928,61.1528000000001]},"properties":{"name":"Hope - West 75th","facility":"ASSISTED LIVING","city":"ANCHORAGE","region":"AK","country":"US","population":2,"tier":"standard","source":"HIFLD Open NursingHomes"}},{"type":"Feature","geometry":{"type":"Point","coordinates":[-149.5166,61.5902]},"properties":{"name":"Hope - Watson","facility":"ASSISTED LIVING","city":"WASILLA","region":"AK","country":"US","population":4,"tier":"standard","source":"HIFLD Open NursingHomes"}},{"type":"Feature","geometry":{"type":"Point","coordinates":[-152.3611,57.8140000000001]},"properties":{"name":"Hope - Viewcrest","facility":"ASSISTED LIVING","city":"KODIAK","region":"AK","country":"US","population":5,"tier":"standard","source":"HIFLD Open NursingHomes"}},{"type":"Feature","geometry":{"type":"Point","coordinates":[-149.8495,61.1564000000001]},"properties":{"name":"Hope - Viburnum","facility":"ASSISTED LIVING","city":"ANCHORAGE","region":"AK","country":"US","population":3,"tier":"standard","source":"HIFLD Open NursingHomes"}},{"type":"Feature","geometry":{"type":"Point","coordinates":[-149.8571,61.1888000000001]},"properties":{"name":"Hope - Vassar","facility":"ASSISTED LIVING","city":"ANCHORAGE","region":"AK","country":"US","population":5,"tier":"standard","source":"HIFLD Open NursingHomes"}},{"type":"Feature","geometry":{"type":"Point","coordinates":[-149.7564,61.2088]},"properties":{"name":"Hope - Turpin","facility":"ASSISTED LIVING","city":"ANCHORAGE","region":"AK","country":"US","population":2,"tier":"standard","source":"HIFLD Open NursingHomes"}},{"type":"Feature","geometry":{"type":"Point","coordinates":[-149.731,61.1903]},"properties":{"name":"Hope - Tudor 1","facility":"ASSISTED LIVING","city":"ANCHORAGE","region":"AK","country":"US","population":2,"tier":"standard","source":"HIFLD Open NursingHomes"}},{"type":"Feature","geometry":{"type":"Point","coordinates":[-149.8246,61.2048]},"properties":{"name":"Hope - Sunrise","facility":"ASSISTED LIVING","city":"ANCHORAGE","region":"AK","country":"US","population":5,"tier":"standard","source":"HIFLD Open NursingHomes"}},{"type":"Feature","geometry":{"type":"Point","coordinates":[-149.8032,61.1436]},"properties":{"name":"Hope - Solar Drive","facility":"ASSISTED LIVING","city":"ANCHORAGE","region":"AK","country":"US","population":4,"tier":"standard","source":"HIFLD Open NursingHomes"}},{"type":"Feature","geometry":{"type":"Point","coordinates":[-149.9788,61.1367000000001]},"properties":{"name":"Hope - Shorecrest","facility":"ASSISTED LIVING","city":"ANCHORAGE","region":"AK","country":"US","population":4,"tier":"standard","source":"HIFLD Open NursingHomes"}},{"type":"Feature","geometry":{"type":"Point","coordinates":[-149.7522,61.2027]},"properties":{"name":"Hope - Sherwood","facility":"ASSISTED LIVING","city":"ANCHORAGE","region":"AK","country":"US","population":2,"tier":"standard","source":"HIFLD Open NursingHomes"}},{"type":"Feature","geometry":{"type":"Point","coordinates":[-149.747,61.1892]},"properties":{"name":"Hope - Sherrie Street","facility":"ASSISTED LIVING","city":"ANCHORAGE","region":"AK","country":"US","population":5,"tier":"standard","source":"HIFLD Open NursingHomes"}},{"type":"Feature","geometry":{"type":"Point","coordinates":[-149.8032,61.1097]},"properties":{"name":"Hope - Shenandoah","facility":"ASSISTED LIVING","city":"ANCHORAGE","region":"AK","country":"US","population":2,"tier":"standard","source":"HIFLD Open NursingHomes"}},{"type":"Feature","geometry":{"type":"Point","coordinates":[-152.3964,57.8005000000001]},"properties":{"name":"Hope - Selief","facility":"ASSISTED LIVING","city":"KODIAK","region":"AK","country":"US","population":6,"tier":"standard","source":"HIFLD Open NursingHomes"}},{"type":"Feature","geometry":{"type":"Point","coordinates":[-149.7296,61.1955]},"properties":{"name":"Hope - Seclusion","facility":"ASSISTED LIVING","city":"ANCHORAGE","region":"AK","country":"US","population":2,"tier":"standard","source":"HIFLD Open NursingHomes"}},{"type":"Feature","geometry":{"type":"Point","coordinates":[-149.8334,61.1381000000001]},"properties":{"name":"Hope - Seal Point","facility":"ASSISTED LIVING","city":"ANCHORAGE","region":"AK","country":"US","population":5,"tier":"standard","source":"HIFLD Open NursingHomes"}},{"type":"Feature","geometry":{"type":"Point","coordinates":[-149.9231,61.1964]},"properties":{"name":"Hope - Saratoga","facility":"ASSISTED LIVING","city":"ANCHORAGE","region":"AK","country":"US","population":4,"tier":"standard","source":"HIFLD Open NursingHomes"}},{"type":"Feature","geometry":{"type":"Point","coordinates":[-149.8179,61.1451000000001]},"properties":{"name":"Hope - Sandy Place","facility":"ASSISTED LIVING","city":"ANCHORAGE","region":"AK","country":"US","population":3,"tier":"standard","source":"HIFLD Open NursingHomes"}},{"type":"Feature","geometry":{"type":"Point","coordinates":[-149.9303,61.1477]},"properties":{"name":"Hope - Ruby","facility":"ASSISTED LIVING","city":"ANCHORAGE","region":"AK","country":"US","population":2,"tier":"standard","source":"HIFLD Open NursingHomes"}},{"type":"Feature","geometry":{"type":"Point","coordinates":[-149.445,60.1243000000001]},"properties":{"name":"Hope - Resurrection","facility":"ASSISTED LIVING","city":"SEWARD","region":"AK","country":"US","population":2,"tier":"standard","source":"HIFLD Open NursingHomes"}},{"type":"Feature","geometry":{"type":"Point","coordinates":[-149.408,61.5941000000001]},"properties":{"name":"Hope - Resolution Bay","facility":"ASSISTED LIVING","city":"WASILLA","region":"AK","country":"US","population":4,"tier":"standard","source":"HIFLD Open NursingHomes"}},{"type":"Feature","geometry":{"type":"Point","coordinates":[-149.9291,61.1581]},"properties":{"name":"Hope - Raspberry","facility":"ASSISTED LIVING","city":"ANCHORAGE","region":"AK","country":"US","population":3,"tier":"standard","source":"HIFLD Open NursingHomes"}},{"type":"Feature","geometry":{"type":"Point","coordinates":[-149.9582,61.195]},"properties":{"name":"Hope - Pribilof","facility":"ASSISTED LIVING","city":"ANCHORAGE","region":"AK","country":"US","population":2,"tier":"standard","source":"HIFLD Open NursingHomes"}},{"type":"Feature","geometry":{"type":"Point","coordinates":[-149.12,61.6217]},"properties":{"name":"Hope - Pioneer Parkway","facility":"ASSISTED LIVING","city":"PALMER","region":"AK","country":"US","population":4,"tier":"standard","source":"HIFLD Open NursingHomes"}},{"type":"Feature","geometry":{"type":"Point","coordinates":[-149.7248,61.1820000000001]},"properties":{"name":"Hope - Pioneer Muldoon","facility":"ASSISTED LIVING","city":"ANCHORAGE","region":"AK","country":"US","population":2,"tier":"standard","source":"HIFLD Open NursingHomes"}},{"type":"Feature","geometry":{"type":"Point","coordinates":[-149.445,60.1241000000001]},"properties":{"name":"Hope - Phoenix Way","facility":"ASSISTED LIVING","city":"SEWARD","region":"AK","country":"US","population":2,"tier":"standard","source":"HIFLD Open NursingHomes"}},{"type":"Feature","geometry":{"type":"Point","coordinates":[-149.9505,61.1269]},"properties":{"name":"Hope - Perenosa","facility":"ASSISTED LIVING","city":"ANCHORAGE","region":"AK","country":"US","population":3,"tier":"standard","source":"HIFLD Open NursingHomes"}},{"type":"Feature","geometry":{"type":"Point","coordinates":[-149.8856,61.1120000000001]},"properties":{"name":"Jeffry's Hope","facility":"ASSISTED LIVING","city":"ANCHORAGE","region":"AK","country":"US","population":5,"tier":"standard","source":"HIFLD Open NursingHomes"}},{"type":"Feature","geometry":{"type":"Point","coordinates":[-149.8305,61.0885000000001]},"properties":{"name":"Hope - Nugget Lane","facility":"ASSISTED LIVING","city":"ANCHORAGE","region":"AK","country":"US","population":3,"tier":"standard","source":"HIFLD Open NursingHomes"}},{"type":"Feature","geometry":{"type":"Point","coordinates":[-149.725,61.1903]},"properties":{"name":"Hope - Northwind","facility":"ASSISTED LIVING","city":"ANCHORAGE","region":"AK","country":"US","population":2,"tier":"standard","source":"HIFLD Open NursingHomes"}},{"type":"Feature","geometry":{"type":"Point","coordinates":[-149.7196,61.1831000000001]},"properties":{"name":"Hope- Muir Court","facility":"ASSISTED LIVING","city":"ANCHORAGE","region":"AK","country":"US","population":4,"tier":"standard","source":"HIFLD Open NursingHomes"}},{"type":"Feature","geometry":{"type":"Point","coordinates":[-152.3966,57.8004000000001]},"properties":{"name":"Hope - Maple","facility":"ASSISTED LIVING","city":"KODIAK","region":"AK","country":"US","population":5,"tier":"standard","source":"HIFLD Open NursingHomes"}},{"type":"Feature","geometry":{"type":"Point","coordinates":[-149.9359,61.1958000000001]},"properties":{"name":"Hope - Lord Baranof","facility":"ASSISTED LIVING","city":"ANCHORAGE","region":"AK","country":"US","population":4,"tier":"standard","source":"HIFLD Open NursingHomes"}},{"type":"Feature","geometry":{"type":"Point","coordinates":[-149.9392,61.1481000000001]},"properties":{"name":"Hope - Lloyd","facility":"ASSISTED LIVING","city":"ANCHORAGE","region":"AK","country":"US","population":3,"tier":"standard","source":"HIFLD Open NursingHomes"}},{"type":"Feature","geometry":{"type":"Point","coordinates":[-149.8537,61.1607000000001]},"properties":{"name":"Hope - Lily Pond","facility":"ASSISTED LIVING","city":"ANCHORAGE","region":"AK","country":"US","population":2,"tier":"standard","source":"HIFLD Open NursingHomes"}},{"type":"Feature","geometry":{"type":"Point","coordinates":[-149.8652,61.1052000000001]},"properties":{"name":"Hope - Lighthouse","facility":"ASSISTED LIVING","city":"ANCHORAGE","region":"AK","country":"US","population":2,"tier":"standard","source":"HIFLD Open NursingHomes"}},{"type":"Feature","geometry":{"type":"Point","coordinates":[-149.9282,61.1399]},"properties":{"name":"Hope - Juliana","facility":"ASSISTED LIVING","city":"ANCHORAGE","region":"AK","country":"US","population":7,"tier":"standard","source":"HIFLD Open NursingHomes"}},{"type":"Feature","geometry":{"type":"Point","coordinates":[-149.971,61.1365000000001]},"properties":{"name":"Hope - Jade","facility":"ASSISTED LIVING","city":"ANCHORAGE","region":"AK","country":"US","population":2,"tier":"standard","source":"HIFLD Open NursingHomes"}},{"type":"Feature","geometry":{"type":"Point","coordinates":[-149.7367,61.2183000000001]},"properties":{"name":"Hope - Idaho","facility":"ASSISTED LIVING","city":"ANCHORAGE","region":"AK","country":"US","population":3,"tier":"standard","source":"HIFLD Open NursingHomes"}},{"type":"Feature","geometry":{"type":"Point","coordinates":[-149.3102,61.5766]},"properties":{"name":"Hope - Iceburg","facility":"ASSISTED LIVING","city":"WASILLA","region":"AK","country":"US","population":2,"tier":"standard","source":"HIFLD Open NursingHomes"}},{"type":"Feature","geometry":{"type":"Point","coordinates":[-149.722,61.203]},"properties":{"name":"Hope - Hidden View","facility":"ASSISTED LIVING","city":"ANCHORAGE","region":"AK","country":"US","population":2,"tier":"standard","source":"HIFLD Open NursingHomes"}},{"type":"Feature","geometry":{"type":"Point","coordinates":[-149.7274,61.2048]},"properties":{"name":"Hope - Greendale","facility":"ASSISTED LIVING","city":"ANCHORAGE","region":"AK","country":"US","population":3,"tier":"standard","source":"HIFLD Open NursingHomes"}},{"type":"Feature","geometry":{"type":"Point","coordinates":[-149.7833,61.1853]},"properties":{"name":"Hope - Gardner 3","facility":"ASSISTED LIVING","city":"ANCHORAGE","region":"AK","country":"US","population":3,"tier":"standard","source":"HIFLD Open NursingHomes"}},{"type":"Feature","geometry":{"type":"Point","coordinates":[-149.8093,61.1062000000001]},"properties":{"name":"Hope - Furrow Ranch","facility":"ASSISTED LIVING","city":"ANCHORAGE","region":"AK","country":"US","population":4,"tier":"standard","source":"HIFLD Open NursingHomes"}},{"type":"Feature","geometry":{"type":"Point","coordinates":[-149.8193,61.2022000000001]},"properties":{"name":"Hope - Forest","facility":"ASSISTED LIVING","city":"ANCHORAGE","region":"AK","country":"US","population":9,"tier":"standard","source":"HIFLD Open NursingHomes"}},{"type":"Feature","geometry":{"type":"Point","coordinates":[-149.1622,61.6309000000001]},"properties":{"name":"Hope - Farm Loop","facility":"ASSISTED LIVING","city":"PALMER","region":"AK","country":"US","population":3,"tier":"standard","source":"HIFLD Open NursingHomes"}},{"type":"Feature","geometry":{"type":"Point","coordinates":[-149.7211,61.1890000000001]},"properties":{"name":"Hope - Evergreen","facility":"ASSISTED LIVING","city":"ANCHORAGE","region":"AK","country":"US","population":3,"tier":"standard","source":"HIFLD Open NursingHomes"}},{"type":"Feature","geometry":{"type":"Point","coordinates":[-149.8528,61.1843000000001]},"properties":{"name":"Hope - East 40th","facility":"ASSISTED LIVING","city":"ANCHORAGE","region":"AK","country":"US","population":3,"tier":"standard","source":"HIFLD Open NursingHomes"}},{"type":"Feature","geometry":{"type":"Point","coordinates":[-149.747,61.1909000000001]},"properties":{"name":"Hope - East 34th","facility":"ASSISTED LIVING","city":"ANCHORAGE","region":"AK","country":"US","population":3,"tier":"standard","source":"HIFLD Open NursingHomes"}},{"type":"Feature","geometry":{"type":"Point","coordinates":[-149.7995,61.0890000000001]},"properties":{"name":"Hope - East 145th","facility":"ASSISTED LIVING","city":"ANCHORAGE","region":"AK","country":"US","population":3,"tier":"standard","source":"HIFLD Open NursingHomes"}},{"type":"Feature","geometry":{"type":"Point","coordinates":[-151.2818,60.5670000000001]},"properties":{"name":"Hope - Eadies Way","facility":"ASSISTED LIVING","city":"KENAI","region":"AK","country":"US","population":4,"tier":"standard","source":"HIFLD Open NursingHomes"}},{"type":"Feature","geometry":{"type":"Point","coordinates":[-149.7639,61.1983000000001]},"properties":{"name":"Hope - Dunbar","facility":"ASSISTED LIVING","city":"ANCHORAGE","region":"AK","country":"US","population":4,"tier":"standard","source":"HIFLD Open NursingHomes"}},{"type":"Feature","geometry":{"type":"Point","coordinates":[-149.9311,61.1184000000001]},"properties":{"name":"Hope - Discovery Bay","facility":"ASSISTED LIVING","city":"ANCHORAGE","region":"AK","country":"US","population":2,"tier":"standard","source":"HIFLD Open NursingHomes"}},{"type":"Feature","geometry":{"type":"Point","coordinates":[-149.491,61.6188000000001]},"properties":{"name":"Hope - Daisy Petal","facility":"ASSISTED LIVING","city":"WASILLA","region":"AK","country":"US","population":4,"tier":"standard","source":"HIFLD Open NursingHomes"}},{"type":"Feature","geometry":{"type":"Point","coordinates":[-149.7424,61.2172]},"properties":{"name":"Hope - Creekside","facility":"ASSISTED LIVING","city":"ANCHORAGE","region":"AK","country":"US","population":1,"tier":"standard","source":"HIFLD Open NursingHomes"}},{"type":"Feature","geometry":{"type":"Point","coordinates":[-149.9492,61.1422000000001]},"properties":{"name":"Hope - Core Court","facility":"ASSISTED LIVING","city":"ANCHORAGE","region":"AK","country":"US","population":4,"tier":"standard","source":"HIFLD Open NursingHomes"}},{"type":"Feature","geometry":{"type":"Point","coordinates":[-149.9392,61.1573000000001]},"properties":{"name":"Hope - Colonial Court","facility":"ASSISTED LIVING","city":"ANCHORAGE","region":"AK","country":"US","population":5,"tier":"standard","source":"HIFLD Open NursingHomes"}},{"type":"Feature","geometry":{"type":"Point","coordinates":[-149.7531,61.2043000000001]},"properties":{"name":"Hope - Cherokee","facility":"ASSISTED LIVING","city":"ANCHORAGE","region":"AK","country":"US","population":2,"tier":"standard","source":"HIFLD Open NursingHomes"}},{"type":"Feature","geometry":{"type":"Point","coordinates":[-149.8448,61.1044]},"properties":{"name":"Hope - Chapel","facility":"ASSISTED LIVING","city":"ANCHORAGE","region":"AK","country":"US","population":3,"tier":"standard","source":"HIFLD Open NursingHomes"}},{"type":"Feature","geometry":{"type":"Point","coordinates":[-149.5585,61.3232000000001]},"properties":{"name":"Hope - Celestial","facility":"ASSISTED LIVING","city":"EAGLE RIVER","region":"AK","country":"US","population":2,"tier":"standard","source":"HIFLD Open NursingHomes"}},{"type":"Feature","geometry":{"type":"Point","coordinates":[-149.7629,61.208]},"properties":{"name":"Hope - Beaver Place","facility":"ASSISTED LIVING","city":"ANCHORAGE","region":"AK","country":"US","population":3,"tier":"standard","source":"HIFLD Open NursingHomes"}},{"type":"Feature","geometry":{"type":"Point","coordinates":[-156.7592,71.3006]},"properties":{"name":"Hope - Barrow","facility":"ASSISTED LIVING","city":"UTQIAGVIK","region":"AK","country":"US","population":6,"tier":"standard","source":"HIFLD Open NursingHomes"}},{"type":"Feature","geometry":{"type":"Point","coordinates":[-149.9289,61.1399]},"properties":{"name":"Hope - Arlene","facility":"ASSISTED LIVING","city":"ANCHORAGE","region":"AK","country":"US","population":7,"tier":"standard","source":"HIFLD Open NursingHomes"}},{"type":"Feature","geometry":{"type":"Point","coordinates":[-149.9473,61.1283000000001]},"properties":{"name":"Hope - Amber Bay","facility":"ASSISTED LIVING","city":"ANCHORAGE","region":"AK","country":"US","population":2,"tier":"standard","source":"HIFLD Open NursingHomes"}},{"type":"Feature","geometry":{"type":"Point","coordinates":[-151.0756,60.5308000000001]},"properties":{"name":"Hope - Alex Court","facility":"ASSISTED LIVING","city":"SOLDOTNA","region":"AK","country":"US","population":4,"tier":"standard","source":"HIFLD Open NursingHomes"}},{"type":"Feature","geometry":{"type":"Point","coordinates":[-149.4138,61.6071000000001]},"properties":{"name":"Home On Mulchatna","facility":"ASSISTED LIVING","city":"WASILLA","region":"AK","country":"US","population":3,"tier":"standard","source":"HIFLD Open NursingHomes"}},{"type":"Feature","geometry":{"type":"Point","coordinates":[-149.8424,61.1903]},"properties":{"name":"Holy Family ALH III","facility":"ASSISTED LIVING","city":"ANCHORAGE","region":"AK","country":"US","population":5,"tier":"standard","source":"HIFLD Open NursingHomes"}},{"type":"Feature","geometry":{"type":"Point","coordinates":[-149.8546,61.1846]},"properties":{"name":"Holy Family ALH II","facility":"ASSISTED LIVING","city":"ANCHORAGE","region":"AK","country":"US","population":5,"tier":"standard","source":"HIFLD Open NursingHomes"}},{"type":"Feature","geometry":{"type":"Point","coordinates":[-149.5929,61.6506000000001]},"properties":{"name":"Sunrise Mountain","facility":"ASSISTED LIVING","city":"WASILLA","region":"AK","country":"US","population":2,"tier":"standard","source":"HIFLD Open NursingHomes"}},{"type":"Feature","geometry":{"type":"Point","coordinates":[-149.7663,61.198]},"properties":{"name":"Hickok Assisted Living Home","facility":"ASSISTED LIVING","city":"ANCHORAGE","region":"AK","country":"US","population":3,"tier":"standard","source":"HIFLD Open NursingHomes"}},{"type":"Feature","geometry":{"type":"Point","coordinates":[-149.8369,61.1596000000001]},"properties":{"name":"Heritage Home.","facility":"ASSISTED LIVING","city":"ANCHORAGE","region":"AK","country":"US","population":10,"tier":"standard","source":"HIFLD Open NursingHomes"}},{"type":"Feature","geometry":{"type":"Point","coordinates":[-149.8369,61.1594]},"properties":{"name":"Heritage Assisted Living Home","facility":"ASSISTED LIVING","city":"ANCHORAGE","region":"AK","country":"US","population":10,"tier":"standard","source":"HIFLD Open NursingHomes"}},{"type":"Feature","geometry":{"type":"Point","coordinates":[-149.7919,61.1879]},"properties":{"name":"Helpful Hands","facility":"ASSISTED LIVING","city":"ANCHORAGE","region":"AK","country":"US","population":5,"tier":"standard","source":"HIFLD Open NursingHomes"}},{"type":"Feature","geometry":{"type":"Point","coordinates":[-149.8793,61.1149]},"properties":{"name":"Heavenly Hands ALH","facility":"ASSISTED LIVING","city":"ANCHORAGE","region":"AK","country":"US","population":5,"tier":"standard","source":"HIFLD Open NursingHomes"}},{"type":"Feature","geometry":{"type":"Point","coordinates":[-149.7919,61.0759000000001]},"properties":{"name":"Hearts And Hands Of Care Vi","facility":"ASSISTED LIVING","city":"ANCHORAGE","region":"AK","country":"US","population":5,"tier":"standard","source":"HIFLD Open NursingHomes"}},{"type":"Feature","geometry":{"type":"Point","coordinates":[-149.724,61.2212000000001]},"properties":{"name":"Hearts And Hands Of Care III","facility":"ASSISTED LIVING","city":"ANCHORAGE","region":"AK","country":"US","population":4,"tier":"standard","source":"HIFLD Open NursingHomes"}},{"type":"Feature","geometry":{"type":"Point","coordinates":[-149.9499,61.1984]},"properties":{"name":"Hearts And Hands Of Care II","facility":"ASSISTED LIVING","city":"ANCHORAGE","region":"AK","country":"US","population":2,"tier":"standard","source":"HIFLD Open NursingHomes"}},{"type":"Feature","geometry":{"type":"Point","coordinates":[-149.8439,61.1355]},"properties":{"name":"Hearts And Hands Of Care","facility":"ASSISTED LIVING","city":"ANCHORAGE","region":"AK","country":"US","population":4,"tier":"standard","source":"HIFLD Open NursingHomes"}},{"type":"Feature","geometry":{"type":"Point","coordinates":[-149.9093,61.2093]},"properties":{"name":"Heart Of Love Assisted Living Home","facility":"ASSISTED LIVING","city":"ANCHORAGE","region":"AK","country":"US","population":5,"tier":"standard","source":"HIFLD Open NursingHomes"}},{"type":"Feature","geometry":{"type":"Point","coordinates":[-149.9038,61.1936]},"properties":{"name":"Happy House ALH","facility":"ASSISTED LIVING","city":"ANCHORAGE","region":"AK","country":"US","population":5,"tier":"standard","source":"HIFLD Open NursingHomes"}},{"type":"Feature","geometry":{"type":"Point","coordinates":[-150.0678,61.7435]},"properties":{"name":"Hamme Assisted Living Home","facility":"ASSISTED LIVING","city":"WILLOW","region":"AK","country":"US","population":2,"tier":"standard","source":"HIFLD Open NursingHomes"}},{"type":"Feature","geometry":{"type":"Point","coordinates":[-149.8624,61.1956000000001]},"properties":{"name":"Hale Wai Nani","facility":"ASSISTED LIVING","city":"ANCHORAGE","region":"AK","country":"US","population":5,"tier":"standard","source":"HIFLD Open NursingHomes"}},{"type":"Feature","geometry":{"type":"Point","coordinates":[-149.935,61.1762000000001]},"properties":{"name":"Hale Ohana","facility":"ASSISTED LIVING","city":"ANCHORAGE","region":"AK","country":"US","population":5,"tier":"standard","source":"HIFLD Open NursingHomes"}},{"type":"Feature","geometry":{"type":"Point","coordinates":[-149.7556,61.215]},"properties":{"name":"Good Grace ALH II","facility":"ASSISTED LIVING","city":"ANCHORAGE","region":"AK","country":"US","population":5,"tier":"standard","source":"HIFLD Open NursingHomes"}},{"type":"Feature","geometry":{"type":"Point","coordinates":[-149.9415,61.1495]},"properties":{"name":"Golden Hearts Agency- Lavender House","facility":"ASSISTED LIVING","city":"ANCHORAGE","region":"AK","country":"US","population":5,"tier":"standard","source":"HIFLD Open NursingHomes"}},{"type":"Feature","geometry":{"type":"Point","coordinates":[-149.9328,61.1547]},"properties":{"name":"Golden Hearts Agency - Concord","facility":"ASSISTED LIVING","city":"ANCHORAGE","region":"AK","country":"US","population":5,"tier":"standard","source":"HIFLD Open NursingHomes"}},{"type":"Feature","geometry":{"type":"Point","coordinates":[-149.9438,61.1626000000001]},"properties":{"name":"Golden Hearts Agency - Blackberry","facility":"ASSISTED LIVING","city":"ANCHORAGE","region":"AK","country":"US","population":3,"tier":"standard","source":"HIFLD Open NursingHomes"}},{"type":"Feature","geometry":{"type":"Point","coordinates":[-149.8781,61.1994000000001]},"properties":{"name":"Golden Age's Manor.","facility":"ASSISTED LIVING","city":"ANCHORAGE","region":"AK","country":"US","population":10,"tier":"standard","source":"HIFLD Open NursingHomes"}},{"type":"Feature","geometry":{"type":"Point","coordinates":[-149.7326,61.2028000000001]},"properties":{"name":"Glacier Assisted Living Home","facility":"ASSISTED LIVING","city":"ANCHORAGE","region":"AK","country":"US","population":5,"tier":"standard","source":"HIFLD Open NursingHomes"}},{"type":"Feature","geometry":{"type":"Point","coordinates":[-149.8536,61.1617]},"properties":{"name":"Full Circle ALH","facility":"ASSISTED LIVING","city":"ANCHORAGE","region":"AK","country":"US","population":2,"tier":"standard","source":"HIFLD Open NursingHomes"}},{"type":"Feature","geometry":{"type":"Point","coordinates":[-149.9289,61.1433000000001]},"properties":{"name":"Fulani Assisted Living Home","facility":"ASSISTED LIVING","city":"ANCHORAGE","region":"AK","country":"US","population":2,"tier":"standard","source":"HIFLD Open NursingHomes"}},{"type":"Feature","geometry":{"type":"Point","coordinates":[-131.6894,55.3581]},"properties":{"name":"Fuerstenau ALH","facility":"ASSISTED LIVING","city":"KETCHIKAN","region":"AK","country":"US","population":1,"tier":"standard","source":"HIFLD Open NursingHomes"}},{"type":"Feature","geometry":{"type":"Point","coordinates":[-149.7563,61.1817]},"properties":{"name":"Frontier Home Health Care - Tranquil","facility":"ASSISTED LIVING","city":"ANCHORAGE","region":"AK","country":"US","population":5,"tier":"standard","source":"HIFLD Open NursingHomes"}},{"type":"Feature","geometry":{"type":"Point","coordinates":[-149.7725,61.1872000000001]},"properties":{"name":"Frontier Home Health Care - Mirage","facility":"ASSISTED LIVING","city":"ANCHORAGE","region":"AK","country":"US","population":4,"tier":"standard","source":"HIFLD Open NursingHomes"}},{"type":"Feature","geometry":{"type":"Point","coordinates":[-149.9026,61.1689000000001]},"properties":{"name":"Frontier Home Health Care - East","facility":"ASSISTED LIVING","city":"ANCHORAGE","region":"AK","country":"US","population":5,"tier":"standard","source":"HIFLD Open NursingHomes"}},{"type":"Feature","geometry":{"type":"Point","coordinates":[-149.7317,61.1907000000001]},"properties":{"name":"Frontier Home Health Care","facility":"ASSISTED LIVING","city":"ANCHORAGE","region":"AK","country":"US","population":5,"tier":"standard","source":"HIFLD Open NursingHomes"}},{"type":"Feature","geometry":{"type":"Point","coordinates":[-149.7631,61.2141]},"properties":{"name":"Freedom House ALH II","facility":"ASSISTED LIVING","city":"ANCHORAGE","region":"AK","country":"US","population":5,"tier":"standard","source":"HIFLD Open NursingHomes"}},{"type":"Feature","geometry":{"type":"Point","coordinates":[-149.7702,61.1928]},"properties":{"name":"Freedom House","facility":"ASSISTED LIVING","city":"ANCHORAGE","region":"AK","country":"US","population":5,"tier":"standard","source":"HIFLD Open NursingHomes"}},{"type":"Feature","geometry":{"type":"Point","coordinates":[-147.8588,64.835]},"properties":{"name":"Fra - Turner Residence","facility":"ASSISTED LIVING","city":"FAIRBANKS","region":"AK","country":"US","population":4,"tier":"standard","source":"HIFLD Open NursingHomes"}},{"type":"Feature","geometry":{"type":"Point","coordinates":[-147.7529,64.8617]},"properties":{"name":"Fra - Tamarack II Residence","facility":"ASSISTED LIVING","city":"FAIRBANKS","region":"AK","country":"US","population":9,"tier":"standard","source":"HIFLD Open NursingHomes"}},{"type":"Feature","geometry":{"type":"Point","coordinates":[-147.7533,64.8617]},"properties":{"name":"Fra - Tamarack I Residence","facility":"ASSISTED LIVING","city":"FAIRBANKS","region":"AK","country":"US","population":8,"tier":"standard","source":"HIFLD Open NursingHomes"}},{"type":"Feature","geometry":{"type":"Point","coordinates":[-147.697,64.8418]},"properties":{"name":"Fra - Slater Residence","facility":"ASSISTED LIVING","city":"FAIRBANKS","region":"AK","country":"US","population":4,"tier":"standard","source":"HIFLD Open NursingHomes"}},{"type":"Feature","geometry":{"type":"Point","coordinates":[-147.7804,64.8373]},"properties":{"name":"Fra - Ruby Residence","facility":"ASSISTED LIVING","city":"FAIRBANKS","region":"AK","country":"US","population":5,"tier":"standard","source":"HIFLD Open NursingHomes"}},{"type":"Feature","geometry":{"type":"Point","coordinates":[-147.7896,64.8596000000001]},"properties":{"name":"Fra - Flodin Residence","facility":"ASSISTED LIVING","city":"FAIRBANKS","region":"AK","country":"US","population":9,"tier":"standard","source":"HIFLD Open NursingHomes"}},{"type":"Feature","geometry":{"type":"Point","coordinates":[-147.8189,64.8324000000001]},"properties":{"name":"Fra - Erickson Residence","facility":"ASSISTED LIVING","city":"FAIRBANKS","region":"AK","country":"US","population":4,"tier":"standard","source":"HIFLD Open NursingHomes"}},{"type":"Feature","geometry":{"type":"Point","coordinates":[-147.6738,64.8479]},"properties":{"name":"Fra - Craig Residence","facility":"ASSISTED LIVING","city":"FAIRBANKS","region":"AK","country":"US","population":4,"tier":"standard","source":"HIFLD Open NursingHomes"}},{"type":"Feature","geometry":{"type":"Point","coordinates":[-147.8477,64.8426000000001]},"properties":{"name":"Fra - Condor Residence","facility":"ASSISTED LIVING","city":"FAIRBANKS","region":"AK","country":"US","population":9,"tier":"standard","source":"HIFLD Open NursingHomes"}},{"type":"Feature","geometry":{"type":"Point","coordinates":[-149.723,61.1942000000001]},"properties":{"name":"Fitchetts Assisted Living","facility":"ASSISTED LIVING","city":"ANCHORAGE","region":"AK","country":"US","population":3,"tier":"standard","source":"HIFLD Open NursingHomes"}},{"type":"Feature","geometry":{"type":"Point","coordinates":[-149.823,61.0939000000001]},"properties":{"name":"Fireweed Assisted Living","facility":"ASSISTED LIVING","city":"ANCHORAGE","region":"AK","country":"US","population":1,"tier":"standard","source":"HIFLD Open NursingHomes"}},{"type":"Feature","geometry":{"type":"Point","coordinates":[-149.8467,61.1697]},"properties":{"name":"Fe's Assisted Living Home","facility":"ASSISTED LIVING","city":"ANCHORAGE","region":"AK","country":"US","population":3,"tier":"standard","source":"HIFLD Open NursingHomes"}},{"type":"Feature","geometry":{"type":"Point","coordinates":[-149.8256,61.1837]},"properties":{"name":"Feh's Humanitarian ALH","facility":"ASSISTED LIVING","city":"ANCHORAGE","region":"AK","country":"US","population":3,"tier":"standard","source":"HIFLD Open NursingHomes"}},{"type":"Feature","geometry":{"type":"Point","coordinates":[-151.2699,60.5724000000001]},"properties":{"name":"Fcs - Walnut","facility":"ASSISTED LIVING","city":"KENAI","region":"AK","country":"US","population":3,"tier":"standard","source":"HIFLD Open NursingHomes"}},{"type":"Feature","geometry":{"type":"Point","coordinates":[-151.1537,60.5116]},"properties":{"name":"Fcs - St. Andrews","facility":"ASSISTED LIVING","city":"KENAI","region":"AK","country":"US","population":4,"tier":"standard","source":"HIFLD Open NursingHomes"}},{"type":"Feature","geometry":{"type":"Point","coordinates":[-151.1557,60.5122]},"properties":{"name":"Fcs - Riverhills","facility":"ASSISTED LIVING","city":"KENAI","region":"AK","country":"US","population":5,"tier":"standard","source":"HIFLD Open NursingHomes"}},{"type":"Feature","geometry":{"type":"Point","coordinates":[-151.074,60.4857000000001]},"properties":{"name":"Fcs - Little (Formerly Fcs-Irons)","facility":"ASSISTED LIVING","city":"SOLDOTNA","region":"AK","country":"US","population":3,"tier":"standard","source":"HIFLD Open NursingHomes"}},{"type":"Feature","geometry":{"type":"Point","coordinates":[-146.3688,61.1366]},"properties":{"name":"Fcs - Cottonwood","facility":"ASSISTED LIVING","city":"VALDEZ","region":"AK","country":"US","population":4,"tier":"standard","source":"HIFLD Open NursingHomes"}},{"type":"Feature","geometry":{"type":"Point","coordinates":[-149.8497,61.1610000000001]},"properties":{"name":"Famacare Home 2","facility":"ASSISTED LIVING","city":"ANCHORAGE","region":"AK","country":"US","population":5,"tier":"standard","source":"HIFLD Open NursingHomes"}},{"type":"Feature","geometry":{"type":"Point","coordinates":[-149.9345,61.1213000000001]},"properties":{"name":"Famacare Home 1","facility":"ASSISTED LIVING","city":"ANCHORAGE","region":"AK","country":"US","population":3,"tier":"standard","source":"HIFLD Open NursingHomes"}},{"type":"Feature","geometry":{"type":"Point","coordinates":[-149.8522,61.1056]},"properties":{"name":"Extended Family Alaska","facility":"ASSISTED LIVING","city":"ANCHORAGE","region":"AK","country":"US","population":5,"tier":"standard","source":"HIFLD Open NursingHomes"}},{"type":"Feature","geometry":{"type":"Point","coordinates":[-147.7134,64.8503000000001]},"properties":{"name":"Emmanuel Assisted Living Home","facility":"ASSISTED LIVING","city":"FAIRBANKS","region":"AK","country":"US","population":2,"tier":"standard","source":"HIFLD Open NursingHomes"}},{"type":"Feature","geometry":{"type":"Point","coordinates":[-149.7235,61.1822000000001]},"properties":{"name":"Elizabeth Andrews","facility":"ASSISTED LIVING","city":"ANCHORAGE","region":"AK","country":"US","population":3,"tier":"standard","source":"HIFLD Open NursingHomes"}},{"type":"Feature","geometry":{"type":"Point","coordinates":[-149.4607,61.4058000000001]},"properties":{"name":"Eagle Crest III ALH","facility":"ASSISTED LIVING","city":"CHUGIAK","region":"AK","country":"US","population":5,"tier":"standard","source":"HIFLD Open NursingHomes"}},{"type":"Feature","geometry":{"type":"Point","coordinates":[-149.5672,61.3367000000001]},"properties":{"name":"Discovery Living Assisted Living - Chinook Home","facility":"ASSISTED LIVING","city":"EAGLE RIVER","region":"AK","country":"US","population":5,"tier":"standard","source":"HIFLD Open NursingHomes"}},{"type":"Feature","geometry":{"type":"Point","coordinates":[-149.911,61.1472000000001]},"properties":{"name":"Diaz","facility":"ASSISTED LIVING","city":"ANCHORAGE","region":"AK","country":"US","population":2,"tier":"standard","source":"HIFLD Open NursingHomes"}},{"type":"Feature","geometry":{"type":"Point","coordinates":[-149.4777,61.5940000000001]},"properties":{"name":"Denali Ridge Assisted Living.","facility":"ASSISTED LIVING","city":"WASILLA","region":"AK","country":"US","population":5,"tier":"standard","source":"HIFLD Open NursingHomes"}},{"type":"Feature","geometry":{"type":"Point","coordinates":[-149.7824,61.1962]},"properties":{"name":"Denali Assisted Living Services","facility":"ASSISTED LIVING","city":"ANCHORAGE","region":"AK","country":"US","population":5,"tier":"standard","source":"HIFLD Open NursingHomes"}},{"type":"Feature","geometry":{"type":"Point","coordinates":[-147.7897,64.8381000000001]},"properties":{"name":"Debbie's Assisted Living Home","facility":"ASSISTED LIVING","city":"FAIRBANKS","region":"AK","country":"US","population":1,"tier":"standard","source":"HIFLD Open NursingHomes"}},{"type":"Feature","geometry":{"type":"Point","coordinates":[-149.9499,61.1531000000001]},"properties":{"name":"Dabakh's ALH","facility":"ASSISTED LIVING","city":"ANCHORAGE","region":"AK","country":"US","population":5,"tier":"standard","source":"HIFLD Open NursingHomes"}},{"type":"Feature","geometry":{"type":"Point","coordinates":[-147.6611,64.8403000000001]},"properties":{"name":"Crossroads Counseling And Training (Ccats) 5","facility":"ASSISTED LIVING","city":"FAIRBANKS","region":"AK","country":"US","population":2,"tier":"standard","source":"HIFLD Open NursingHomes"}},{"type":"Feature","geometry":{"type":"Point","coordinates":[-147.6608,64.8404]},"properties":{"name":"Crossroads Counseling And Training (Ccats) 2","facility":"ASSISTED LIVING","city":"FAIRBANKS","region":"AK","country":"US","population":3,"tier":"standard","source":"HIFLD Open NursingHomes"}},{"type":"Feature","geometry":{"type":"Point","coordinates":[-149.7772,61.1175000000001]},"properties":{"name":"Creative Care Assisted Living Home","facility":"ASSISTED LIVING","city":"ANCHORAGE","region":"AK","country":"US","population":4,"tier":"standard","source":"HIFLD Open NursingHomes"}},{"type":"Feature","geometry":{"type":"Point","coordinates":[-149.171,61.6027]},"properties":{"name":"Cotter's Assisted Living Home","facility":"ASSISTED LIVING","city":"PALMER","region":"AK","country":"US","population":2,"tier":"standard","source":"HIFLD Open NursingHomes"}},{"type":"Feature","geometry":{"type":"Point","coordinates":[-149.8123,61.1540000000001]},"properties":{"name":"Comfort Assisted Living II","facility":"ASSISTED LIVING","city":"ANCHORAGE","region":"AK","country":"US","population":5,"tier":"standard","source":"HIFLD Open NursingHomes"}},{"type":"Feature","geometry":{"type":"Point","coordinates":[-149.3059,61.5544]},"properties":{"name":"Clouds Rest Commons, Inc.","facility":"ASSISTED LIVING","city":"PALMER","region":"AK","country":"US","population":5,"tier":"standard","source":"HIFLD Open NursingHomes"}},{"type":"Feature","geometry":{"type":"Point","coordinates":[-149.3785,60.1792]},"properties":{"name":"Clearview Haven Assisted Living Home","facility":"ASSISTED LIVING","city":"SEWARD","region":"AK","country":"US","population":5,"tier":"standard","source":"HIFLD Open NursingHomes"}},{"type":"Feature","geometry":{"type":"Point","coordinates":[-149.7973,61.1095000000001]},"properties":{"name":"Cindy And Vic's Wilderness Retreat","facility":"ASSISTED LIVING","city":"ANCHORAGE","region":"AK","country":"US","population":2,"tier":"standard","source":"HIFLD Open NursingHomes"}},{"type":"Feature","geometry":{"type":"Point","coordinates":[-149.8061,61.1549]},"properties":{"name":"Cindy & Vic's Peace Place","facility":"ASSISTED LIVING","city":"ANCHORAGE","region":"AK","country":"US","population":4,"tier":"standard","source":"HIFLD Open NursingHomes"}},{"type":"Feature","geometry":{"type":"Point","coordinates":[-149.8076,61.1553000000001]},"properties":{"name":"Cindy & Vic's Joyful Joint","facility":"ASSISTED LIVING","city":"ANCHORAGE","region":"AK","country":"US","population":4,"tier":"standard","source":"HIFLD Open NursingHomes"}},{"type":"Feature","geometry":{"type":"Point","coordinates":[-149.8153,61.15]},"properties":{"name":"Cindy & Vic's Harmony House","facility":"ASSISTED LIVING","city":"ANCHORAGE","region":"AK","country":"US","population":4,"tier":"standard","source":"HIFLD Open NursingHomes"}},{"type":"Feature","geometry":{"type":"Point","coordinates":[-149.9221,61.1133]},"properties":{"name":"Cindy & Vic's Blessings Bungalow","facility":"ASSISTED LIVING","city":"ANCHORAGE","region":"AK","country":"US","population":4,"tier":"standard","source":"HIFLD Open NursingHomes"}},{"type":"Feature","geometry":{"type":"Point","coordinates":[-131.5768,55.3102000000001]},"properties":{"name":"Chandler ALH","facility":"ASSISTED LIVING","city":"KETCHIKAN","region":"AK","country":"US","population":1,"tier":"standard","source":"HIFLD Open NursingHomes"}},{"type":"Feature","geometry":{"type":"Point","coordinates":[-149.929,61.125]},"properties":{"name":"Bunny Lope Homes","facility":"ASSISTED LIVING","city":"ANCHORAGE","region":"AK","country":"US","population":2,"tier":"standard","source":"HIFLD Open NursingHomes"}},{"type":"Feature","geometry":{"type":"Point","coordinates":[-149.6638,61.5003]},"properties":{"name":"Bright Horizon Homes II","facility":"ASSISTED LIVING","city":"WASILLA","region":"AK","country":"US","population":4,"tier":"standard","source":"HIFLD Open NursingHomes"}},{"type":"Feature","geometry":{"type":"Point","coordinates":[-149.4867,61.5605]},"properties":{"name":"Bright Horizon Homes","facility":"ASSISTED LIVING","city":"WASILLA","region":"AK","country":"US","population":3,"tier":"standard","source":"HIFLD Open NursingHomes"}},{"type":"Feature","geometry":{"type":"Point","coordinates":[-149.8451,61.1508000000001]},"properties":{"name":"Bread And Roses ALH","facility":"ASSISTED LIVING","city":"ANCHORAGE","region":"AK","country":"US","population":3,"tier":"standard","source":"HIFLD Open NursingHomes"}},{"type":"Feature","geometry":{"type":"Point","coordinates":[-134.5613,58.3410000000001]},"properties":{"name":"Blueberry Lodge Assisted Living Group Home","facility":"ASSISTED LIVING","city":"JUNEAU","region":"AK","country":"US","population":4,"tier":"standard","source":"HIFLD Open NursingHomes"}},{"type":"Feature","geometry":{"type":"Point","coordinates":[-149.7208,61.2127]},"properties":{"name":"Betty J. Vickers","facility":"ASSISTED LIVING","city":"ANCHORAGE","region":"AK","country":"US","population":3,"tier":"standard","source":"HIFLD Open NursingHomes"}},{"type":"Feature","geometry":{"type":"Point","coordinates":[-149.7704,61.2171000000001]},"properties":{"name":"Betel ALH","facility":"ASSISTED LIVING","city":"ANCHORAGE","region":"AK","country":"US","population":2,"tier":"standard","source":"HIFLD Open NursingHomes"}},{"type":"Feature","geometry":{"type":"Point","coordinates":[-149.9339,61.1371]},"properties":{"name":"Benedict Assisted Living Home.","facility":"ASSISTED LIVING","city":"ANCHORAGE","region":"AK","country":"US","population":2,"tier":"standard","source":"HIFLD Open NursingHomes"}},{"type":"Feature","geometry":{"type":"Point","coordinates":[-149.7206,61.1846]},"properties":{"name":"Bella Home Care","facility":"ASSISTED LIVING","city":"ANCHORAGE","region":"AK","country":"US","population":5,"tier":"standard","source":"HIFLD Open NursingHomes"}},{"type":"Feature","geometry":{"type":"Point","coordinates":[-149.4221,61.5887000000001]},"properties":{"name":"Baka's House","facility":"ASSISTED LIVING","city":"WASILLA","region":"AK","country":"US","population":3,"tier":"standard","source":"HIFLD Open NursingHomes"}},{"type":"Feature","geometry":{"type":"Point","coordinates":[-149.7685,61.1148000000001]},"properties":{"name":"Assisted Living Transitions V","facility":"ASSISTED LIVING","city":"ANCHORAGE","region":"AK","country":"US","population":3,"tier":"standard","source":"HIFLD Open NursingHomes"}},{"type":"Feature","geometry":{"type":"Point","coordinates":[-149.7932,61.1391000000001]},"properties":{"name":"Assisted Living Transitions IV","facility":"ASSISTED LIVING","city":"ANCHORAGE","region":"AK","country":"US","population":5,"tier":"standard","source":"HIFLD Open NursingHomes"}},{"type":"Feature","geometry":{"type":"Point","coordinates":[-149.7703,61.1956000000001]},"properties":{"name":"Assisted Living Transitions III","facility":"ASSISTED LIVING","city":"ANCHORAGE","region":"AK","country":"US","population":4,"tier":"standard","source":"HIFLD Open NursingHomes"}},{"type":"Feature","geometry":{"type":"Point","coordinates":[-149.749,61.222]},"properties":{"name":"Assisted Living Transitions II","facility":"ASSISTED LIVING","city":"ANCHORAGE","region":"AK","country":"US","population":5,"tier":"standard","source":"HIFLD Open NursingHomes"}},{"type":"Feature","geometry":{"type":"Point","coordinates":[-149.7692,61.1923]},"properties":{"name":"Assisted Living Transitions I","facility":"ASSISTED LIVING","city":"ANCHORAGE","region":"AK","country":"US","population":5,"tier":"standard","source":"HIFLD Open NursingHomes"}},{"type":"Feature","geometry":{"type":"Point","coordinates":[-149.7919,61.1871]},"properties":{"name":"Arc - Wesleyan","facility":"ASSISTED LIVING","city":"ANCHORAGE","region":"AK","country":"US","population":4,"tier":"standard","source":"HIFLD Open NursingHomes"}},{"type":"Feature","geometry":{"type":"Point","coordinates":[-149.7362,61.2139000000001]},"properties":{"name":"Arc - Old Harbor","facility":"ASSISTED LIVING","city":"ANCHORAGE","region":"AK","country":"US","population":4,"tier":"standard","source":"HIFLD Open NursingHomes"}},{"type":"Feature","geometry":{"type":"Point","coordinates":[-149.7378,61.2213]},"properties":{"name":"Arc - Melody Place","facility":"ASSISTED LIVING","city":"ANCHORAGE","region":"AK","country":"US","population":3,"tier":"standard","source":"HIFLD Open NursingHomes"}},{"type":"Feature","geometry":{"type":"Point","coordinates":[-149.7827,61.2204]},"properties":{"name":"Arc - Lionheart","facility":"ASSISTED LIVING","city":"ANCHORAGE","region":"AK","country":"US","population":3,"tier":"standard","source":"HIFLD Open NursingHomes"}},{"type":"Feature","geometry":{"type":"Point","coordinates":[-149.8309,61.2037000000001]},"properties":{"name":"Arc - Kuskokwim","facility":"ASSISTED LIVING","city":"ANCHORAGE","region":"AK","country":"US","population":4,"tier":"standard","source":"HIFLD Open NursingHomes"}},{"type":"Feature","geometry":{"type":"Point","coordinates":[-149.7555,61.2142]},"properties":{"name":"Arc - Jay Circle","facility":"ASSISTED LIVING","city":"ANCHORAGE","region":"AK","country":"US","population":4,"tier":"standard","source":"HIFLD Open NursingHomes"}},{"type":"Feature","geometry":{"type":"Point","coordinates":[-149.8969,61.212]},"properties":{"name":"Arc - H Street","facility":"ASSISTED LIVING","city":"ANCHORAGE","region":"AK","country":"US","population":2,"tier":"standard","source":"HIFLD Open NursingHomes"}},{"type":"Feature","geometry":{"type":"Point","coordinates":[-149.8063,61.1594]},"properties":{"name":"Arc - Elmore","facility":"ASSISTED LIVING","city":"ANCHORAGE","region":"AK","country":"US","population":4,"tier":"standard","source":"HIFLD Open NursingHomes"}},{"type":"Feature","geometry":{"type":"Point","coordinates":[-149.8062,61.1599000000001]},"properties":{"name":"Arc - E. 67th","facility":"ASSISTED LIVING","city":"ANCHORAGE","region":"AK","country":"US","population":4,"tier":"standard","source":"HIFLD Open NursingHomes"}},{"type":"Feature","geometry":{"type":"Point","coordinates":[-149.7745,61.1963000000001]},"properties":{"name":"Arc - Collie Hill Way","facility":"ASSISTED LIVING","city":"ANCHORAGE","region":"AK","country":"US","population":4,"tier":"standard","source":"HIFLD Open NursingHomes"}},{"type":"Feature","geometry":{"type":"Point","coordinates":[-149.7877,61.1850000000001]},"properties":{"name":"Arc - Castle Court","facility":"ASSISTED LIVING","city":"ANCHORAGE","region":"AK","country":"US","population":4,"tier":"standard","source":"HIFLD Open NursingHomes"}},{"type":"Feature","geometry":{"type":"Point","coordinates":[-149.7658,61.1965000000001]},"properties":{"name":"Arc - Camrose","facility":"ASSISTED LIVING","city":"ANCHORAGE","region":"AK","country":"US","population":4,"tier":"standard","source":"HIFLD Open NursingHomes"}},{"type":"Feature","geometry":{"type":"Point","coordinates":[-149.7639,61.1888000000001]},"properties":{"name":"Arc - Aldona","facility":"ASSISTED LIVING","city":"ANCHORAGE","region":"AK","country":"US","population":4,"tier":"standard","source":"HIFLD Open NursingHomes"}},{"type":"Feature","geometry":{"type":"Point","coordinates":[-149.841,61.1383000000001]},"properties":{"name":"Aphrodite Assisted Living, Inc","facility":"ASSISTED LIVING","city":"ANCHORAGE","region":"AK","country":"US","population":5,"tier":"standard","source":"HIFLD Open NursingHomes"}},{"type":"Feature","geometry":{"type":"Point","coordinates":[-149.9098,61.1111000000001]},"properties":{"name":"Aphrodite Assisted Living Home II, Inc","facility":"ASSISTED LIVING","city":"ANCHORAGE","region":"AK","country":"US","population":2,"tier":"standard","source":"HIFLD Open NursingHomes"}},{"type":"Feature","geometry":{"type":"Point","coordinates":[-149.3834,61.6203]},"properties":{"name":"Aoki House","facility":"ASSISTED LIVING","city":"WASILLA","region":"AK","country":"US","population":3,"tier":"standard","source":"HIFLD Open NursingHomes"}},{"type":"Feature","geometry":{"type":"Point","coordinates":[-149.3966,61.2849]},"properties":{"name":"Anderson-Smith Assisted Living Home","facility":"ASSISTED LIVING","city":"EAGLE RIVER","region":"AK","country":"US","population":3,"tier":"standard","source":"HIFLD Open NursingHomes"}},{"type":"Feature","geometry":{"type":"Point","coordinates":[-149.9349,61.1851]},"properties":{"name":"Anchored Abode Assisted Living.","facility":"ASSISTED LIVING","city":"ANCHORAGE","region":"AK","country":"US","population":5,"tier":"standard","source":"HIFLD Open NursingHomes"}},{"type":"Feature","geometry":{"type":"Point","coordinates":[-149.561,61.3238000000001]},"properties":{"name":"All 4 You Assisted Living","facility":"ASSISTED LIVING","city":"EAGLE RIVER","region":"AK","country":"US","population":2,"tier":"standard","source":"HIFLD Open NursingHomes"}},{"type":"Feature","geometry":{"type":"Point","coordinates":[-149.9234,61.1138000000001]},"properties":{"name":"Hope - Marian Bay","facility":"ASSISTED LIVING","city":"ANCHORAGE","region":"AK","country":"US","population":5,"tier":"standard","source":"HIFLD Open NursingHomes"}},{"type":"Feature","geometry":{"type":"Point","coordinates":[-149.8605,61.1359]},"properties":{"name":"Alaskan Ruby Assisted Living Home","facility":"ASSISTED LIVING","city":"ANCHORAGE","region":"AK","country":"US","population":5,"tier":"standard","source":"HIFLD Open NursingHomes"}},{"type":"Feature","geometry":{"type":"Point","coordinates":[-149.9428,61.1407]},"properties":{"name":"Alaska Quality Care ALH","facility":"ASSISTED LIVING","city":"ANCHORAGE","region":"AK","country":"US","population":16,"tier":"standard","source":"HIFLD Open NursingHomes"}},{"type":"Feature","geometry":{"type":"Point","coordinates":[-149.8196,61.1383000000001]},"properties":{"name":"Alaska Premier Assisted Living-A","facility":"ASSISTED LIVING","city":"ANCHORAGE","region":"AK","country":"US","population":4,"tier":"standard","source":"HIFLD Open NursingHomes"}},{"type":"Feature","geometry":{"type":"Point","coordinates":[-149.7523,61.1891]},"properties":{"name":"Alaska Premier Assisted Living","facility":"ASSISTED LIVING","city":"ANCHORAGE","region":"AK","country":"US","population":2,"tier":"standard","source":"HIFLD Open NursingHomes"}},{"type":"Feature","geometry":{"type":"Point","coordinates":[-149.7209,61.1917000000001]},"properties":{"name":"Alaska Independent & Transitional Living ALH","facility":"ASSISTED LIVING","city":"ANCHORAGE","region":"AK","country":"US","population":4,"tier":"standard","source":"HIFLD Open NursingHomes"}},{"type":"Feature","geometry":{"type":"Point","coordinates":[-149.0142,61.5467]},"properties":{"name":"AK Nurtured Living","facility":"ASSISTED LIVING","city":"PALMER","region":"AK","country":"US","population":5,"tier":"standard","source":"HIFLD Open NursingHomes"}},{"type":"Feature","geometry":{"type":"Point","coordinates":[-149.0585,61.6279]},"properties":{"name":"AK Holly Haven","facility":"ASSISTED LIVING","city":"PALMER","region":"AK","country":"US","population":4,"tier":"standard","source":"HIFLD Open NursingHomes"}},{"type":"Feature","geometry":{"type":"Point","coordinates":[-149.6185,61.4955]},"properties":{"name":"Abc Assisted Living","facility":"ASSISTED LIVING","city":"WASILLA","region":"AK","country":"US","population":4,"tier":"standard","source":"HIFLD Open NursingHomes"}},{"type":"Feature","geometry":{"type":"Point","coordinates":[-149.7284,61.1837]},"properties":{"name":"Aaron Assisted Living II","facility":"ASSISTED LIVING","city":"ANCHORAGE","region":"AK","country":"US","population":5,"tier":"standard","source":"HIFLD Open NursingHomes"}},{"type":"Feature","geometry":{"type":"Point","coordinates":[-149.8421,61.1941]},"properties":{"name":"A Happy Home (Yale)","facility":"ASSISTED LIVING","city":"ANCHORAGE","region":"AK","country":"US","population":2,"tier":"standard","source":"HIFLD Open NursingHomes"}},{"type":"Feature","geometry":{"type":"Point","coordinates":[-149.3975,61.5985000000001]},"properties":{"name":"A Fine Place","facility":"ASSISTED LIVING","city":"WASILLA","region":"AK","country":"US","population":3,"tier":"standard","source":"HIFLD Open NursingHomes"}},{"type":"Feature","geometry":{"type":"Point","coordinates":[-156.937,64.7334000000001]},"properties":{"name":"Yukon Koyukuk Elder Assisted Living Facility","facility":"ASSISTED LIVING","city":"GALENA","region":"AK","country":"US","population":9,"tier":"standard","source":"HIFLD Open NursingHomes"}},{"type":"Feature","geometry":{"type":"Point","coordinates":[-149.7351,61.2171000000001]},"properties":{"name":"Your Home Now ALH","facility":"ASSISTED LIVING","city":"ANCHORAGE","region":"AK","country":"US","population":5,"tier":"standard","source":"HIFLD Open NursingHomes"}},{"type":"Feature","geometry":{"type":"Point","coordinates":[-149.7228,61.2137000000001]},"properties":{"name":"Graystone Assisted Living Home","facility":"ASSISTED LIVING","city":"ANCHORAGE","region":"AK","country":"US","population":5,"tier":"standard","source":"HIFLD Open NursingHomes"}},{"type":"Feature","geometry":{"type":"Point","coordinates":[-147.7357,64.8456]},"properties":{"name":"Wild Iris Comfort Care","facility":"ASSISTED LIVING","city":"FAIRBANKS","region":"AK","country":"US","population":6,"tier":"standard","source":"HIFLD Open NursingHomes"}},{"type":"Feature","geometry":{"type":"Point","coordinates":[-149.9229,61.1822000000001]},"properties":{"name":"Valleywood ALH","facility":"ASSISTED LIVING","city":"ANCHORAGE","region":"AK","country":"US","population":4,"tier":"standard","source":"HIFLD Open NursingHomes"}},{"type":"Feature","geometry":{"type":"Point","coordinates":[-149.8307,61.1388000000001]},"properties":{"name":"True Love Too ALH","facility":"ASSISTED LIVING","city":"ANCHORAGE","region":"AK","country":"US","population":5,"tier":"standard","source":"HIFLD Open NursingHomes"}},{"type":"Feature","geometry":{"type":"Point","coordinates":[-149.9226,61.145]},"properties":{"name":"True Love Assisted Living Home","facility":"ASSISTED LIVING","city":"ANCHORAGE","region":"AK","country":"US","population":5,"tier":"standard","source":"HIFLD Open NursingHomes"}},{"type":"Feature","geometry":{"type":"Point","coordinates":[-149.7309,61.2125]},"properties":{"name":"Tlc Assisted Living Home","facility":"ASSISTED LIVING","city":"ANCHORAGE","region":"AK","country":"US","population":6,"tier":"standard","source":"HIFLD Open NursingHomes"}},{"type":"Feature","geometry":{"type":"Point","coordinates":[-149.8407,61.1856000000001]},"properties":{"name":"The Marietta House","facility":"ASSISTED LIVING","city":"ANCHORAGE","region":"AK","country":"US","population":5,"tier":"standard","source":"HIFLD Open NursingHomes"}},{"type":"Feature","geometry":{"type":"Point","coordinates":[-149.7279,61.1835]},"properties":{"name":"The Ark Of Emmanuel II","facility":"ASSISTED LIVING","city":"ANCHORAGE","region":"AK","country":"US","population":5,"tier":"standard","source":"HIFLD Open NursingHomes"}},{"type":"Feature","geometry":{"type":"Point","coordinates":[-149.7797,61.1895000000001]},"properties":{"name":"The Ark Of Emmanuel","facility":"ASSISTED LIVING","city":"ANCHORAGE","region":"AK","country":"US","population":5,"tier":"standard","source":"HIFLD Open NursingHomes"}},{"type":"Feature","geometry":{"type":"Point","coordinates":[-149.7433,61.1887]},"properties":{"name":"Tendo Assisted Living Home","facility":"ASSISTED LIVING","city":"ANCHORAGE","region":"AK","country":"US","population":11,"tier":"standard","source":"HIFLD Open NursingHomes"}},{"type":"Feature","geometry":{"type":"Point","coordinates":[-149.8104,61.156]},"properties":{"name":"Dbg-Travis Circle","facility":"ASSISTED LIVING","city":"ANCHORAGE","region":"AK","country":"US","population":5,"tier":"standard","source":"HIFLD Open NursingHomes"}},{"type":"Feature","geometry":{"type":"Point","coordinates":[-152.0937,65.1716000000001]},"properties":{"name":"Tanana Native Council","facility":"ASSISTED LIVING","city":"TANANA","region":"AK","country":"US","population":9,"tier":"standard","source":"HIFLD Open NursingHomes"}},{"type":"Feature","geometry":{"type":"Point","coordinates":[-149.9646,61.1911000000001]},"properties":{"name":"Serenity Suites Too","facility":"ASSISTED LIVING","city":"ANCHORAGE","region":"AK","country":"US","population":5,"tier":"standard","source":"HIFLD Open NursingHomes"}},{"type":"Feature","geometry":{"type":"Point","coordinates":[-149.1984,61.6163000000001]},"properties":{"name":"Sunrise Manor ALH","facility":"ASSISTED LIVING","city":"PALMER","region":"AK","country":"US","population":7,"tier":"standard","source":"HIFLD Open NursingHomes"}},{"type":"Feature","geometry":{"type":"Point","coordinates":[-149.9391,61.1636]},"properties":{"name":"Sunrise Assisted Living Home II","facility":"ASSISTED LIVING","city":"ANCHORAGE","region":"AK","country":"US","population":5,"tier":"standard","source":"HIFLD Open NursingHomes"}},{"type":"Feature","geometry":{"type":"Point","coordinates":[-149.9181,61.1449]},"properties":{"name":"Sunrise Assisted Living Home","facility":"ASSISTED LIVING","city":"ANCHORAGE","region":"AK","country":"US","population":5,"tier":"standard","source":"HIFLD Open NursingHomes"}},{"type":"Feature","geometry":{"type":"Point","coordinates":[-149.9525,61.1585000000001]},"properties":{"name":"St. Thomas II ALH","facility":"ASSISTED LIVING","city":"ANCHORAGE","region":"AK","country":"US","population":5,"tier":"standard","source":"HIFLD Open NursingHomes"}},{"type":"Feature","geometry":{"type":"Point","coordinates":[-149.8159,61.2048]},"properties":{"name":"St. Paul Home Care Services ALH","facility":"ASSISTED LIVING","city":"ANCHORAGE","region":"AK","country":"US","population":2,"tier":"standard","source":"HIFLD Open NursingHomes"}},{"type":"Feature","geometry":{"type":"Point","coordinates":[-149.8884,61.111]},"properties":{"name":"St. Mary's Assisted Living Home","facility":"ASSISTED LIVING","city":"ANCHORAGE","region":"AK","country":"US","population":5,"tier":"standard","source":"HIFLD Open NursingHomes"}},{"type":"Feature","geometry":{"type":"Point","coordinates":[-149.8061,61.2207000000001]},"properties":{"name":"St. Mary's ALH #2","facility":"ASSISTED LIVING","city":"ANCHORAGE","region":"AK","country":"US","population":5,"tier":"standard","source":"HIFLD Open NursingHomes"}},{"type":"Feature","geometry":{"type":"Point","coordinates":[-149.8708,61.1119]},"properties":{"name":"St. Lawrence Assisted Living Home III","facility":"ASSISTED LIVING","city":"ANCHORAGE","region":"AK","country":"US","population":5,"tier":"standard","source":"HIFLD Open NursingHomes"}},{"type":"Feature","geometry":{"type":"Point","coordinates":[-149.9141,61.1361000000001]},"properties":{"name":"St. Lawrence Assisted Living Home II","facility":"ASSISTED LIVING","city":"ANCHORAGE","region":"AK","country":"US","population":5,"tier":"standard","source":"HIFLD Open NursingHomes"}},{"type":"Feature","geometry":{"type":"Point","coordinates":[-149.8736,61.1526000000001]},"properties":{"name":"St. Anne II Assisted Living Home","facility":"ASSISTED LIVING","city":"ANCHORAGE","region":"AK","country":"US","population":5,"tier":"standard","source":"HIFLD Open NursingHomes"}},{"type":"Feature","geometry":{"type":"Point","coordinates":[-149.8308,61.1379000000001]},"properties":{"name":"St. Anne Assisted Living Home","facility":"ASSISTED LIVING","city":"ANCHORAGE","region":"AK","country":"US","population":4,"tier":"standard","source":"HIFLD Open NursingHomes"}},{"type":"Feature","geometry":{"type":"Point","coordinates":[-149.8431,61.1335000000001]},"properties":{"name":"Southern Living Assisted Living Home, Ltd","facility":"ASSISTED LIVING","city":"ANCHORAGE","region":"AK","country":"US","population":5,"tier":"standard","source":"HIFLD Open NursingHomes"}},{"type":"Feature","geometry":{"type":"Point","coordinates":[-149.7411,61.1985000000001]},"properties":{"name":"Susitna Gardens ALH","facility":"ASSISTED LIVING","city":"ANCHORAGE","region":"AK","country":"US","population":null,"tier":"standard","source":"HIFLD Open NursingHomes"}},{"type":"Feature","geometry":{"type":"Point","coordinates":[-149.8115,61.2059]},"properties":{"name":"Sheyla's Place","facility":"ASSISTED LIVING","city":"ANCHORAGE","region":"AK","country":"US","population":5,"tier":"standard","source":"HIFLD Open NursingHomes"}},{"type":"Feature","geometry":{"type":"Point","coordinates":[-149.7994,61.22]},"properties":{"name":"Shepherd's Home Care 2","facility":"ASSISTED LIVING","city":"ANCHORAGE","region":"AK","country":"US","population":5,"tier":"standard","source":"HIFLD Open NursingHomes"}},{"type":"Feature","geometry":{"type":"Point","coordinates":[-149.7833,61.2215]},"properties":{"name":"Shepherd's Home Care","facility":"ASSISTED LIVING","city":"ANCHORAGE","region":"AK","country":"US","population":3,"tier":"standard","source":"HIFLD Open NursingHomes"}},{"type":"Feature","geometry":{"type":"Point","coordinates":[-149.8144,61.1540000000001]},"properties":{"name":"Serene Grace Assisted Living Home","facility":"ASSISTED LIVING","city":"ANCHORAGE","region":"AK","country":"US","population":5,"tier":"standard","source":"HIFLD Open NursingHomes"}},{"type":"Feature","geometry":{"type":"Point","coordinates":[-149.8496,61.1625000000001]},"properties":{"name":"Sck Caring Hearts ALH","facility":"ASSISTED LIVING","city":"ANCHORAGE","region":"AK","country":"US","population":5,"tier":"standard","source":"HIFLD Open NursingHomes"}},{"type":"Feature","geometry":{"type":"Point","coordinates":[-149.8266,61.2041]},"properties":{"name":"Santo Nino ALH","facility":"ASSISTED LIVING","city":"ANCHORAGE","region":"AK","country":"US","population":4,"tier":"standard","source":"HIFLD Open NursingHomes"}},{"type":"Feature","geometry":{"type":"Point","coordinates":[-149.8794,61.1151]},"properties":{"name":"Saint Timothy Home III","facility":"ASSISTED LIVING","city":"ANCHORAGE","region":"AK","country":"US","population":4,"tier":"standard","source":"HIFLD Open NursingHomes"}},{"type":"Feature","geometry":{"type":"Point","coordinates":[-149.8702,61.109]},"properties":{"name":"Saint Timothy Home II","facility":"ASSISTED LIVING","city":"ANCHORAGE","region":"AK","country":"US","population":5,"tier":"standard","source":"HIFLD Open NursingHomes"}},{"type":"Feature","geometry":{"type":"Point","coordinates":[-149.8705,61.1091000000001]},"properties":{"name":"Saint Timothy Home I","facility":"ASSISTED LIVING","city":"ANCHORAGE","region":"AK","country":"US","population":5,"tier":"standard","source":"HIFLD Open NursingHomes"}},{"type":"Feature","geometry":{"type":"Point","coordinates":[-149.7321,61.1832]},"properties":{"name":"Saint Pio Assisted Living Home","facility":"ASSISTED LIVING","city":"ANCHORAGE","region":"AK","country":"US","population":5,"tier":"standard","source":"HIFLD Open NursingHomes"}},{"type":"Feature","geometry":{"type":"Point","coordinates":[-149.9067,61.1528000000001]},"properties":{"name":"Rose's Care ALH","facility":"ASSISTED LIVING","city":"ANCHORAGE","region":"AK","country":"US","population":5,"tier":"standard","source":"HIFLD Open NursingHomes"}},{"type":"Feature","geometry":{"type":"Point","coordinates":[-147.7666,64.8623]},"properties":{"name":"Rocking Years One","facility":"ASSISTED LIVING","city":"FAIRBANKS","region":"AK","country":"US","population":5,"tier":"standard","source":"HIFLD Open NursingHomes"}},{"type":"Feature","geometry":{"type":"Point","coordinates":[-149.9013,61.1742]},"properties":{"name":"Rjp Home Care Services","facility":"ASSISTED LIVING","city":"ANCHORAGE","region":"AK","country":"US","population":5,"tier":"standard","source":"HIFLD Open NursingHomes"}},{"type":"Feature","geometry":{"type":"Point","coordinates":[-149.8112,61.1514000000001]},"properties":{"name":"Randel Home Care III","facility":"ASSISTED LIVING","city":"ANCHORAGE","region":"AK","country":"US","population":5,"tier":"standard","source":"HIFLD Open NursingHomes"}},{"type":"Feature","geometry":{"type":"Point","coordinates":[-149.8112,61.1516]},"properties":{"name":"Randel Home Care II","facility":"ASSISTED LIVING","city":"ANCHORAGE","region":"AK","country":"US","population":5,"tier":"standard","source":"HIFLD Open NursingHomes"}},{"type":"Feature","geometry":{"type":"Point","coordinates":[-149.9142,61.1367000000001]},"properties":{"name":"Randel Home Care I","facility":"ASSISTED LIVING","city":"ANCHORAGE","region":"AK","country":"US","population":5,"tier":"standard","source":"HIFLD Open NursingHomes"}},{"type":"Feature","geometry":{"type":"Point","coordinates":[-149.7899,61.1138000000001]},"properties":{"name":"Rabe Assisted Living Home","facility":"ASSISTED LIVING","city":"ANCHORAGE","region":"AK","country":"US","population":5,"tier":"standard","source":"HIFLD Open NursingHomes"}},{"type":"Feature","geometry":{"type":"Point","coordinates":[-149.8214,61.1859000000001]},"properties":{"name":"Providence Forest View Assisted Living Care Center","facility":"ASSISTED LIVING","city":"ANCHORAGE","region":"AK","country":"US","population":10,"tier":"standard","source":"HIFLD Open NursingHomes"}},{"type":"Feature","geometry":{"type":"Point","coordinates":[-149.7346,61.1858]},"properties":{"name":"Precious Care Assisted Living Facility","facility":"ASSISTED LIVING","city":"ANCHORAGE","region":"AK","country":"US","population":7,"tier":"standard","source":"HIFLD Open NursingHomes"}},{"type":"Feature","geometry":{"type":"Point","coordinates":[-149.8345,61.1134000000001]},"properties":{"name":"Perpetual Help Care Center","facility":"ASSISTED LIVING","city":"ANCHORAGE","region":"AK","country":"US","population":4,"tier":"standard","source":"HIFLD Open NursingHomes"}},{"type":"Feature","geometry":{"type":"Point","coordinates":[-149.8234,61.1438]},"properties":{"name":"Patricia Jane's.","facility":"ASSISTED LIVING","city":"ANCHORAGE","region":"AK","country":"US","population":5,"tier":"standard","source":"HIFLD Open NursingHomes"}},{"type":"Feature","geometry":{"type":"Point","coordinates":[-151.331,60.645]},"properties":{"name":"Pathways.","facility":"ASSISTED LIVING","city":"KENAI","region":"AK","country":"US","population":5,"tier":"standard","source":"HIFLD Open NursingHomes"}},{"type":"Feature","geometry":{"type":"Point","coordinates":[-149.7233,61.2235000000001]},"properties":{"name":"Padre Pio Assisted Living Home","facility":"ASSISTED LIVING","city":"ANCHORAGE","region":"AK","country":"US","population":5,"tier":"standard","source":"HIFLD Open NursingHomes"}},{"type":"Feature","geometry":{"type":"Point","coordinates":[-149.7277,61.2031000000001]},"properties":{"name":"Our Lady Of Lourdes","facility":"ASSISTED LIVING","city":"ANCHORAGE","region":"AK","country":"US","population":5,"tier":"standard","source":"HIFLD Open NursingHomes"}},{"type":"Feature","geometry":{"type":"Point","coordinates":[-149.7704,61.1841]},"properties":{"name":"Our Lady Of Fatima","facility":"ASSISTED LIVING","city":"ANCHORAGE","region":"AK","country":"US","population":5,"tier":"standard","source":"HIFLD Open NursingHomes"}},{"type":"Feature","geometry":{"type":"Point","coordinates":[-149.8294,61.1766000000001]},"properties":{"name":"Opus Memoria","facility":"ASSISTED LIVING","city":"ANCHORAGE","region":"AK","country":"US","population":5,"tier":"standard","source":"HIFLD Open NursingHomes"}},{"type":"Feature","geometry":{"type":"Point","coordinates":[-149.8289,61.1763000000001]},"properties":{"name":"Opus Memoria II","facility":"ASSISTED LIVING","city":"ANCHORAGE","region":"AK","country":"US","population":5,"tier":"standard","source":"HIFLD Open NursingHomes"}},{"type":"Feature","geometry":{"type":"Point","coordinates":[-149.9102,61.1363000000001]},"properties":{"name":"Olympus House","facility":"ASSISTED LIVING","city":"ANCHORAGE","region":"AK","country":"US","population":5,"tier":"standard","source":"HIFLD Open NursingHomes"}},{"type":"Feature","geometry":{"type":"Point","coordinates":[-149.9104,61.1147]},"properties":{"name":"Northern Lights ALH","facility":"ASSISTED LIVING","city":"ANCHORAGE","region":"AK","country":"US","population":4,"tier":"standard","source":"HIFLD Open NursingHomes"}},{"type":"Feature","geometry":{"type":"Point","coordinates":[-149.9123,61.1372000000001]},"properties":{"name":"New Haven Assisted Living Home","facility":"ASSISTED LIVING","city":"ANCHORAGE","region":"AK","country":"US","population":5,"tier":"standard","source":"HIFLD Open NursingHomes"}},{"type":"Feature","geometry":{"type":"Point","coordinates":[-149.8275,61.1575]},"properties":{"name":"My Father's House Assisted Living Home","facility":"ASSISTED LIVING","city":"ANCHORAGE","region":"AK","country":"US","population":5,"tier":"standard","source":"HIFLD Open NursingHomes"}},{"type":"Feature","geometry":{"type":"Point","coordinates":[-149.7357,61.1843000000001]},"properties":{"name":"Mount Moriah Assisted Living Home","facility":"ASSISTED LIVING","city":"ANCHORAGE","region":"AK","country":"US","population":5,"tier":"standard","source":"HIFLD Open NursingHomes"}},{"type":"Feature","geometry":{"type":"Point","coordinates":[-149.3943,61.6194]},"properties":{"name":"Miracle Home Care","facility":"ASSISTED LIVING","city":"WASILLA","region":"AK","country":"US","population":5,"tier":"standard","source":"HIFLD Open NursingHomes"}},{"type":"Feature","geometry":{"type":"Point","coordinates":[-149.8593,61.2081000000001]},"properties":{"name":"Mercy Saw Me Assisted Living Home","facility":"ASSISTED LIVING","city":"ANCHORAGE","region":"AK","country":"US","population":2,"tier":"standard","source":"HIFLD Open NursingHomes"}},{"type":"Feature","geometry":{"type":"Point","coordinates":[-149.8111,61.1512000000001]},"properties":{"name":"Melissa's ALH","facility":"ASSISTED LIVING","city":"ANCHORAGE","region":"AK","country":"US","population":5,"tier":"standard","source":"HIFLD Open NursingHomes"}},{"type":"Feature","geometry":{"type":"Point","coordinates":[-149.7393,61.1831000000001]},"properties":{"name":"Maletch's ALH II","facility":"ASSISTED LIVING","city":"ANCHORAGE","region":"AK","country":"US","population":5,"tier":"standard","source":"HIFLD Open NursingHomes"}},{"type":"Feature","geometry":{"type":"Point","coordinates":[-149.8188,61.1479]},"properties":{"name":"Maletch's ALH","facility":"ASSISTED LIVING","city":"ANCHORAGE","region":"AK","country":"US","population":5,"tier":"standard","source":"HIFLD Open NursingHomes"}},{"type":"Feature","geometry":{"type":"Point","coordinates":[-149.4702,61.5867000000001]},"properties":{"name":"Magnolia Manor","facility":"ASSISTED LIVING","city":"WASILLA","region":"AK","country":"US","population":5,"tier":"standard","source":"HIFLD Open NursingHomes"}},{"type":"Feature","geometry":{"type":"Point","coordinates":[-149.8425,61.1554]},"properties":{"name":"Abuelitos ALH","facility":"ASSISTED LIVING","city":"ANCHORAGE","region":"AK","country":"US","population":null,"tier":"standard","source":"HIFLD Open NursingHomes"}},{"type":"Feature","geometry":{"type":"Point","coordinates":[-149.8042,61.2215]},"properties":{"name":"M.G.D. ALH","facility":"ASSISTED LIVING","city":"ANCHORAGE","region":"AK","country":"US","population":4,"tier":"standard","source":"HIFLD Open NursingHomes"}},{"type":"Feature","geometry":{"type":"Point","coordinates":[-149.8123,61.1547]},"properties":{"name":"Lynne's Home Care","facility":"ASSISTED LIVING","city":"ANCHORAGE","region":"AK","country":"US","population":5,"tier":"standard","source":"HIFLD Open NursingHomes"}},{"type":"Feature","geometry":{"type":"Point","coordinates":[-149.8266,61.2002]},"properties":{"name":"Little Genie Assisted Living Home","facility":"ASSISTED LIVING","city":"ANCHORAGE","region":"AK","country":"US","population":5,"tier":"standard","source":"HIFLD Open NursingHomes"}},{"type":"Feature","geometry":{"type":"Point","coordinates":[-149.896,61.1150000000001]},"properties":{"name":"Linda's Place","facility":"ASSISTED LIVING","city":"ANCHORAGE","region":"AK","country":"US","population":5,"tier":"standard","source":"HIFLD Open NursingHomes"}},{"type":"Feature","geometry":{"type":"Point","coordinates":[-149.8599,61.1004]},"properties":{"name":"Lighthouse Home Care 1.","facility":"ASSISTED LIVING","city":"ANCHORAGE","region":"AK","country":"US","population":5,"tier":"standard","source":"HIFLD Open NursingHomes"}},{"type":"Feature","geometry":{"type":"Point","coordinates":[-147.8055,64.8512000000001]},"properties":{"name":"Let Us Care Assisted Living Home","facility":"ASSISTED LIVING","city":"FAIRBANKS","region":"AK","country":"US","population":4,"tier":"standard","source":"HIFLD Open NursingHomes"}},{"type":"Feature","geometry":{"type":"Point","coordinates":[-149.7361,61.1855000000001]},"properties":{"name":"Lakeview Home III","facility":"ASSISTED LIVING","city":"ANCHORAGE","region":"AK","country":"US","population":5,"tier":"standard","source":"HIFLD Open NursingHomes"}},{"type":"Feature","geometry":{"type":"Point","coordinates":[-149.9049,61.1568]},"properties":{"name":"Bethsaida Assisted Living","facility":"ASSISTED LIVING","city":"ANCHORAGE","region":"AK","country":"US","population":5,"tier":"standard","source":"HIFLD Open NursingHomes"}},{"type":"Feature","geometry":{"type":"Point","coordinates":[-151.0789,60.4819]},"properties":{"name":"Keen Eye Care Assisted Living","facility":"ASSISTED LIVING","city":"SOLDOTNA","region":"AK","country":"US","population":5,"tier":"standard","source":"HIFLD Open NursingHomes"}},{"type":"Feature","geometry":{"type":"Point","coordinates":[-149.7329,61.2059]},"properties":{"name":"Kamalani II ALH","facility":"ASSISTED LIVING","city":"ANCHORAGE","region":"AK","country":"US","population":5,"tier":"standard","source":"HIFLD Open NursingHomes"}},{"type":"Feature","geometry":{"type":"Point","coordinates":[-149.7901,61.2205000000001]},"properties":{"name":"Kamalani ALH","facility":"ASSISTED LIVING","city":"ANCHORAGE","region":"AK","country":"US","population":5,"tier":"standard","source":"HIFLD Open NursingHomes"}},{"type":"Feature","geometry":{"type":"Point","coordinates":[-149.5749,61.5584]},"properties":{"name":"Joshua House","facility":"ASSISTED LIVING","city":"WASILLA","region":"AK","country":"US","population":10,"tier":"standard","source":"HIFLD Open NursingHomes"}},{"type":"Feature","geometry":{"type":"Point","coordinates":[-149.9566,61.1409]},"properties":{"name":"Jewel Lake Assisted Living Home","facility":"ASSISTED LIVING","city":"ANCHORAGE","region":"AK","country":"US","population":10,"tier":"standard","source":"HIFLD Open NursingHomes"}},{"type":"Feature","geometry":{"type":"Point","coordinates":[-149.7347,61.1879]},"properties":{"name":"Jamiezon ALH II","facility":"ASSISTED LIVING","city":"ANCHORAGE","region":"AK","country":"US","population":3,"tier":"standard","source":"HIFLD Open NursingHomes"}},{"type":"Feature","geometry":{"type":"Point","coordinates":[-149.7429,61.2003]},"properties":{"name":"Jamiezon Assisted Living Home","facility":"ASSISTED LIVING","city":"ANCHORAGE","region":"AK","country":"US","population":5,"tier":"standard","source":"HIFLD Open NursingHomes"}},{"type":"Feature","geometry":{"type":"Point","coordinates":[-149.7352,61.1853]},"properties":{"name":"Arctic Haven Of Scenic View Drive","facility":"ASSISTED LIVING","city":"ANCHORAGE","region":"AK","country":"US","population":5,"tier":"standard","source":"HIFLD Open NursingHomes"}},{"type":"Feature","geometry":{"type":"Point","coordinates":[-149.9142,61.1369000000001]},"properties":{"name":"Jade Assisted Living Home","facility":"ASSISTED LIVING","city":"ANCHORAGE","region":"AK","country":"US","population":5,"tier":"standard","source":"HIFLD Open NursingHomes"}},{"type":"Feature","geometry":{"type":"Point","coordinates":[-149.8298,61.1419000000001]},"properties":{"name":"Immaculate Concepcion Home II","facility":"ASSISTED LIVING","city":"ANCHORAGE","region":"AK","country":"US","population":5,"tier":"standard","source":"HIFLD Open NursingHomes"}},{"type":"Feature","geometry":{"type":"Point","coordinates":[-149.8169,61.1564000000001]},"properties":{"name":"Immaculate Concepcion Home","facility":"ASSISTED LIVING","city":"ANCHORAGE","region":"AK","country":"US","population":5,"tier":"standard","source":"HIFLD Open NursingHomes"}},{"type":"Feature","geometry":{"type":"Point","coordinates":[-149.8394,61.1554]},"properties":{"name":"Iluminada's Assisted Living Home II","facility":"ASSISTED LIVING","city":"ANCHORAGE","region":"AK","country":"US","population":5,"tier":"standard","source":"HIFLD Open NursingHomes"}},{"type":"Feature","geometry":{"type":"Point","coordinates":[-149.8112,61.1517000000001]},"properties":{"name":"Iluminada's Assisted Living Home","facility":"ASSISTED LIVING","city":"ANCHORAGE","region":"AK","country":"US","population":5,"tier":"standard","source":"HIFLD Open NursingHomes"}},{"type":"Feature","geometry":{"type":"Point","coordinates":[-149.9033,61.1535000000001]},"properties":{"name":"Home Of Love ALH","facility":"ASSISTED LIVING","city":"ANCHORAGE","region":"AK","country":"US","population":5,"tier":"standard","source":"HIFLD Open NursingHomes"}},{"type":"Feature","geometry":{"type":"Point","coordinates":[-149.9085,61.1846]},"properties":{"name":"Grace Of God ALH","facility":"ASSISTED LIVING","city":"ANCHORAGE","region":"AK","country":"US","population":null,"tier":"standard","source":"HIFLD Open NursingHomes"}},{"type":"Feature","geometry":{"type":"Point","coordinates":[-149.8514,61.1399]},"properties":{"name":"Hea Lani Assisted Living Home","facility":"ASSISTED LIVING","city":"ANCHORAGE","region":"AK","country":"US","population":5,"tier":"standard","source":"HIFLD Open NursingHomes"}},{"type":"Feature","geometry":{"type":"Point","coordinates":[-149.562,61.3247000000001]},"properties":{"name":"Guiding Light Assisted Living Home","facility":"ASSISTED LIVING","city":"EAGLE RIVER","region":"AK","country":"US","population":5,"tier":"standard","source":"HIFLD Open NursingHomes"}},{"type":"Feature","geometry":{"type":"Point","coordinates":[-149.7576,61.2116]},"properties":{"name":"Graceful Living ALH I","facility":"ASSISTED LIVING","city":"ANCHORAGE","region":"AK","country":"US","population":5,"tier":"standard","source":"HIFLD Open NursingHomes"}},{"type":"Feature","geometry":{"type":"Point","coordinates":[-149.8916,61.1432]},"properties":{"name":"Good Samaritan ALH","facility":"ASSISTED LIVING","city":"ANCHORAGE","region":"AK","country":"US","population":5,"tier":"standard","source":"HIFLD Open NursingHomes"}},{"type":"Feature","geometry":{"type":"Point","coordinates":[-149.9117,61.1368000000001]},"properties":{"name":"Golden Friendship Home For Elderly","facility":"ASSISTED LIVING","city":"ANCHORAGE","region":"AK","country":"US","population":5,"tier":"standard","source":"HIFLD Open NursingHomes"}},{"type":"Feature","geometry":{"type":"Point","coordinates":[-149.436,61.5792]},"properties":{"name":"Golden Agers Homecare.","facility":"ASSISTED LIVING","city":"WASILLA","region":"AK","country":"US","population":5,"tier":"standard","source":"HIFLD Open NursingHomes"}},{"type":"Feature","geometry":{"type":"Point","coordinates":[-149.5713,61.3358000000001]},"properties":{"name":"Glorious Life ALH.","facility":"ASSISTED LIVING","city":"EAGLE RIVER","region":"AK","country":"US","population":4,"tier":"standard","source":"HIFLD Open NursingHomes"}},{"type":"Feature","geometry":{"type":"Point","coordinates":[-147.7539,64.8555000000001]},"properties":{"name":"Frontier Assisted Living","facility":"ASSISTED LIVING","city":"FAIRBANKS","region":"AK","country":"US","population":12,"tier":"standard","source":"HIFLD Open NursingHomes"}},{"type":"Feature","geometry":{"type":"Point","coordinates":[-149.9108,61.1340000000001]},"properties":{"name":"Fine Pearle Too ALH","facility":"ASSISTED LIVING","city":"ANCHORAGE","region":"AK","country":"US","population":3,"tier":"standard","source":"HIFLD Open NursingHomes"}},{"type":"Feature","geometry":{"type":"Point","coordinates":[-149.9101,61.1341]},"properties":{"name":"Fine Pearle Assisted Living","facility":"ASSISTED LIVING","city":"ANCHORAGE","region":"AK","country":"US","population":5,"tier":"standard","source":"HIFLD Open NursingHomes"}},{"type":"Feature","geometry":{"type":"Point","coordinates":[-149.7663,61.2115000000001]},"properties":{"name":"Fidelity Assisted Living Home","facility":"ASSISTED LIVING","city":"ANCHORAGE","region":"AK","country":"US","population":4,"tier":"standard","source":"HIFLD Open NursingHomes"}},{"type":"Feature","geometry":{"type":"Point","coordinates":[-151.2783,60.5813000000001]},"properties":{"name":"Fcs - Snowflake","facility":"ASSISTED LIVING","city":"KENAI","region":"AK","country":"US","population":2,"tier":"standard","source":"HIFLD Open NursingHomes"}},{"type":"Feature","geometry":{"type":"Point","coordinates":[-149.8916,61.1434]},"properties":{"name":"Elena's Place I","facility":"ASSISTED LIVING","city":"ANCHORAGE","region":"AK","country":"US","population":5,"tier":"standard","source":"HIFLD Open NursingHomes"}},{"type":"Feature","geometry":{"type":"Point","coordinates":[-149.7842,61.2204]},"properties":{"name":"Elder Care ALH","facility":"ASSISTED LIVING","city":"ANCHORAGE","region":"AK","country":"US","population":5,"tier":"standard","source":"HIFLD Open NursingHomes"}},{"type":"Feature","geometry":{"type":"Point","coordinates":[-149.7906,61.1888000000001]},"properties":{"name":"Divine Mercy ALH","facility":"ASSISTED LIVING","city":"ANCHORAGE","region":"AK","country":"US","population":5,"tier":"standard","source":"HIFLD Open NursingHomes"}},{"type":"Feature","geometry":{"type":"Point","coordinates":[-149.9375,61.1942000000001]},"properties":{"name":"Tasi Assisted Living Home","facility":"ASSISTED LIVING","city":"ANCHORAGE","region":"AK","country":"US","population":null,"tier":"standard","source":"HIFLD Open NursingHomes"}},{"type":"Feature","geometry":{"type":"Point","coordinates":[-149.8393,61.1548000000001]},"properties":{"name":"Demeluz Assisted Living Home","facility":"ASSISTED LIVING","city":"ANCHORAGE","region":"AK","country":"US","population":null,"tier":"standard","source":"HIFLD Open NursingHomes"}},{"type":"Feature","geometry":{"type":"Point","coordinates":[-149.7884,61.1961]},"properties":{"name":"Althea Assisted Living Home","facility":"ASSISTED LIVING","city":"ANCHORAGE","region":"AK","country":"US","population":5,"tier":"standard","source":"HIFLD Open NursingHomes"}},{"type":"Feature","geometry":{"type":"Point","coordinates":[-149.7369,61.2154]},"properties":{"name":"Creekside Assisted Living","facility":"ASSISTED LIVING","city":"ANCHORAGE","region":"AK","country":"US","population":5,"tier":"standard","source":"HIFLD Open NursingHomes"}},{"type":"Feature","geometry":{"type":"Point","coordinates":[-149.3996,61.6108]},"properties":{"name":"Colony Manor At Village Park","facility":"ASSISTED LIVING","city":"WASILLA","region":"AK","country":"US","population":5,"tier":"standard","source":"HIFLD Open NursingHomes"}},{"type":"Feature","geometry":{"type":"Point","coordinates":[-149.3216,61.5618000000001]},"properties":{"name":"Colony Manor At Creekside","facility":"ASSISTED LIVING","city":"WASILLA","region":"AK","country":"US","population":5,"tier":"standard","source":"HIFLD Open NursingHomes"}},{"type":"Feature","geometry":{"type":"Point","coordinates":[-149.8111,61.1513]},"properties":{"name":"Clearfield Assisted Living Home","facility":"ASSISTED LIVING","city":"ANCHORAGE","region":"AK","country":"US","population":5,"tier":"standard","source":"HIFLD Open NursingHomes"}},{"type":"Feature","geometry":{"type":"Point","coordinates":[-149.7623,61.1926]},"properties":{"name":"Heart And Harmony","facility":"ASSISTED LIVING","city":"ANCHORAGE","region":"AK","country":"US","population":5,"tier":"standard","source":"HIFLD Open NursingHomes"}},{"type":"Feature","geometry":{"type":"Point","coordinates":[-149.8447,61.1937]},"properties":{"name":"Chadellynh Home","facility":"ASSISTED LIVING","city":"ANCHORAGE","region":"AK","country":"US","population":5,"tier":"standard","source":"HIFLD Open NursingHomes"}},{"type":"Feature","geometry":{"type":"Point","coordinates":[-149.9082,61.179]},"properties":{"name":"Caritas Assisted Living Home II, Inc.","facility":"ASSISTED LIVING","city":"ANCHORAGE","region":"AK","country":"US","population":5,"tier":"standard","source":"HIFLD Open NursingHomes"}},{"type":"Feature","geometry":{"type":"Point","coordinates":[-149.9114,61.1327000000001]},"properties":{"name":"Caritas Assisted Living Home","facility":"ASSISTED LIVING","city":"ANCHORAGE","region":"AK","country":"US","population":4,"tier":"standard","source":"HIFLD Open NursingHomes"}},{"type":"Feature","geometry":{"type":"Point","coordinates":[-149.5082,61.6120000000001]},"properties":{"name":"Caring Hands And Homes, Ltd.","facility":"ASSISTED LIVING","city":"WASILLA","region":"AK","country":"US","population":5,"tier":"standard","source":"HIFLD Open NursingHomes"}},{"type":"Feature","geometry":{"type":"Point","coordinates":[-149.5545,61.3233000000001]},"properties":{"name":"Autumn Care Assisted Living","facility":"ASSISTED LIVING","city":"EAGLE RIVER","region":"AK","country":"US","population":5,"tier":"standard","source":"HIFLD Open NursingHomes"}},{"type":"Feature","geometry":{"type":"Point","coordinates":[-149.7808,61.1909000000001]},"properties":{"name":"Kindly Assisted Living Home","facility":"ASSISTED LIVING","city":"ANCHORAGE","region":"AK","country":"US","population":5,"tier":"standard","source":"HIFLD Open NursingHomes"}},{"type":"Feature","geometry":{"type":"Point","coordinates":[-149.7875,61.1939]},"properties":{"name":"Carel Assisted Living Home","facility":"ASSISTED LIVING","city":"ANCHORAGE","region":"AK","country":"US","population":7,"tier":"standard","source":"HIFLD Open NursingHomes"}},{"type":"Feature","geometry":{"type":"Point","coordinates":[-149.8534,61.1025000000001]},"properties":{"name":"Bunny's Assisted Living","facility":"ASSISTED LIVING","city":"ANCHORAGE","region":"AK","country":"US","population":5,"tier":"standard","source":"HIFLD Open NursingHomes"}},{"type":"Feature","geometry":{"type":"Point","coordinates":[-149.8502,61.102]},"properties":{"name":"Aurora Assisted Living Home","facility":"ASSISTED LIVING","city":"ANCHORAGE","region":"AK","country":"US","population":5,"tier":"standard","source":"HIFLD Open NursingHomes"}},{"type":"Feature","geometry":{"type":"Point","coordinates":[-149.9142,61.1328]},"properties":{"name":"Blessing ALH","facility":"ASSISTED LIVING","city":"ANCHORAGE","region":"AK","country":"US","population":5,"tier":"standard","source":"HIFLD Open NursingHomes"}},{"type":"Feature","geometry":{"type":"Point","coordinates":[-149.9127,61.1465000000001]},"properties":{"name":"Bethel Assisted Living Home","facility":"ASSISTED LIVING","city":"ANCHORAGE","region":"AK","country":"US","population":4,"tier":"standard","source":"HIFLD Open NursingHomes"}},{"type":"Feature","geometry":{"type":"Point","coordinates":[-149.8321,61.1174]},"properties":{"name":"Best Care Assisted Living 2","facility":"ASSISTED LIVING","city":"ANCHORAGE","region":"AK","country":"US","population":5,"tier":"standard","source":"HIFLD Open NursingHomes"}},{"type":"Feature","geometry":{"type":"Point","coordinates":[-149.8224,61.1562000000001]},"properties":{"name":"Best Care Assisted Living","facility":"ASSISTED LIVING","city":"ANCHORAGE","region":"AK","country":"US","population":5,"tier":"standard","source":"HIFLD Open NursingHomes"}},{"type":"Feature","geometry":{"type":"Point","coordinates":[-149.8061,61.2208]},"properties":{"name":"Avelina's Assisted Living Home #2","facility":"ASSISTED LIVING","city":"ANCHORAGE","region":"AK","country":"US","population":5,"tier":"standard","source":"HIFLD Open NursingHomes"}},{"type":"Feature","geometry":{"type":"Point","coordinates":[-149.5243,61.3141000000001]},"properties":{"name":"Autumn Sunrise Assisted Living Home","facility":"ASSISTED LIVING","city":"EAGLE RIVER","region":"AK","country":"US","population":5,"tier":"standard","source":"HIFLD Open NursingHomes"}},{"type":"Feature","geometry":{"type":"Point","coordinates":[-149.5755,61.3406]},"properties":{"name":"Autumn Morningstar ALH","facility":"ASSISTED LIVING","city":"EAGLE RIVER","region":"AK","country":"US","population":5,"tier":"standard","source":"HIFLD Open NursingHomes"}},{"type":"Feature","geometry":{"type":"Point","coordinates":[-149.914,61.133]},"properties":{"name":"Atlas Home Care Assisted Living Home","facility":"ASSISTED LIVING","city":"ANCHORAGE","region":"AK","country":"US","population":5,"tier":"standard","source":"HIFLD Open NursingHomes"}},{"type":"Feature","geometry":{"type":"Point","coordinates":[-149.9906,61.1545]},"properties":{"name":"Ark Of Caring Assisted Living Home","facility":"ASSISTED LIVING","city":"ANCHORAGE","region":"AK","country":"US","population":5,"tier":"standard","source":"HIFLD Open NursingHomes"}},{"type":"Feature","geometry":{"type":"Point","coordinates":[-149.8388,61.1558000000001]},"properties":{"name":"Ariana ALH","facility":"ASSISTED LIVING","city":"ANCHORAGE","region":"AK","country":"US","population":5,"tier":"standard","source":"HIFLD Open NursingHomes"}},{"type":"Feature","geometry":{"type":"Point","coordinates":[-149.8192,61.2077]},"properties":{"name":"Gentle Loving Care Assisted Living Home","facility":"ASSISTED LIVING","city":"ANCHORAGE","region":"AK","country":"US","population":5,"tier":"standard","source":"HIFLD Open NursingHomes"}},{"type":"Feature","geometry":{"type":"Point","coordinates":[-149.8199,61.2077]},"properties":{"name":"Golden Hearts ALH","facility":"ASSISTED LIVING","city":"ANCHORAGE","region":"AK","country":"US","population":5,"tier":"standard","source":"HIFLD Open NursingHomes"}},{"type":"Feature","geometry":{"type":"Point","coordinates":[-149.7882,61.1963000000001]},"properties":{"name":"APC - Wesleyan House","facility":"ASSISTED LIVING","city":"ANCHORAGE","region":"AK","country":"US","population":16,"tier":"standard","source":"HIFLD Open NursingHomes"}},{"type":"Feature","geometry":{"type":"Point","coordinates":[-149.7898,61.1442000000001]},"properties":{"name":"APC - Cormorant Cove","facility":"ASSISTED LIVING","city":"ANCHORAGE","region":"AK","country":"US","population":8,"tier":"standard","source":"HIFLD Open NursingHomes"}},{"type":"Feature","geometry":{"type":"Point","coordinates":[-149.7831,61.2010000000001]},"properties":{"name":"Anchor'Care Assisted Living Home","facility":"ASSISTED LIVING","city":"ANCHORAGE","region":"AK","country":"US","population":4,"tier":"standard","source":"HIFLD Open NursingHomes"}},{"type":"Feature","geometry":{"type":"Point","coordinates":[-149.8425,61.155]},"properties":{"name":"Anchorage Manor #1","facility":"ASSISTED LIVING","city":"ANCHORAGE","region":"AK","country":"US","population":5,"tier":"standard","source":"HIFLD Open NursingHomes"}},{"type":"Feature","geometry":{"type":"Point","coordinates":[-149.7823,61.186]},"properties":{"name":"Alpine ALH","facility":"ASSISTED LIVING","city":"ANCHORAGE","region":"AK","country":"US","population":5,"tier":"standard","source":"HIFLD Open NursingHomes"}},{"type":"Feature","geometry":{"type":"Point","coordinates":[-149.731,61.2126000000001]},"properties":{"name":"Alpha-Omega","facility":"ASSISTED LIVING","city":"ANCHORAGE","region":"AK","country":"US","population":5,"tier":"standard","source":"HIFLD Open NursingHomes"}},{"type":"Feature","geometry":{"type":"Point","coordinates":[-149.8376,61.1857000000001]},"properties":{"name":"Alpenglow Short Stay Assisted Living","facility":"ASSISTED LIVING","city":"ANCHORAGE","region":"AK","country":"US","population":9,"tier":"standard","source":"HIFLD Open NursingHomes"}},{"type":"Feature","geometry":{"type":"Point","coordinates":[-149.9142,61.1365000000001]},"properties":{"name":"Trucare ALH","facility":"ASSISTED LIVING","city":"ANCHORAGE","region":"AK","country":"US","population":5,"tier":"standard","source":"HIFLD Open NursingHomes"}},{"type":"Feature","geometry":{"type":"Point","coordinates":[-151.6892,59.676]},"properties":{"name":"Aldergrove Assisted Living","facility":"ASSISTED LIVING","city":"HOMER","region":"AK","country":"US","population":5,"tier":"standard","source":"HIFLD Open NursingHomes"}},{"type":"Feature","geometry":{"type":"Point","coordinates":[-149.9377,61.1490000000001]},"properties":{"name":"Family Care Assisted Living","facility":"ASSISTED LIVING","city":"ANCHORAGE","region":"AK","country":"US","population":null,"tier":"standard","source":"HIFLD Open NursingHomes"}},{"type":"Feature","geometry":{"type":"Point","coordinates":[-161.766,60.7953]},"properties":{"name":"YKHC - Bautista House","facility":"ASSISTED LIVING","city":"BETHEL","region":"AK","country":"US","population":10,"tier":"standard","source":"HIFLD Open NursingHomes"}},{"type":"Feature","geometry":{"type":"Point","coordinates":[-149.3493,61.5755]},"properties":{"name":"Wickersham House","facility":"ASSISTED LIVING","city":"WASILLA","region":"AK","country":"US","population":11,"tier":"standard","source":"HIFLD Open NursingHomes"}},{"type":"Feature","geometry":{"type":"Point","coordinates":[-149.1485,61.6013]},"properties":{"name":"Tranquility Manor Estates","facility":"ASSISTED LIVING","city":"PALMER","region":"AK","country":"US","population":17,"tier":"standard","source":"HIFLD Open NursingHomes"}},{"type":"Feature","geometry":{"type":"Point","coordinates":[-151.5397,59.6475]},"properties":{"name":"The Terrace","facility":"ASSISTED LIVING","city":"HOMER","region":"AK","country":"US","population":40,"tier":"standard","source":"HIFLD Open NursingHomes"}},{"type":"Feature","geometry":{"type":"Point","coordinates":[-149.8108,61.2294000000001]},"properties":{"name":"Rosewood Assisted Living","facility":"ASSISTED LIVING","city":"ANCHORAGE","region":"AK","country":"US","population":16,"tier":"standard","source":"HIFLD Open NursingHomes"}},{"type":"Feature","geometry":{"type":"Point","coordinates":[-147.7987,64.832]},"properties":{"name":"Rocking Years Two","facility":"ASSISTED LIVING","city":"FAIRBANKS","region":"AK","country":"US","population":10,"tier":"standard","source":"HIFLD Open NursingHomes"}},{"type":"Feature","geometry":{"type":"Point","coordinates":[-151.0734,60.4785000000001]},"properties":{"name":"Riverside Assisted Living Soldotna","facility":"ASSISTED LIVING","city":"SOLDOTNA","region":"AK","country":"US","population":60,"tier":"standard","source":"HIFLD Open NursingHomes"}},{"type":"Feature","geometry":{"type":"Point","coordinates":[-149.8321,61.1829000000001]},"properties":{"name":"Providence Horizon House-Cottages","facility":"ASSISTED LIVING","city":"ANCHORAGE","region":"AK","country":"US","population":25,"tier":"standard","source":"HIFLD Open NursingHomes"}},{"type":"Feature","geometry":{"type":"Point","coordinates":[-149.4523,61.5894000000001]},"properties":{"name":"Primrose Retirement Community Of Wasilla","facility":"ASSISTED LIVING","city":"WASILLA","region":"AK","country":"US","population":56,"tier":"standard","source":"HIFLD Open NursingHomes"}},{"type":"Feature","geometry":{"type":"Point","coordinates":[-149.1136,61.5964000000001]},"properties":{"name":"Alaska Veterans' And Pioneers' Home","facility":"ASSISTED LIVING","city":"PALMER","region":"AK","country":"US","population":79,"tier":"standard","source":"HIFLD Open NursingHomes"}},{"type":"Feature","geometry":{"type":"Point","coordinates":[-147.7723,64.8338000000001]},"properties":{"name":"Pioneers' Home-Fairbanks","facility":"ASSISTED LIVING","city":"FAIRBANKS","region":"AK","country":"US","population":91,"tier":"standard","source":"HIFLD Open NursingHomes"}},{"type":"Feature","geometry":{"type":"Point","coordinates":[-149.9005,61.2122000000001]},"properties":{"name":"Pioneers' Home-Anchorage","facility":"ASSISTED LIVING","city":"ANCHORAGE","region":"AK","country":"US","population":169,"tier":"standard","source":"HIFLD Open NursingHomes"}},{"type":"Feature","geometry":{"type":"Point","coordinates":[-149.7985,61.2269]},"properties":{"name":"Pine Creek","facility":"ASSISTED LIVING","city":"ANCHORAGE","region":"AK","country":"US","population":16,"tier":"standard","source":"HIFLD Open NursingHomes"}},{"type":"Feature","geometry":{"type":"Point","coordinates":[-149.5212,61.5515]},"properties":{"name":"Northern Living Centers","facility":"ASSISTED LIVING","city":"WASILLA","region":"AK","country":"US","population":12,"tier":"standard","source":"HIFLD Open NursingHomes"}},{"type":"Feature","geometry":{"type":"Point","coordinates":[-149.284,61.6118000000001]},"properties":{"name":"Northern Comfort","facility":"ASSISTED LIVING","city":"WASILLA","region":"AK","country":"US","population":16,"tier":"standard","source":"HIFLD Open NursingHomes"}},{"type":"Feature","geometry":{"type":"Point","coordinates":[-151.2753,60.5103]},"properties":{"name":"Nicholson's Assisted Living Inc","facility":"ASSISTED LIVING","city":"KENAI","region":"AK","country":"US","population":10,"tier":"standard","source":"HIFLD Open NursingHomes"}},{"type":"Feature","geometry":{"type":"Point","coordinates":[-149.7995,61.2299]},"properties":{"name":"Alaska Olive Care II","facility":"ASSISTED LIVING","city":"ANCHORAGE","region":"AK","country":"US","population":16,"tier":"standard","source":"HIFLD Open NursingHomes"}},{"type":"Feature","geometry":{"type":"Point","coordinates":[-149.7996,61.2297]},"properties":{"name":"Alaska Olive Care","facility":"ASSISTED LIVING","city":"ANCHORAGE","region":"AK","country":"US","population":16,"tier":"standard","source":"HIFLD Open NursingHomes"}},{"type":"Feature","geometry":{"type":"Point","coordinates":[-149.8069,61.2195]},"properties":{"name":"New Concept I","facility":"ASSISTED LIVING","city":"ANCHORAGE","region":"AK","country":"US","population":16,"tier":"standard","source":"HIFLD Open NursingHomes"}},{"type":"Feature","geometry":{"type":"Point","coordinates":[-132.9411,56.8111000000001]},"properties":{"name":"Mountain View Assisted Living","facility":"ASSISTED LIVING","city":"PETERSBURG","region":"AK","country":"US","population":30,"tier":"standard","source":"HIFLD Open NursingHomes"}},{"type":"Feature","geometry":{"type":"Point","coordinates":[-149.7389,61.2016]},"properties":{"name":"Marlow Manor Assisted Living Facility","facility":"ASSISTED LIVING","city":"ANCHORAGE","region":"AK","country":"US","population":54,"tier":"standard","source":"HIFLD Open NursingHomes"}},{"type":"Feature","geometry":{"type":"Point","coordinates":[-149.7883,61.1964]},"properties":{"name":"Lakeview Home","facility":"ASSISTED LIVING","city":"ANCHORAGE","region":"AK","country":"US","population":11,"tier":"standard","source":"HIFLD Open NursingHomes"}},{"type":"Feature","geometry":{"type":"Point","coordinates":[-147.7414,64.8281000000001]},"properties":{"name":"Hope Haven Assisted Living","facility":"ASSISTED LIVING","city":"FAIRBANKS","region":"AK","country":"US","population":15,"tier":"standard","source":"HIFLD Open NursingHomes"}},{"type":"Feature","geometry":{"type":"Point","coordinates":[-156.752,71.2987]},"properties":{"name":"Aimaagvik Assisted Living","facility":"ASSISTED LIVING","city":"BARROW","region":"AK","country":"US","population":12,"tier":"standard","source":"HIFLD Open NursingHomes"}},{"type":"Feature","geometry":{"type":"Point","coordinates":[-149.5965,61.5361]},"properties":{"name":"Harbor View Manor","facility":"ASSISTED LIVING","city":"WASILLA","region":"AK","country":"US","population":17,"tier":"standard","source":"HIFLD Open NursingHomes"}},{"type":"Feature","geometry":{"type":"Point","coordinates":[-150.9216,60.5048000000001]},"properties":{"name":"Sterling Silver Assisted Living Home","facility":"ASSISTED LIVING","city":"SOLDOTNA","region":"AK","country":"US","population":10,"tier":"standard","source":"HIFLD Open NursingHomes"}},{"type":"Feature","geometry":{"type":"Point","coordinates":[-135.4459,59.2369]},"properties":{"name":"Haines Assisted Living","facility":"ASSISTED LIVING","city":"HAINES","region":"AK","country":"US","population":10,"tier":"standard","source":"HIFLD Open NursingHomes"}},{"type":"Feature","geometry":{"type":"Point","coordinates":[-149.4721,61.6147]},"properties":{"name":"Granny's Log Cabin Inc.","facility":"ASSISTED LIVING","city":"WASILLA","region":"AK","country":"US","population":12,"tier":"standard","source":"HIFLD Open NursingHomes"}},{"type":"Feature","geometry":{"type":"Point","coordinates":[-147.3308,64.748]},"properties":{"name":"Fra - Wright Residence","facility":"ASSISTED LIVING","city":"NORTH POLE","region":"AK","country":"US","population":10,"tier":"standard","source":"HIFLD Open NursingHomes"}},{"type":"Feature","geometry":{"type":"Point","coordinates":[-147.3615,64.7554000000001]},"properties":{"name":"Eagle's Wings II","facility":"ASSISTED LIVING","city":"NORTH POLE","region":"AK","country":"US","population":12,"tier":"standard","source":"HIFLD Open NursingHomes"}},{"type":"Feature","geometry":{"type":"Point","coordinates":[-147.3497,64.7509000000001]},"properties":{"name":"Eagle's Wings","facility":"ASSISTED LIVING","city":"NORTH POLE","region":"AK","country":"US","population":11,"tier":"standard","source":"HIFLD Open NursingHomes"}},{"type":"Feature","geometry":{"type":"Point","coordinates":[-147.7405,64.825]},"properties":{"name":"Crossroads Counseling And Training (Ccats) 1","facility":"ASSISTED LIVING","city":"FAIRBANKS","region":"AK","country":"US","population":12,"tier":"standard","source":"HIFLD Open NursingHomes"}},{"type":"Feature","geometry":{"type":"Point","coordinates":[-149.7815,61.1986]},"properties":{"name":"Crossroads Assisted Living","facility":"ASSISTED LIVING","city":"ANCHORAGE","region":"AK","country":"US","population":16,"tier":"standard","source":"HIFLD Open NursingHomes"}},{"type":"Feature","geometry":{"type":"Point","coordinates":[-149.3797,61.5956]},"properties":{"name":"Colony House Assisted Living","facility":"ASSISTED LIVING","city":"WASILLA","region":"AK","country":"US","population":12,"tier":"standard","source":"HIFLD Open NursingHomes"}},{"type":"Feature","geometry":{"type":"Point","coordinates":[-149.4651,61.3978000000001]},"properties":{"name":"Chugiak Senior Citizens","facility":"ASSISTED LIVING","city":"CHUGIAK","region":"AK","country":"US","population":21,"tier":"standard","source":"HIFLD Open NursingHomes"}},{"type":"Feature","geometry":{"type":"Point","coordinates":[-151.8294,59.7644000000001]},"properties":{"name":"Chesser Assisted Living Home","facility":"ASSISTED LIVING","city":"ANCHOR POINT","region":"AK","country":"US","population":2,"tier":"standard","source":"HIFLD Open NursingHomes"}},{"type":"Feature","geometry":{"type":"Point","coordinates":[-149.8059,61.2147000000001]},"properties":{"name":"Alaska Quality Care II","facility":"ASSISTED LIVING","city":"ANCHORAGE","region":"AK","country":"US","population":16,"tier":"standard","source":"HIFLD Open NursingHomes"}},{"type":"Feature","geometry":{"type":"Point","coordinates":[-149.4539,61.5990000000001]},"properties":{"name":"Caring Hands Assisted Living","facility":"ASSISTED LIVING","city":"WASILLA","region":"AK","country":"US","population":10,"tier":"standard","source":"HIFLD Open NursingHomes"}},{"type":"Feature","geometry":{"type":"Point","coordinates":[-147.707,64.8406]},"properties":{"name":"Caring Bridges Assisted Living Home, Inc.","facility":"ASSISTED LIVING","city":"FAIRBANKS","region":"AK","country":"US","population":16,"tier":"standard","source":"HIFLD Open NursingHomes"}},{"type":"Feature","geometry":{"type":"Point","coordinates":[-149.8226,61.1775000000001]},"properties":{"name":"Campbell Creek House","facility":"ASSISTED LIVING","city":"ANCHORAGE","region":"AK","country":"US","population":40,"tier":"standard","source":"HIFLD Open NursingHomes"}},{"type":"Feature","geometry":{"type":"Point","coordinates":[-152.4016,57.7900000000001]},"properties":{"name":"Sunrise Assisted Living Facility.","facility":"ASSISTED LIVING","city":"KODIAK","region":"AK","country":"US","population":15,"tier":"standard","source":"HIFLD Open NursingHomes"}},{"type":"Feature","geometry":{"type":"Point","coordinates":[-149.9032,61.1960000000001]},"properties":{"name":"Anchor House","facility":"ASSISTED LIVING","city":"ANCHORAGE","region":"AK","country":"US","population":60,"tier":"standard","source":"HIFLD Open NursingHomes"}},{"type":"Feature","geometry":{"type":"Point","coordinates":[-149.8353,61.1465000000001]},"properties":{"name":"All About Care Inc. III","facility":"ASSISTED LIVING","city":"ANCHORAGE","region":"AK","country":"US","population":5,"tier":"standard","source":"HIFLD Open NursingHomes"}},{"type":"Feature","geometry":{"type":"Point","coordinates":[-149.8348,61.1465000000001]},"properties":{"name":"All About Care Inc. II","facility":"ASSISTED LIVING","city":"ANCHORAGE","region":"AK","country":"US","population":5,"tier":"standard","source":"HIFLD Open NursingHomes"}},{"type":"Feature","geometry":{"type":"Point","coordinates":[-149.8354,61.1462000000001]},"properties":{"name":"All About Care Inc. IV","facility":"ASSISTED LIVING","city":"ANCHORAGE","region":"AK","country":"US","population":5,"tier":"standard","source":"HIFLD Open NursingHomes"}},{"type":"Feature","geometry":{"type":"Point","coordinates":[-149.7917,61.08]},"properties":{"name":"Alaska Helps Assisted Living Home","facility":"ASSISTED LIVING","city":"ANCHORAGE","region":"AK","country":"US","population":5,"tier":"standard","source":"HIFLD Open NursingHomes"}},{"type":"Feature","geometry":{"type":"Point","coordinates":[-149.8553,61.1914000000001]},"properties":{"name":"AK Care Comfort & Company","facility":"ASSISTED LIVING","city":"ANCHORAGE","region":"AK","country":"US","population":5,"tier":"standard","source":"HIFLD Open NursingHomes"}},{"type":"Feature","geometry":{"type":"Point","coordinates":[-149.8431,61.1355]},"properties":{"name":"Advantage Senior Care","facility":"ASSISTED LIVING","city":"ANCHORAGE","region":"AK","country":"US","population":2,"tier":"standard","source":"HIFLD Open NursingHomes"}},{"type":"Feature","geometry":{"type":"Point","coordinates":[-149.9112,61.1317000000001]},"properties":{"name":"Adl Unlimited","facility":"ASSISTED LIVING","city":"ANCHORAGE","region":"AK","country":"US","population":4,"tier":"standard","source":"HIFLD Open NursingHomes"}},{"type":"Feature","geometry":{"type":"Point","coordinates":[-149.816,61.1485000000001]},"properties":{"name":"Divine Grace Assisted Living Home","facility":"ASSISTED LIVING","city":"ANCHORAGE","region":"AK","country":"US","population":5,"tier":"standard","source":"HIFLD Open NursingHomes"}},{"type":"Feature","geometry":{"type":"Point","coordinates":[-149.7949,61.2123]},"properties":{"name":"Abuelita ALH","facility":"ASSISTED LIVING","city":"ANCHORAGE","region":"AK","country":"US","population":5,"tier":"standard","source":"HIFLD Open NursingHomes"}},{"type":"Feature","geometry":{"type":"Point","coordinates":[-149.8532,61.1288000000001]},"properties":{"name":"Abra Assisted Living Home","facility":"ASSISTED LIVING","city":"ANCHORAGE","region":"AK","country":"US","population":3,"tier":"standard","source":"HIFLD Open NursingHomes"}},{"type":"Feature","geometry":{"type":"Point","coordinates":[-149.7832,61.1861000000001]},"properties":{"name":"Aaron Assisted Living I","facility":"ASSISTED LIVING","city":"ANCHORAGE","region":"AK","country":"US","population":5,"tier":"standard","source":"HIFLD Open NursingHomes"}},{"type":"Feature","geometry":{"type":"Point","coordinates":[-85.4971,43.7120000000001]},"properties":{"name":"Altercare Of Big Rapids Center For Rehabilitation And Nursing Care Inc","facility":"NURSING HOME","city":"BIG RAPIDS","region":"MI","country":"US","population":null,"tier":"major","source":"HIFLD Open NursingHomes"}},{"type":"Feature","geometry":{"type":"Point","coordinates":[-107.4509,45.5823]},"properties":{"name":"Awe Kualawaache Care Center","facility":"NURSING HOME","city":"CROW AGENCY","region":"MT","country":"US","population":40,"tier":"major","source":"HIFLD Open NursingHomes"}},{"type":"Feature","geometry":{"type":"Point","coordinates":[-98.039,42.5925]},"properties":{"name":"Alpine Village Retirement Center","facility":"NURSING HOME","city":"VERDIGRE","region":"NE","country":"US","population":58,"tier":"major","source":"HIFLD Open NursingHomes"}},{"type":"Feature","geometry":{"type":"Point","coordinates":[-97.9184999999999,42.4659]},"properties":{"name":"Avera Creighton Care Centre","facility":"NURSING HOME","city":"CREIGHTON","region":"NE","country":"US","population":47,"tier":"major","source":"HIFLD Open NursingHomes"}},{"type":"Feature","geometry":{"type":"Point","coordinates":[-97.9915999999999,47.679]},"properties":{"name":"Aneta Parkview Health Center","facility":"NURSING HOME","city":"ANETA","region":"ND","country":"US","population":35,"tier":"major","source":"HIFLD Open NursingHomes"}},{"type":"Feature","geometry":{"type":"Point","coordinates":[-97.393,42.9067000000001]},"properties":{"name":"Angelhaus East","facility":"ASSISTED LIVING","city":"YANKTON","region":"SD","country":"US","population":36,"tier":"standard","source":"HIFLD Open NursingHomes"}},{"type":"Feature","geometry":{"type":"Point","coordinates":[-97.3937999999999,42.9066]},"properties":{"name":"Angelhaus West","facility":"ASSISTED LIVING","city":"YANKTON","region":"SD","country":"US","population":28,"tier":"standard","source":"HIFLD Open NursingHomes"}},{"type":"Feature","geometry":{"type":"Point","coordinates":[-97.9906,43.3992000000001]},"properties":{"name":"Avera Bormann Manor","facility":"NURSING HOME","city":"PARKSTON","region":"SD","country":"US","population":49,"tier":"major","source":"HIFLD Open NursingHomes"}},{"type":"Feature","geometry":{"type":"Point","coordinates":[-82.7372999999999,43.5243]},"properties":{"name":"Autumnwood Of Deckerville","facility":"NURSING HOME","city":"DECKERVILLE","region":"MI","country":"US","population":null,"tier":"major","source":"HIFLD Open NursingHomes"}},{"type":"Feature","geometry":{"type":"Point","coordinates":[-85.2102999999999,44.1891]},"properties":{"name":"Autumnwood Of McBain","facility":"NURSING HOME","city":"MCBAIN","region":"MI","country":"US","population":null,"tier":"major","source":"HIFLD Open NursingHomes"}},{"type":"Feature","geometry":{"type":"Point","coordinates":[-84.9723,45.4333]},"properties":{"name":"Bay Bluffs Emmet County Medical Care Facility","facility":"NURSING HOME","city":"HARBOR SPRINGS","region":"MI","country":"US","population":null,"tier":"major","source":"HIFLD Open NursingHomes"}},{"type":"Feature","geometry":{"type":"Point","coordinates":[-83.9243,43.6005000000001]},"properties":{"name":"Bay Shores Senior Care And Rehab Center","facility":"NURSING HOME","city":"BAY CITY","region":"MI","country":"US","population":null,"tier":"major","source":"HIFLD Open NursingHomes"}},{"type":"Feature","geometry":{"type":"Point","coordinates":[-84.9716,45.3613]},"properties":{"name":"The Villa At The Bay","facility":"NURSING HOME","city":"PETOSKEY","region":"MI","country":"US","population":null,"tier":"major","source":"HIFLD Open NursingHomes"}},{"type":"Feature","geometry":{"type":"Point","coordinates":[-84.124,44.4200000000001]},"properties":{"name":"The Villa At Rose City","facility":"NURSING HOME","city":"ROSE CITY","region":"MI","country":"US","population":null,"tier":"major","source":"HIFLD Open NursingHomes"}},{"type":"Feature","geometry":{"type":"Point","coordinates":[-85.6319999999999,44.7345]},"properties":{"name":"The Villa At Traverse Point","facility":"NURSING HOME","city":"TRAVERSE CITY","region":"MI","country":"US","population":null,"tier":"major","source":"HIFLD Open NursingHomes"}},{"type":"Feature","geometry":{"type":"Point","coordinates":[-84.2302,44.2712000000001]},"properties":{"name":"The Villa At West Branch","facility":"NURSING HOME","city":"WEST BRANCH","region":"MI","country":"US","population":null,"tier":"major","source":"HIFLD Open NursingHomes"}},{"type":"Feature","geometry":{"type":"Point","coordinates":[-85.2739999999999,45.3125000000001]},"properties":{"name":"Boulder Park Terrace","facility":"NURSING HOME","city":"CHARLEVOIX","region":"MI","country":"US","population":null,"tier":"major","source":"HIFLD Open NursingHomes"}},{"type":"Feature","geometry":{"type":"Point","coordinates":[-84.1829999999999,43.6272000000001]},"properties":{"name":"Brittany Manor","facility":"NURSING HOME","city":"MIDLAND","region":"MI","country":"US","population":null,"tier":"major","source":"HIFLD Open NursingHomes"}},{"type":"Feature","geometry":{"type":"Point","coordinates":[-83.9564,43.6019000000001]},"properties":{"name":"The Carriage House Of Bay City","facility":"NURSING HOME","city":"BAY CITY","region":"MI","country":"US","population":null,"tier":"major","source":"HIFLD Open NursingHomes"}},{"type":"Feature","geometry":{"type":"Point","coordinates":[-82.9823,43.8052000000001]},"properties":{"name":"Courtney Manor","facility":"NURSING HOME","city":"BAD AXE","region":"MI","country":"US","population":null,"tier":"major","source":"HIFLD Open NursingHomes"}},{"type":"Feature","geometry":{"type":"Point","coordinates":[-95.0074999999999,45.4489]},"properties":{"name":"Belgrade Nursing Home","facility":"NURSING HOME","city":"BELGRADE","region":"MN","country":"US","population":44,"tier":"major","source":"HIFLD Open NursingHomes"}},{"type":"Feature","geometry":{"type":"Point","coordinates":[-94.7157,45.3744]},"properties":{"name":"Centracare Health Paynesville","facility":"NURSING HOME","city":"PAYNESVILLE","region":"MN","country":"US","population":40,"tier":"major","source":"HIFLD Open NursingHomes"}},{"type":"Feature","geometry":{"type":"Point","coordinates":[-94.8106,45.6747]},"properties":{"name":"Centracare Health Sys Melrose","facility":"NURSING HOME","city":"MELROSE","region":"MN","country":"US","population":75,"tier":"major","source":"HIFLD Open NursingHomes"}},{"type":"Feature","geometry":{"type":"Point","coordinates":[-94.9555999999999,45.7458]},"properties":{"name":"Centracare Health System","facility":"NURSING HOME","city":"SAUK CENTRE","region":"MN","country":"US","population":60,"tier":"major","source":"HIFLD Open NursingHomes"}},{"type":"Feature","geometry":{"type":"Point","coordinates":[-94.8482,45.9736]},"properties":{"name":"Centracare Health System","facility":"NURSING HOME","city":"LONG PRAIRIE","region":"MN","country":"US","population":60,"tier":"major","source":"HIFLD Open NursingHomes"}},{"type":"Feature","geometry":{"type":"Point","coordinates":[-95.1614,45.8696]},"properties":{"name":"Galeon","facility":"NURSING HOME","city":"OSAKIS","region":"MN","country":"US","population":40,"tier":"major","source":"HIFLD Open NursingHomes"}},{"type":"Feature","geometry":{"type":"Point","coordinates":[-109.4439,47.0570000000001]},"properties":{"name":"New Horizons- Lewistown I","facility":"ASSISTED LIVING","city":"LEWISTOWN","region":"MT","country":"US","population":13,"tier":"standard","source":"HIFLD Open NursingHomes"}},{"type":"Feature","geometry":{"type":"Point","coordinates":[-109.4445,47.0570000000001]},"properties":{"name":"New Horizons-Lewistown II","facility":"ASSISTED LIVING","city":"LEWISTOWN","region":"MT","country":"US","population":14,"tier":"standard","source":"HIFLD Open NursingHomes"}},{"type":"Feature","geometry":{"type":"Point","coordinates":[-107.6228,45.7300000000001]},"properties":{"name":"Big Horn Senior Living","facility":"NURSING HOME","city":"HARDIN","region":"MT","country":"US","population":36,"tier":"major","source":"HIFLD Open NursingHomes"}},{"type":"Feature","geometry":{"type":"Point","coordinates":[-98.8423,42.9147]},"properties":{"name":"Butte Senior Living","facility":"NURSING HOME","city":"BUTTE","region":"NE","country":"US","population":40,"tier":"major","source":"HIFLD Open NursingHomes"}},{"type":"Feature","geometry":{"type":"Point","coordinates":[-98.974,42.5281]},"properties":{"name":"Good Samaritan Society - Atkinson","facility":"NURSING HOME","city":"ATKINSON","region":"NE","country":"US","population":61,"tier":"major","source":"HIFLD Open NursingHomes"}},{"type":"Feature","geometry":{"type":"Point","coordinates":[-97.6545,42.6016000000001]},"properties":{"name":"Good Samaritan Society - Bloomfield","facility":"NURSING HOME","city":"BLOOMFIELD","region":"NE","country":"US","population":70,"tier":"major","source":"HIFLD Open NursingHomes"}},{"type":"Feature","geometry":{"type":"Point","coordinates":[-99.1111999999999,47.4495000000001]},"properties":{"name":"Golden Acres Estates","facility":"ASSISTED LIVING","city":"CARRINGTON","region":"ND","country":"US","population":16,"tier":"standard","source":"HIFLD Open NursingHomes"}},{"type":"Feature","geometry":{"type":"Point","coordinates":[-99.1113999999999,47.4496]},"properties":{"name":"Golden Acres Manor","facility":"NURSING HOME","city":"CARRINGTON","region":"ND","country":"US","population":64,"tier":"major","source":"HIFLD Open NursingHomes"}},{"type":"Feature","geometry":{"type":"Point","coordinates":[-102.3163,46.3749]},"properties":{"name":"Good Samaritan Society Mott","facility":"NURSING HOME","city":"MOTT","region":"ND","country":"US","population":42,"tier":"major","source":"HIFLD Open NursingHomes"}},{"type":"Feature","geometry":{"type":"Point","coordinates":[-98.1181999999999,47.446]},"properties":{"name":"Griggs County Care Center","facility":"NURSING HOME","city":"COOPERSTOWN","region":"ND","country":"US","population":41,"tier":"major","source":"HIFLD Open NursingHomes"}},{"type":"Feature","geometry":{"type":"Point","coordinates":[-99.1468,47.6826]},"properties":{"name":"Heritage House","facility":"ASSISTED LIVING","city":"NEW ROCKFORD","region":"ND","country":"US","population":16,"tier":"standard","source":"HIFLD Open NursingHomes"}},{"type":"Feature","geometry":{"type":"Point","coordinates":[-99.1461,47.6817]},"properties":{"name":"Lutheran Home Of The Good Shepherd","facility":"NURSING HOME","city":"NEW ROCKFORD","region":"ND","country":"US","population":65,"tier":"major","source":"HIFLD Open NursingHomes"}},{"type":"Feature","geometry":{"type":"Point","coordinates":[-98.1762,47.7691]},"properties":{"name":"The Summerfield - Nchs Assisted Living Apartments","facility":"ASSISTED LIVING","city":"MCVILLE","region":"ND","country":"US","population":12,"tier":"standard","source":"HIFLD Open NursingHomes"}},{"type":"Feature","geometry":{"type":"Point","coordinates":[-98.1765,47.7691]},"properties":{"name":"Nelson County Health System Care Center","facility":"NURSING HOME","city":"MCVILLE","region":"ND","country":"US","population":39,"tier":"major","source":"HIFLD Open NursingHomes"}},{"type":"Feature","geometry":{"type":"Point","coordinates":[-98.1183,47.4464]},"properties":{"name":"Park Place","facility":"ASSISTED LIVING","city":"COOPERSTOWN","region":"ND","country":"US","population":12,"tier":"standard","source":"HIFLD Open NursingHomes"}},{"type":"Feature","geometry":{"type":"Point","coordinates":[-99.436,43.2296000000001]},"properties":{"name":"Avera Rosebud Country Care Center","facility":"NURSING HOME","city":"GREGORY","region":"SD","country":"US","population":42,"tier":"major","source":"HIFLD Open NursingHomes"}},{"type":"Feature","geometry":{"type":"Point","coordinates":[-97.4281,42.8781000000001]},"properties":{"name":"Avera Sister James Care Center","facility":"NURSING HOME","city":"YANKTON","region":"SD","country":"US","population":187,"tier":"major","source":"HIFLD Open NursingHomes"}},{"type":"Feature","geometry":{"type":"Point","coordinates":[-97.9906999999999,43.4]},"properties":{"name":"Avera St. Benedict Assisted Living","facility":"ASSISTED LIVING","city":"PARKSTON","region":"SD","country":"US","population":25,"tier":"standard","source":"HIFLD Open NursingHomes"}},{"type":"Feature","geometry":{"type":"Point","coordinates":[-97.4123,42.9099]},"properties":{"name":"Cedar Village","facility":"ASSISTED LIVING","city":"YANKTON","region":"SD","country":"US","population":22,"tier":"standard","source":"HIFLD Open NursingHomes"}},{"type":"Feature","geometry":{"type":"Point","coordinates":[-99.8446,43.3715]},"properties":{"name":"Elder Inn","facility":"ASSISTED LIVING","city":"WINNER","region":"SD","country":"US","population":45,"tier":"standard","source":"HIFLD Open NursingHomes"}},{"type":"Feature","geometry":{"type":"Point","coordinates":[-102.1685,45.9403]},"properties":{"name":"Five Counties Nursing Home","facility":"NURSING HOME","city":"LEMMON","region":"SD","country":"US","population":42,"tier":"major","source":"HIFLD Open NursingHomes"}},{"type":"Feature","geometry":{"type":"Point","coordinates":[-98.3439,43.3124]},"properties":{"name":"Avantara Armour","facility":"NURSING HOME","city":"ARMOUR","region":"SD","country":"US","population":45,"tier":"major","source":"HIFLD Open NursingHomes"}},{"type":"Feature","geometry":{"type":"Point","coordinates":[-106.9923,44.8111000000001]},"properties":{"name":"Green House Living For Sheridan","facility":"NURSING HOME","city":"SHERIDAN","region":"WY","country":"US","population":48,"tier":"major","source":"HIFLD Open NursingHomes"}},{"type":"Feature","geometry":{"type":"Point","coordinates":[-106.9874,44.7883]},"properties":{"name":"Westview Health Care Center","facility":"NURSING HOME","city":"SHERIDAN","region":"WY","country":"US","population":102,"tier":"major","source":"HIFLD Open NursingHomes"}},{"type":"Feature","geometry":{"type":"Point","coordinates":[-105.5321,44.3035]},"properties":{"name":"Primrose Retirement Community Of Gillette","facility":"ASSISTED LIVING","city":"GILLETTE","region":"WY","country":"US","population":45,"tier":"standard","source":"HIFLD Open NursingHomes"}},{"type":"Feature","geometry":{"type":"Point","coordinates":[-105.4958,44.2851]},"properties":{"name":"Legacy Living And Rehabilitation Center","facility":"NURSING HOME","city":"GILLETTE","region":"WY","country":"US","population":160,"tier":"major","source":"HIFLD Open NursingHomes"}},{"type":"Feature","geometry":{"type":"Point","coordinates":[-67.2891999999999,45.1698000000001]},"properties":{"name":"Calais Alternative Care","facility":"NURSING HOME","city":"CALAIS","region":"ME","country":"US","population":8,"tier":"major","source":"HIFLD Open NursingHomes"}},{"type":"Feature","geometry":{"type":"Point","coordinates":[-67.2897,45.1712]},"properties":{"name":"North Street Bridge Home","facility":"NURSING HOME","city":"CALAIS","region":"ME","country":"US","population":7,"tier":"major","source":"HIFLD Open NursingHomes"}},{"type":"Feature","geometry":{"type":"Point","coordinates":[-67.2830999999999,45.1787]},"properties":{"name":"Remeliah House","facility":"NURSING HOME","city":"CALAIS","region":"ME","country":"US","population":8,"tier":"major","source":"HIFLD Open NursingHomes"}},{"type":"Feature","geometry":{"type":"Point","coordinates":[-67.2821999999999,45.1872000000001]},"properties":{"name":"Union Village House","facility":"NURSING HOME","city":"CALAIS","region":"ME","country":"US","population":8,"tier":"major","source":"HIFLD Open NursingHomes"}},{"type":"Feature","geometry":{"type":"Point","coordinates":[-84.4999999999999,44.0097000000001]},"properties":{"name":"Gladwin Nursing And Rehabilitation Community","facility":"NURSING HOME","city":"GLADWIN","region":"MI","country":"US","population":null,"tier":"major","source":"HIFLD Open NursingHomes"}},{"type":"Feature","geometry":{"type":"Point","coordinates":[-85.8556,43.9056]},"properties":{"name":"Grand Oaks Nursing Center","facility":"NURSING HOME","city":"BALDWIN","region":"MI","country":"US","population":null,"tier":"major","source":"HIFLD Open NursingHomes"}},{"type":"Feature","geometry":{"type":"Point","coordinates":[-85.6419,44.7588000000001]},"properties":{"name":"Grand Traverse Medical Care Facility","facility":"NURSING HOME","city":"TRAVERSE CITY","region":"MI","country":"US","population":null,"tier":"major","source":"HIFLD Open NursingHomes"}},{"type":"Feature","geometry":{"type":"Point","coordinates":[-85.1385999999999,45.1796000000001]},"properties":{"name":"Grandvue Medical Care Facility","facility":"NURSING HOME","city":"EAST JORDAN","region":"MI","country":"US","population":null,"tier":"major","source":"HIFLD Open NursingHomes"}},{"type":"Feature","geometry":{"type":"Point","coordinates":[-84.7053,44.6522000000001]},"properties":{"name":"Grayling Nursing And Rehabilitation Community","facility":"NURSING HOME","city":"GRAYLING","region":"MI","country":"US","population":null,"tier":"major","source":"HIFLD Open NursingHomes"}},{"type":"Feature","geometry":{"type":"Point","coordinates":[-84.5848999999999,44.5037]},"properties":{"name":"Hilltop Manor Health Care Center","facility":"NURSING HOME","city":"ROSCOMMON","region":"MI","country":"US","population":null,"tier":"major","source":"HIFLD Open NursingHomes"}},{"type":"Feature","geometry":{"type":"Point","coordinates":[-83.0368999999999,43.8025000000001]},"properties":{"name":"Huron County Medical Care Facility","facility":"NURSING HOME","city":"BAD AXE","region":"MI","country":"US","population":null,"tier":"major","source":"HIFLD Open NursingHomes"}},{"type":"Feature","geometry":{"type":"Point","coordinates":[-83.9675,43.6986000000001]},"properties":{"name":"Huron Woods Nursing Center","facility":"NURSING HOME","city":"KAWKAWLIN","region":"MI","country":"US","population":null,"tier":"major","source":"HIFLD Open NursingHomes"}},{"type":"Feature","geometry":{"type":"Point","coordinates":[-83.5332999999999,44.2718]},"properties":{"name":"Iosco County Medical Care Facility","facility":"NURSING HOME","city":"TAWAS CITY","region":"MI","country":"US","population":null,"tier":"major","source":"HIFLD Open NursingHomes"}},{"type":"Feature","geometry":{"type":"Point","coordinates":[-83.3106999999999,44.6342000000001]},"properties":{"name":"Jamieson Nursing Home","facility":"NURSING HOME","city":"HARRISVILLE","region":"MI","country":"US","population":null,"tier":"major","source":"HIFLD Open NursingHomes"}},{"type":"Feature","geometry":{"type":"Point","coordinates":[-85.1843,44.7313]},"properties":{"name":"Kalkaska Memorial Health Center","facility":"NURSING HOME","city":"KALKASKA","region":"MI","country":"US","population":null,"tier":"major","source":"HIFLD Open NursingHomes"}},{"type":"Feature","geometry":{"type":"Point","coordinates":[-84.7551999999999,44.3007000000001]},"properties":{"name":"King Nursing And Rehabilitation Community","facility":"NURSING HOME","city":"HOUGHTON LAKE","region":"MI","country":"US","population":null,"tier":"major","source":"HIFLD Open NursingHomes"}},{"type":"Feature","geometry":{"type":"Point","coordinates":[-82.6521,43.8425]},"properties":{"name":"Lakeview Extended Care And Rehabilitation Facility","facility":"NURSING HOME","city":"HARBOR BEACH","region":"MI","country":"US","population":null,"tier":"major","source":"HIFLD Open NursingHomes"}},{"type":"Feature","geometry":{"type":"Point","coordinates":[-83.5212999999999,44.2749000000001]},"properties":{"name":"Lakeview Manor","facility":"NURSING HOME","city":"TAWAS CITY","region":"MI","country":"US","population":null,"tier":"major","source":"HIFLD Open NursingHomes"}},{"type":"Feature","geometry":{"type":"Point","coordinates":[-83.4023999999999,44.6836000000001]},"properties":{"name":"Lincoln Haven Nursing And Rehabilitation Community","facility":"NURSING HOME","city":"LINCOLN","region":"MI","country":"US","population":null,"tier":"major","source":"HIFLD Open NursingHomes"}},{"type":"Feature","geometry":{"type":"Point","coordinates":[-84.7293999999999,45.8907]},"properties":{"name":"Mackinac Straits Hospital","facility":"NURSING HOME","city":"SAINT IGNACE","region":"MI","country":"US","population":null,"tier":"major","source":"HIFLD Open NursingHomes"}},{"type":"Feature","geometry":{"type":"Point","coordinates":[-86.2726,44.2716]},"properties":{"name":"Manistee County Medical Care Facility","facility":"NURSING HOME","city":"MANISTEE","region":"MI","country":"US","population":null,"tier":"major","source":"HIFLD Open NursingHomes"}},{"type":"Feature","geometry":{"type":"Point","coordinates":[-85.8783999999999,44.8544]},"properties":{"name":"Maple Valley Nursing Home Of Maple Valley","facility":"NURSING HOME","city":"MAPLE CITY","region":"MI","country":"US","population":null,"tier":"major","source":"HIFLD Open NursingHomes"}},{"type":"Feature","geometry":{"type":"Point","coordinates":[-85.1976,44.9673000000001]},"properties":{"name":"Meadow Brook Medical Care Facility","facility":"NURSING HOME","city":"BELLAIRE","region":"MI","country":"US","population":null,"tier":"major","source":"HIFLD Open NursingHomes"}},{"type":"Feature","geometry":{"type":"Point","coordinates":[-83.9034,45.0691]},"properties":{"name":"Medilodge Of Hillman","facility":"NURSING HOME","city":"HILLMAN","region":"MI","country":"US","population":null,"tier":"major","source":"HIFLD Open NursingHomes"}},{"type":"Feature","geometry":{"type":"Point","coordinates":[-84.0289,44.029]},"properties":{"name":"Medilodge Of Sterling","facility":"NURSING HOME","city":"STERLING","region":"MI","country":"US","population":null,"tier":"major","source":"HIFLD Open NursingHomes"}},{"type":"Feature","geometry":{"type":"Point","coordinates":[-84.7069999999999,44.6681]},"properties":{"name":"Crawford Continuing Care","facility":"NURSING HOME","city":"GRAYLING","region":"MI","country":"US","population":null,"tier":"major","source":"HIFLD Open NursingHomes"}},{"type":"Feature","geometry":{"type":"Point","coordinates":[-85.494,43.6906000000001]},"properties":{"name":"Metron Of Big Rapids","facility":"NURSING HOME","city":"BIG RAPIDS","region":"MI","country":"US","population":null,"tier":"major","source":"HIFLD Open NursingHomes"}},{"type":"Feature","geometry":{"type":"Point","coordinates":[-84.1682,43.6173]},"properties":{"name":"Stratford Pines Nursing And Rehabilitation Center","facility":"NURSING HOME","city":"MIDLAND","region":"MI","country":"US","population":null,"tier":"major","source":"HIFLD Open NursingHomes"}},{"type":"Feature","geometry":{"type":"Point","coordinates":[-84.902,43.8604]},"properties":{"name":"North Woods Nursing Center","facility":"NURSING HOME","city":"FARWELL","region":"MI","country":"US","population":null,"tier":"major","source":"HIFLD Open NursingHomes"}},{"type":"Feature","geometry":{"type":"Point","coordinates":[-86.4315,43.9581000000001]},"properties":{"name":"Oakview Medical Care Facility","facility":"NURSING HOME","city":"LUDINGTON","region":"MI","country":"US","population":null,"tier":"major","source":"HIFLD Open NursingHomes"}},{"type":"Feature","geometry":{"type":"Point","coordinates":[-86.3547,43.7018000000001]},"properties":{"name":"Oceana County Medical Care Facility","facility":"NURSING HOME","city":"HART","region":"MI","country":"US","population":null,"tier":"major","source":"HIFLD Open NursingHomes"}},{"type":"Feature","geometry":{"type":"Point","coordinates":[-86.2429,44.6368]},"properties":{"name":"Paul Oliver Memorial Hospital Ltcu","facility":"NURSING HOME","city":"FRANKFORT","region":"MI","country":"US","population":null,"tier":"major","source":"HIFLD Open NursingHomes"}},{"type":"Feature","geometry":{"type":"Point","coordinates":[-83.2782,43.8342000000001]},"properties":{"name":"Scheurer Hospital","facility":"NURSING HOME","city":"PIGEON","region":"MI","country":"US","population":null,"tier":"major","source":"HIFLD Open NursingHomes"}},{"type":"Feature","geometry":{"type":"Point","coordinates":[-85.5212999999999,43.8785]},"properties":{"name":"Spectrum Health Reed City Campus","facility":"NURSING HOME","city":"REED CITY","region":"MI","country":"US","population":null,"tier":"major","source":"HIFLD Open NursingHomes"}},{"type":"Feature","geometry":{"type":"Point","coordinates":[-83.9691999999999,43.982]},"properties":{"name":"St Marys Of Michigan Standish Hospital","facility":"NURSING HOME","city":"STANDISH","region":"MI","country":"US","population":null,"tier":"major","source":"HIFLD Open NursingHomes"}},{"type":"Feature","geometry":{"type":"Point","coordinates":[-83.1824,43.6073000000001]},"properties":{"name":"Medilodge Of Cass City","facility":"NURSING HOME","city":"CASS CITY","region":"MI","country":"US","population":null,"tier":"major","source":"HIFLD Open NursingHomes"}},{"type":"Feature","geometry":{"type":"Point","coordinates":[-84.6804,45.0376000000001]},"properties":{"name":"Tendercare Gaylord","facility":"NURSING HOME","city":"GAYLORD","region":"MI","country":"US","population":null,"tier":"major","source":"HIFLD Open NursingHomes"}},{"type":"Feature","geometry":{"type":"Point","coordinates":[-84.2845,43.6424000000001]},"properties":{"name":"Medilodge Of Midland","facility":"NURSING HOME","city":"MIDLAND","region":"MI","country":"US","population":null,"tier":"major","source":"HIFLD Open NursingHomes"}},{"type":"Feature","geometry":{"type":"Point","coordinates":[-83.5212999999999,44.2732]},"properties":{"name":"Tendercare Tawas City","facility":"NURSING HOME","city":"TAWAS CITY","region":"MI","country":"US","population":null,"tier":"major","source":"HIFLD Open NursingHomes"}},{"type":"Feature","geometry":{"type":"Point","coordinates":[-84.7587,43.8166]},"properties":{"name":"Medilodge Of Clare","facility":"NURSING HOME","city":"CLARE","region":"MI","country":"US","population":null,"tier":"major","source":"HIFLD Open NursingHomes"}},{"type":"Feature","geometry":{"type":"Point","coordinates":[-83.4626,45.0867000000001]},"properties":{"name":"Tendercare Green View","facility":"NURSING HOME","city":"ALPENA","region":"MI","country":"US","population":null,"tier":"major","source":"HIFLD Open NursingHomes"}},{"type":"Feature","geometry":{"type":"Point","coordinates":[-85.6041999999999,44.7302]},"properties":{"name":"Tendercare Health Center Birchwood","facility":"NURSING HOME","city":"TRAVERSE CITY","region":"MI","country":"US","population":null,"tier":"major","source":"HIFLD Open NursingHomes"}},{"type":"Feature","geometry":{"type":"Point","coordinates":[-83.8352,45.4221000000001]},"properties":{"name":"Tendercare Health Center Rogers City","facility":"NURSING HOME","city":"ROGERS CITY","region":"MI","country":"US","population":null,"tier":"major","source":"HIFLD Open NursingHomes"}},{"type":"Feature","geometry":{"type":"Point","coordinates":[-84.4863,45.6296]},"properties":{"name":"Tendercare Health Center Of Cheboygan","facility":"NURSING HOME","city":"CHEBOYGAN","region":"MI","country":"US","population":null,"tier":"major","source":"HIFLD Open NursingHomes"}},{"type":"Feature","geometry":{"type":"Point","coordinates":[-85.6536,44.9715]},"properties":{"name":"Tendercare Health Center Of Leelanau","facility":"NURSING HOME","city":"SUTTONS BAY","region":"MI","country":"US","population":null,"tier":"major","source":"HIFLD Open NursingHomes"}},{"type":"Feature","geometry":{"type":"Point","coordinates":[-86.4284,43.9627]},"properties":{"name":"Tendercare Of Ludington","facility":"NURSING HOME","city":"LUDINGTON","region":"MI","country":"US","population":null,"tier":"major","source":"HIFLD Open NursingHomes"}},{"type":"Feature","geometry":{"type":"Point","coordinates":[-85.6066,44.7239000000001]},"properties":{"name":"Tendercare Traverse City","facility":"NURSING HOME","city":"TRAVERSE CITY","region":"MI","country":"US","population":null,"tier":"major","source":"HIFLD Open NursingHomes"}},{"type":"Feature","geometry":{"type":"Point","coordinates":[-85.4057999999999,44.2381]},"properties":{"name":"The Lakeview Of Cadillac","facility":"NURSING HOME","city":"CADILLAC","region":"MI","country":"US","population":null,"tier":"major","source":"HIFLD Open NursingHomes"}},{"type":"Feature","geometry":{"type":"Point","coordinates":[-86.2433999999999,44.6386]},"properties":{"name":"The Maples Benzie County Medical Care Facility","facility":"NURSING HOME","city":"FRANKFORT","region":"MI","country":"US","population":null,"tier":"major","source":"HIFLD Open NursingHomes"}},{"type":"Feature","geometry":{"type":"Point","coordinates":[-84.0478,44.7229]},"properties":{"name":"Wellspring Lutheran Services","facility":"NURSING HOME","city":"FAIRVIEW","region":"MI","country":"US","population":null,"tier":"major","source":"HIFLD Open NursingHomes"}},{"type":"Feature","geometry":{"type":"Point","coordinates":[-84.6754,45.0353000000001]},"properties":{"name":"Mcreynolds Hall","facility":"NURSING HOME","city":"GAYLORD","region":"MI","country":"US","population":null,"tier":"major","source":"HIFLD Open NursingHomes"}},{"type":"Feature","geometry":{"type":"Point","coordinates":[-83.4623999999999,45.0782]},"properties":{"name":"Tendercare Alpena","facility":"NURSING HOME","city":"ALPENA","region":"MI","country":"US","population":null,"tier":"major","source":"HIFLD Open NursingHomes"}},{"type":"Feature","geometry":{"type":"Point","coordinates":[-95.3862,45.6433000000001]},"properties":{"name":"Glenwood Village Care Center","facility":"NURSING HOME","city":"GLENWOOD","region":"MN","country":"US","population":64,"tier":"major","source":"HIFLD Open NursingHomes"}},{"type":"Feature","geometry":{"type":"Point","coordinates":[-94.3470999999999,45.9772]},"properties":{"name":"Little Falls Care Center","facility":"NURSING HOME","city":"LITTLE FALLS","region":"MN","country":"US","population":64,"tier":"major","source":"HIFLD Open NursingHomes"}},{"type":"Feature","geometry":{"type":"Point","coordinates":[-94.5667999999999,45.6285]},"properties":{"name":"Mother Of Mercy Senior Living","facility":"NURSING HOME","city":"ALBANY","region":"MN","country":"US","population":70,"tier":"major","source":"HIFLD Open NursingHomes"}},{"type":"Feature","geometry":{"type":"Point","coordinates":[-94.3602999999999,45.9655000000001]},"properties":{"name":"St. Otto's Care Center Inc","facility":"NURSING HOME","city":"LITTLE FALLS","region":"MN","country":"US","population":91,"tier":"major","source":"HIFLD Open NursingHomes"}},{"type":"Feature","geometry":{"type":"Point","coordinates":[-94.9235,45.8518]},"properties":{"name":"Cedar Cove Assisted Living","facility":"ASSISTED LIVING","city":"SAUK CENTRE","region":"MN","country":"US","population":null,"tier":"standard","source":"HIFLD Open NursingHomes"}},{"type":"Feature","geometry":{"type":"Point","coordinates":[-94.823,45.6769]},"properties":{"name":"Centracare - Melrose Park View","facility":"ASSISTED LIVING","city":"MELROSE","region":"MN","country":"US","population":null,"tier":"standard","source":"HIFLD Open NursingHomes"}},{"type":"Feature","geometry":{"type":"Point","coordinates":[-94.3769,45.9742]},"properties":{"name":"Central Minnesota Senior Care","facility":"ASSISTED LIVING","city":"LITTLE FALLS","region":"MN","country":"US","population":null,"tier":"standard","source":"HIFLD Open NursingHomes"}},{"type":"Feature","geometry":{"type":"Point","coordinates":[-94.9544999999999,45.7228000000001]},"properties":{"name":"Getty Street Assisted Living","facility":"ASSISTED LIVING","city":"SAUK CENTRE","region":"MN","country":"US","population":null,"tier":"standard","source":"HIFLD Open NursingHomes"}},{"type":"Feature","geometry":{"type":"Point","coordinates":[-95.3889,45.6544000000001]},"properties":{"name":"Glenwood Estates","facility":"ASSISTED LIVING","city":"GLENWOOD","region":"MN","country":"US","population":null,"tier":"standard","source":"HIFLD Open NursingHomes"}},{"type":"Feature","geometry":{"type":"Point","coordinates":[-94.3636999999999,45.9738]},"properties":{"name":"Nouis Home Care Inc","facility":"ASSISTED LIVING","city":"LITTLE FALLS","region":"MN","country":"US","population":null,"tier":"standard","source":"HIFLD Open NursingHomes"}},{"type":"Feature","geometry":{"type":"Point","coordinates":[-95.3851999999999,45.6434]},"properties":{"name":"Parkview Court","facility":"ASSISTED LIVING","city":"GLENWOOD","region":"MN","country":"US","population":null,"tier":"standard","source":"HIFLD Open NursingHomes"}},{"type":"Feature","geometry":{"type":"Point","coordinates":[-105.4042,45.4429000000001]},"properties":{"name":"Powder River Manor","facility":"NURSING HOME","city":"BROADUS","region":"MT","country":"US","population":41,"tier":"major","source":"HIFLD Open NursingHomes"}},{"type":"Feature","geometry":{"type":"Point","coordinates":[-109.4678,47.0561000000001]},"properties":{"name":"Strawberry Roan Stable Living II","facility":"ASSISTED LIVING","city":"LEWISTOWN","region":"MT","country":"US","population":15,"tier":"standard","source":"HIFLD Open NursingHomes"}},{"type":"Feature","geometry":{"type":"Point","coordinates":[-109.4292,47.0485]},"properties":{"name":"The Villa Assisted Living","facility":"ASSISTED LIVING","city":"LEWISTOWN","region":"MT","country":"US","population":35,"tier":"standard","source":"HIFLD Open NursingHomes"}},{"type":"Feature","geometry":{"type":"Point","coordinates":[-109.429,47.0493000000001]},"properties":{"name":"Valle Vista Manor","facility":"NURSING HOME","city":"LEWISTOWN","region":"MT","country":"US","population":101,"tier":"major","source":"HIFLD Open NursingHomes"}},{"type":"Feature","geometry":{"type":"Point","coordinates":[-109.442,47.0604000000001]},"properties":{"name":"Central Montana Nursing & Rehab","facility":"NURSING HOME","city":"LEWISTOWN","region":"MT","country":"US","population":85,"tier":"major","source":"HIFLD Open NursingHomes"}},{"type":"Feature","geometry":{"type":"Point","coordinates":[-106.266,45.5881000000001]},"properties":{"name":"Heritage Living Center","facility":"ASSISTED LIVING","city":"ASHLAND","region":"MT","country":"US","population":40,"tier":"standard","source":"HIFLD Open NursingHomes"}},{"type":"Feature","geometry":{"type":"Point","coordinates":[-104.2787,46.3715]},"properties":{"name":"Superior Care Villa","facility":"ASSISTED LIVING","city":"BAKER","region":"MT","country":"US","population":27,"tier":"standard","source":"HIFLD Open NursingHomes"}},{"type":"Feature","geometry":{"type":"Point","coordinates":[-109.4257,47.0564]},"properties":{"name":"Montana Mental Health Nursing Care Center","facility":"NURSING HOME","city":"LEWISTOWN","region":"MT","country":"US","population":null,"tier":"major","source":"HIFLD Open NursingHomes"}},{"type":"Feature","geometry":{"type":"Point","coordinates":[-99.1421,42.6046000000001]},"properties":{"name":"Parkside Manor","facility":"ASSISTED LIVING","city":"STUART","region":"NE","country":"US","population":10,"tier":"standard","source":"HIFLD Open NursingHomes"}},{"type":"Feature","geometry":{"type":"Point","coordinates":[-99.5372,42.5753]},"properties":{"name":"Rock County Hospital Long Term Care","facility":"NURSING HOME","city":"BASSETT","region":"NE","country":"US","population":30,"tier":"major","source":"HIFLD Open NursingHomes"}},{"type":"Feature","geometry":{"type":"Point","coordinates":[-98.0397,42.5923000000001]},"properties":{"name":"Alpine Village Assisted Living Center","facility":"ASSISTED LIVING","city":"VERDIGRE","region":"NE","country":"US","population":12,"tier":"standard","source":"HIFLD Open NursingHomes"}},{"type":"Feature","geometry":{"type":"Point","coordinates":[-98.6348999999999,42.4642]},"properties":{"name":"Country Lane Retirement Village","facility":"ASSISTED LIVING","city":"O'NEILL","region":"NE","country":"US","population":30,"tier":"standard","source":"HIFLD Open NursingHomes"}},{"type":"Feature","geometry":{"type":"Point","coordinates":[-98.8419,42.9149]},"properties":{"name":"Country View Manor","facility":"ASSISTED LIVING","city":"BUTTE","region":"NE","country":"US","population":16,"tier":"standard","source":"HIFLD Open NursingHomes"}},{"type":"Feature","geometry":{"type":"Point","coordinates":[-97.5433,42.4921]},"properties":{"name":"Countryside Villa","facility":"ASSISTED LIVING","city":"WAUSA","region":"NE","country":"US","population":28,"tier":"standard","source":"HIFLD Open NursingHomes"}},{"type":"Feature","geometry":{"type":"Point","coordinates":[-98.974,42.5283000000001]},"properties":{"name":"Good Samaritan Society - Prairie Winds","facility":"ASSISTED LIVING","city":"ATKINSON","region":"NE","country":"US","population":12,"tier":"standard","source":"HIFLD Open NursingHomes"}},{"type":"Feature","geometry":{"type":"Point","coordinates":[-97.6547,42.5986]},"properties":{"name":"Good Samaritan Society - Sunset View","facility":"ASSISTED LIVING","city":"BLOOMFIELD","region":"NE","country":"US","population":16,"tier":"standard","source":"HIFLD Open NursingHomes"}},{"type":"Feature","geometry":{"type":"Point","coordinates":[-98.657,42.4668]},"properties":{"name":"Arbor Care Centers-O'Neill","facility":"NURSING HOME","city":"O'NEILL","region":"NE","country":"US","population":84,"tier":"major","source":"HIFLD Open NursingHomes"}},{"type":"Feature","geometry":{"type":"Point","coordinates":[-98.6566,42.4712000000001]},"properties":{"name":"The Evergreen","facility":"ASSISTED LIVING","city":"O'NEILL","region":"NE","country":"US","population":60,"tier":"standard","source":"HIFLD Open NursingHomes"}},{"type":"Feature","geometry":{"type":"Point","coordinates":[-103.4068,46.1847000000001]},"properties":{"name":"Southwest Healthcare Services","facility":"NURSING HOME","city":"BOWMAN","region":"ND","country":"US","population":40,"tier":"major","source":"HIFLD Open NursingHomes"}},{"type":"Feature","geometry":{"type":"Point","coordinates":[-99.9319,47.7671]},"properties":{"name":"St. Aloisius Medical Center Nursing Home","facility":"NURSING HOME","city":"HARVEY","region":"ND","country":"US","population":80,"tier":"major","source":"HIFLD Open NursingHomes"}},{"type":"Feature","geometry":{"type":"Point","coordinates":[-103.4117,46.1854000000001]},"properties":{"name":"Sunrise Village","facility":"ASSISTED LIVING","city":"BOWMAN","region":"ND","country":"US","population":12,"tier":"standard","source":"HIFLD Open NursingHomes"}},{"type":"Feature","geometry":{"type":"Point","coordinates":[-102.6376,46.0079000000001]},"properties":{"name":"Western Horizons Assisted Living","facility":"ASSISTED LIVING","city":"HETTINGER","region":"ND","country":"US","population":16,"tier":"standard","source":"HIFLD Open NursingHomes"}},{"type":"Feature","geometry":{"type":"Point","coordinates":[-102.6274,46.0026]},"properties":{"name":"Western Horizons Care Center","facility":"NURSING HOME","city":"HETTINGER","region":"ND","country":"US","population":45,"tier":"major","source":"HIFLD Open NursingHomes"}},{"type":"Feature","geometry":{"type":"Point","coordinates":[-99.8377,43.3678]},"properties":{"name":"Golden Prairie Manor","facility":"ASSISTED LIVING","city":"WINNER","region":"SD","country":"US","population":40,"tier":"standard","source":"HIFLD Open NursingHomes"}},{"type":"Feature","geometry":{"type":"Point","coordinates":[-98.4075,43.4274]},"properties":{"name":"Good Samaritan Society Corsica","facility":"NURSING HOME","city":"CORSICA","region":"SD","country":"US","population":50,"tier":"major","source":"HIFLD Open NursingHomes"}},{"type":"Feature","geometry":{"type":"Point","coordinates":[-97.7139999999999,43.1542000000001]},"properties":{"name":"Good Samaritan Society Scotland","facility":"NURSING HOME","city":"SCOTLAND","region":"SD","country":"US","population":37,"tier":"major","source":"HIFLD Open NursingHomes"}},{"type":"Feature","geometry":{"type":"Point","coordinates":[-97.8647,42.9990000000001]},"properties":{"name":"Good Samaritan Society Tyndall","facility":"NURSING HOME","city":"TYNDALL","region":"SD","country":"US","population":68,"tier":"major","source":"HIFLD Open NursingHomes"}},{"type":"Feature","geometry":{"type":"Point","coordinates":[-98.3018,43.0810000000001]},"properties":{"name":"Good Samaritan Society Wagner","facility":"NURSING HOME","city":"WAGNER","region":"SD","country":"US","population":43,"tier":"major","source":"HIFLD Open NursingHomes"}},{"type":"Feature","geometry":{"type":"Point","coordinates":[-98.5352999999999,43.1544000000001]},"properties":{"name":"Lake Andes Senior Living","facility":"NURSING HOME","city":"LAKE ANDES","region":"SD","country":"US","population":29,"tier":"major","source":"HIFLD Open NursingHomes"}},{"type":"Feature","geometry":{"type":"Point","coordinates":[-98.4064,43.4258]},"properties":{"name":"Leisure Living","facility":"ASSISTED LIVING","city":"CORSICA","region":"SD","country":"US","population":16,"tier":"standard","source":"HIFLD Open NursingHomes"}},{"type":"Feature","geometry":{"type":"Point","coordinates":[-97.4285,42.8779000000001]},"properties":{"name":"Majestic Bluffs","facility":"ASSISTED LIVING","city":"YANKTON","region":"SD","country":"US","population":45,"tier":"standard","source":"HIFLD Open NursingHomes"}},{"type":"Feature","geometry":{"type":"Point","coordinates":[-98.836,43.3847000000001]},"properties":{"name":"Platte Care Center","facility":"NURSING HOME","city":"PLATTE","region":"SD","country":"US","population":48,"tier":"major","source":"HIFLD Open NursingHomes"}},{"type":"Feature","geometry":{"type":"Point","coordinates":[-97.3885,42.8739]},"properties":{"name":"Angelhaus Yankton","facility":"ASSISTED LIVING","city":"YANKTON","region":"SD","country":"US","population":44,"tier":"standard","source":"HIFLD Open NursingHomes"}},{"type":"Feature","geometry":{"type":"Point","coordinates":[-98.3453,43.3247000000001]},"properties":{"name":"Prairie Villa","facility":"ASSISTED LIVING","city":"ARMOUR","region":"SD","country":"US","population":16,"tier":"standard","source":"HIFLD Open NursingHomes"}},{"type":"Feature","geometry":{"type":"Point","coordinates":[-97.4016,42.9148000000001]},"properties":{"name":"Sd Human Services Center - Geriatric Program","facility":"NURSING HOME","city":"YANKTON","region":"SD","country":"US","population":69,"tier":"major","source":"HIFLD Open NursingHomes"}},{"type":"Feature","geometry":{"type":"Point","coordinates":[-99.4287,43.2391000000001]},"properties":{"name":"Silver Threads, Inc.","facility":"ASSISTED LIVING","city":"GREGORY","region":"SD","country":"US","population":32,"tier":"standard","source":"HIFLD Open NursingHomes"}},{"type":"Feature","geometry":{"type":"Point","coordinates":[-97.9009,42.8531]},"properties":{"name":"Springfield Assisted Living Center","facility":"ASSISTED LIVING","city":"SPRINGFIELD","region":"SD","country":"US","population":36,"tier":"standard","source":"HIFLD Open NursingHomes"}},{"type":"Feature","geometry":{"type":"Point","coordinates":[-97.3944,42.8749]},"properties":{"name":"Walnut Village, Inc.","facility":"ASSISTED LIVING","city":"YANKTON","region":"SD","country":"US","population":16,"tier":"standard","source":"HIFLD Open NursingHomes"}},{"type":"Feature","geometry":{"type":"Point","coordinates":[-99.8471,43.3700000000001]},"properties":{"name":"Winner Regional Healthcare Center","facility":"NURSING HOME","city":"WINNER","region":"SD","country":"US","population":80,"tier":"major","source":"HIFLD Open NursingHomes"}},{"type":"Feature","geometry":{"type":"Point","coordinates":[-98.9465,43.0783000000001]},"properties":{"name":"Haisch Haus Assisted Living","facility":"ASSISTED LIVING","city":"BONESTEEL","region":"SD","country":"US","population":16,"tier":"standard","source":"HIFLD Open NursingHomes"}},{"type":"Feature","geometry":{"type":"Point","coordinates":[-99.2968,43.1799]},"properties":{"name":"Tlc Assisted Living Home","facility":"ASSISTED LIVING","city":"BURKE","region":"SD","country":"US","population":16,"tier":"standard","source":"HIFLD Open NursingHomes"}},{"type":"Feature","geometry":{"type":"Point","coordinates":[-98.8376,43.3886]},"properties":{"name":"Twilight Vista Assisted Living","facility":"ASSISTED LIVING","city":"PLATTE","region":"SD","country":"US","population":16,"tier":"standard","source":"HIFLD Open NursingHomes"}},{"type":"Feature","geometry":{"type":"Point","coordinates":[-102.1685,45.9405]},"properties":{"name":"Five Counties Nursing Home - Assisted Living Center","facility":"ASSISTED LIVING","city":"LEMMON","region":"SD","country":"US","population":4,"tier":"standard","source":"HIFLD Open NursingHomes"}},{"type":"Feature","geometry":{"type":"Point","coordinates":[-98.1178999999999,47.4377000000001]},"properties":{"name":"Griggs County Care Center","facility":"NURSING HOME","city":"COOPERSTOWN","region":"ND","country":"US","population":null,"tier":"major","source":"HIFLD Open NursingHomes"}},{"type":"Feature","geometry":{"type":"Point","coordinates":[-149.3883,61.6546000000001]},"properties":{"name":"NFH - Sleepy #1","facility":"ASSISTED LIVING","city":"WASILLA","region":"AK","country":"US","population":null,"tier":"standard","source":"HIFLD Open NursingHomes"}},{"type":"Feature","geometry":{"type":"Point","coordinates":[-149.8495,61.156]},"properties":{"name":"Samara Home","facility":"ASSISTED LIVING","city":"ANCHORAGE","region":"AK","country":"US","population":null,"tier":"standard","source":"HIFLD Open NursingHomes"}},{"type":"Feature","geometry":{"type":"Point","coordinates":[-149.764,61.2114000000001]},"properties":{"name":"Ridgeway Assisted Living","facility":"ASSISTED LIVING","city":"ANCHORAGE","region":"AK","country":"US","population":null,"tier":"standard","source":"HIFLD Open NursingHomes"}},{"type":"Feature","geometry":{"type":"Point","coordinates":[-149.7679,61.1962]},"properties":{"name":"Tianna's Group","facility":"ASSISTED LIVING","city":"ANCHORAGE","region":"AK","country":"US","population":null,"tier":"standard","source":"HIFLD Open NursingHomes"}},{"type":"Feature","geometry":{"type":"Point","coordinates":[-149.7206,61.1841]},"properties":{"name":"Divine Love Assisted Living Home","facility":"ASSISTED LIVING","city":"ANCHORAGE","region":"AK","country":"US","population":null,"tier":"standard","source":"HIFLD Open NursingHomes"}},{"type":"Feature","geometry":{"type":"Point","coordinates":[-149.8803,61.231]},"properties":{"name":"Happy Hearts Assisted Living Home","facility":"ASSISTED LIVING","city":"ANCHORAGE","region":"AK","country":"US","population":null,"tier":"standard","source":"HIFLD Open NursingHomes"}},{"type":"Feature","geometry":{"type":"Point","coordinates":[-149.7731,61.2023]},"properties":{"name":"Open Arms Assisted Living East","facility":"ASSISTED LIVING","city":"ANCHORAGE","region":"AK","country":"US","population":null,"tier":"standard","source":"HIFLD Open NursingHomes"}},{"type":"Feature","geometry":{"type":"Point","coordinates":[-149.3629,61.5770000000001]},"properties":{"name":"Radhome Lodge","facility":"ASSISTED LIVING","city":"WASILLA","region":"AK","country":"US","population":null,"tier":"standard","source":"HIFLD Open NursingHomes"}},{"type":"Feature","geometry":{"type":"Point","coordinates":[-147.864,64.8435]},"properties":{"name":"Fairbanks Assisted Living","facility":"ASSISTED LIVING","city":"FAIRBANKS","region":"AK","country":"US","population":null,"tier":"standard","source":"HIFLD Open NursingHomes"}},{"type":"Feature","geometry":{"type":"Point","coordinates":[-149.2863,61.5965]},"properties":{"name":"Extended Family Alaska Care 2","facility":"ASSISTED LIVING","city":"PALMER","region":"AK","country":"US","population":null,"tier":"standard","source":"HIFLD Open NursingHomes"}},{"type":"Feature","geometry":{"type":"Point","coordinates":[-149.8262,61.1572]},"properties":{"name":"Day Spring ALH 2","facility":"ASSISTED LIVING","city":"ANCHORAGE","region":"AK","country":"US","population":null,"tier":"standard","source":"HIFLD Open NursingHomes"}},{"type":"Feature","geometry":{"type":"Point","coordinates":[-152.389,57.7944]},"properties":{"name":"Our Kodiak Home","facility":"ASSISTED LIVING","city":"KODIAK","region":"AK","country":"US","population":null,"tier":"standard","source":"HIFLD Open NursingHomes"}},{"type":"Feature","geometry":{"type":"Point","coordinates":[-147.4706,64.8057000000001]},"properties":{"name":"Jones ALH","facility":"ASSISTED LIVING","city":"NORTH POLE","region":"AK","country":"US","population":null,"tier":"standard","source":"HIFLD Open NursingHomes"}},{"type":"Feature","geometry":{"type":"Point","coordinates":[-149.9117,61.1317000000001]},"properties":{"name":"Orion Assisted Living Home","facility":"ASSISTED LIVING","city":"ANCHORAGE","region":"AK","country":"US","population":null,"tier":"standard","source":"HIFLD Open NursingHomes"}},{"type":"Feature","geometry":{"type":"Point","coordinates":[-152.3771,57.8009000000001]},"properties":{"name":"Providence Kodiak Chiniak Bay Elder House","facility":"NURSING HOME","city":"KODIAK","region":"AK","country":"US","population":null,"tier":"major","source":"HIFLD Open NursingHomes"}},{"type":"Feature","geometry":{"type":"Point","coordinates":[-149.8894,61.1200000000001]},"properties":{"name":"Maple Spring Of Anchorage","facility":"ASSISTED LIVING","city":"ANCHORAGE","region":"AK","country":"US","population":null,"tier":"standard","source":"HIFLD Open NursingHomes"}},{"type":"Feature","geometry":{"type":"Point","coordinates":[-149.8926,61.1533000000001]},"properties":{"name":"Sunview Care Assisted Living Home","facility":"ASSISTED LIVING","city":"ANCHORAGE","region":"AK","country":"US","population":null,"tier":"standard","source":"HIFLD Open NursingHomes"}},{"type":"Feature","geometry":{"type":"Point","coordinates":[-149.8225,61.1544000000001]},"properties":{"name":"Konvalia Assisted Living","facility":"ASSISTED LIVING","city":"ANCHORAGE","region":"AK","country":"US","population":null,"tier":"standard","source":"HIFLD Open NursingHomes"}},{"type":"Feature","geometry":{"type":"Point","coordinates":[-149.5599,61.3123]},"properties":{"name":"Ak Nurtured Living's Eagle River House","facility":"ASSISTED LIVING","city":"EAGLE RIVER","region":"AK","country":"US","population":null,"tier":"standard","source":"HIFLD Open NursingHomes"}},{"type":"Feature","geometry":{"type":"Point","coordinates":[-149.7442,61.2186]},"properties":{"name":"Elvira Assisted Living","facility":"ASSISTED LIVING","city":"ANCHORAGE","region":"AK","country":"US","population":null,"tier":"standard","source":"HIFLD Open NursingHomes"}},{"type":"Feature","geometry":{"type":"Point","coordinates":[-149.7494,61.2093]},"properties":{"name":"Treasures Angels 2","facility":"ASSISTED LIVING","city":"ANCHORAGE","region":"AK","country":"US","population":null,"tier":"standard","source":"HIFLD Open NursingHomes"}},{"type":"Feature","geometry":{"type":"Point","coordinates":[-149.8475,61.1871]},"properties":{"name":"Darboe's Assisted Living Home II","facility":"ASSISTED LIVING","city":"ANCHORAGE","region":"AK","country":"US","population":null,"tier":"standard","source":"HIFLD Open NursingHomes"}},{"type":"Feature","geometry":{"type":"Point","coordinates":[-149.7729,61.1999000000001]},"properties":{"name":"Celestial Care ALH","facility":"ASSISTED LIVING","city":"ANCHORAGE","region":"AK","country":"US","population":null,"tier":"standard","source":"HIFLD Open NursingHomes"}},{"type":"Feature","geometry":{"type":"Point","coordinates":[-149.851,61.1693000000001]},"properties":{"name":"In Blessed Hands ALH","facility":"ASSISTED LIVING","city":"ANCHORAGE","region":"AK","country":"US","population":null,"tier":"standard","source":"HIFLD Open NursingHomes"}},{"type":"Feature","geometry":{"type":"Point","coordinates":[-149.767,61.1840000000001]},"properties":{"name":"Arc - Camelot","facility":"ASSISTED LIVING","city":"ANCHORAGE","region":"AK","country":"US","population":null,"tier":"standard","source":"HIFLD Open NursingHomes"}},{"type":"Feature","geometry":{"type":"Point","coordinates":[-149.8378,61.1117]},"properties":{"name":"The Woodward Home","facility":"ASSISTED LIVING","city":"ANCHORAGE","region":"AK","country":"US","population":null,"tier":"standard","source":"HIFLD Open NursingHomes"}},{"type":"Feature","geometry":{"type":"Point","coordinates":[-149.7568,61.2208]},"properties":{"name":"Amfaal Assisted Living Home","facility":"ASSISTED LIVING","city":"ANCHORAGE","region":"AK","country":"US","population":null,"tier":"standard","source":"HIFLD Open NursingHomes"}},{"type":"Feature","geometry":{"type":"Point","coordinates":[-149.8593,61.1345]},"properties":{"name":"Dbg- Morningside Loop ALH","facility":"ASSISTED LIVING","city":"ANCHORAGE","region":"AK","country":"US","population":null,"tier":"standard","source":"HIFLD Open NursingHomes"}},{"type":"Feature","geometry":{"type":"Point","coordinates":[-149.7202,61.1857000000001]},"properties":{"name":"Holy Family ALH II","facility":"ASSISTED LIVING","city":"ANCHORAGE","region":"AK","country":"US","population":null,"tier":"standard","source":"HIFLD Open NursingHomes"}},{"type":"Feature","geometry":{"type":"Point","coordinates":[-149.4789,61.5556]},"properties":{"name":"Keen Eye Care Assisted Living Wasilla","facility":"ASSISTED LIVING","city":"WASILLA","region":"AK","country":"US","population":null,"tier":"standard","source":"HIFLD Open NursingHomes"}},{"type":"Feature","geometry":{"type":"Point","coordinates":[-149.9326,61.1477]},"properties":{"name":"Alegre Care Assisted Living Home.","facility":"ASSISTED LIVING","city":"ANCHORAGE","region":"AK","country":"US","population":null,"tier":"standard","source":"HIFLD Open NursingHomes"}},{"type":"Feature","geometry":{"type":"Point","coordinates":[-149.8751,61.1091000000001]},"properties":{"name":"Breezy Living","facility":"ASSISTED LIVING","city":"ANCHORAGE","region":"AK","country":"US","population":null,"tier":"standard","source":"HIFLD Open NursingHomes"}},{"type":"Feature","geometry":{"type":"Point","coordinates":[-150.7732,60.5483]},"properties":{"name":"Sterling Silver Assisted Living Home","facility":"ASSISTED LIVING","city":"STERLING","region":"AK","country":"US","population":null,"tier":"standard","source":"HIFLD Open NursingHomes"}},{"type":"Feature","geometry":{"type":"Point","coordinates":[-149.8262,61.1565]},"properties":{"name":"Serene Grace ALH 3","facility":"ASSISTED LIVING","city":"ANCHORAGE","region":"AK","country":"US","population":null,"tier":"standard","source":"HIFLD Open NursingHomes"}},{"type":"Feature","geometry":{"type":"Point","coordinates":[-149.7641,61.2158000000001]},"properties":{"name":"Mind And Soul 2 Assisted Living Home","facility":"ASSISTED LIVING","city":"ANCHORAGE","region":"AK","country":"US","population":null,"tier":"standard","source":"HIFLD Open NursingHomes"}},{"type":"Feature","geometry":{"type":"Point","coordinates":[-161.775,60.7915]},"properties":{"name":"YKHC - Bautista House","facility":"ASSISTED LIVING","city":"BETHEL","region":"AK","country":"US","population":null,"tier":"standard","source":"HIFLD Open NursingHomes"}},{"type":"Feature","geometry":{"type":"Point","coordinates":[-149.7693,61.2142]},"properties":{"name":"Noahs Ark Assisted Living Home","facility":"ASSISTED LIVING","city":"ANCHORAGE","region":"AK","country":"US","population":null,"tier":"standard","source":"HIFLD Open NursingHomes"}},{"type":"Feature","geometry":{"type":"Point","coordinates":[-149.833,61.1751]},"properties":{"name":"May Assisted Living Home","facility":"ASSISTED LIVING","city":"ANCHORAGE","region":"AK","country":"US","population":null,"tier":"standard","source":"HIFLD Open NursingHomes"}},{"type":"Feature","geometry":{"type":"Point","coordinates":[-149.7415,61.1903]},"properties":{"name":"Confluence Group Homz","facility":"ASSISTED LIVING","city":"ANCHORAGE","region":"AK","country":"US","population":null,"tier":"standard","source":"HIFLD Open NursingHomes"}},{"type":"Feature","geometry":{"type":"Point","coordinates":[-149.7405,61.1829000000001]},"properties":{"name":"Saint Pio Assisted Living Home 3","facility":"ASSISTED LIVING","city":"ANCHORAGE","region":"AK","country":"US","population":null,"tier":"standard","source":"HIFLD Open NursingHomes"}},{"type":"Feature","geometry":{"type":"Point","coordinates":[-149.9094,61.1372000000001]},"properties":{"name":"Hale Ohana 2 ALH","facility":"ASSISTED LIVING","city":"ANCHORAGE","region":"AK","country":"US","population":null,"tier":"standard","source":"HIFLD Open NursingHomes"}},{"type":"Feature","geometry":{"type":"Point","coordinates":[-149.5541,61.5851]},"properties":{"name":"NFH - Tweed","facility":"ASSISTED LIVING","city":"WASILLA","region":"AK","country":"US","population":null,"tier":"standard","source":"HIFLD Open NursingHomes"}},{"type":"Feature","geometry":{"type":"Point","coordinates":[-149.7276,61.21]},"properties":{"name":"Zuma Rock Assisted Living Home","facility":"ASSISTED LIVING","city":"ANCHORAGE","region":"AK","country":"US","population":null,"tier":"standard","source":"HIFLD Open NursingHomes"}},{"type":"Feature","geometry":{"type":"Point","coordinates":[-149.9383,61.1576000000001]},"properties":{"name":"Assured Anchor Assisted Living Home","facility":"ASSISTED LIVING","city":"ANCHORAGE","region":"AK","country":"US","population":null,"tier":"standard","source":"HIFLD Open NursingHomes"}},{"type":"Feature","geometry":{"type":"Point","coordinates":[-149.7837,61.1949000000001]},"properties":{"name":"Twin Hearts Ale II Inc.","facility":"ASSISTED LIVING","city":"ANCHORAGE","region":"AK","country":"US","population":null,"tier":"standard","source":"HIFLD Open NursingHomes"}},{"type":"Feature","geometry":{"type":"Point","coordinates":[-147.7062,64.8464000000001]},"properties":{"name":"NFH - Front","facility":"ASSISTED LIVING","city":"FAIRBANKS","region":"AK","country":"US","population":null,"tier":"standard","source":"HIFLD Open NursingHomes"}},{"type":"Feature","geometry":{"type":"Point","coordinates":[-149.5579,61.5346000000001]},"properties":{"name":"New Family Assisted Living","facility":"ASSISTED LIVING","city":"WASILLA","region":"AK","country":"US","population":null,"tier":"standard","source":"HIFLD Open NursingHomes"}},{"type":"Feature","geometry":{"type":"Point","coordinates":[-149.7525,61.2121000000001]},"properties":{"name":"Mount Horeb Assisted Living Home","facility":"ASSISTED LIVING","city":"ANCHORAGE","region":"AK","country":"US","population":null,"tier":"standard","source":"HIFLD Open NursingHomes"}},{"type":"Feature","geometry":{"type":"Point","coordinates":[-149.8458,61.1065]},"properties":{"name":"Summit Care ALH","facility":"ASSISTED LIVING","city":"ANCHORAGE","region":"AK","country":"US","population":null,"tier":"standard","source":"HIFLD Open NursingHomes"}},{"type":"Feature","geometry":{"type":"Point","coordinates":[-149.8206,61.2056000000001]},"properties":{"name":"We Care","facility":"ASSISTED LIVING","city":"ANCHORAGE","region":"AK","country":"US","population":null,"tier":"standard","source":"HIFLD Open NursingHomes"}},{"type":"Feature","geometry":{"type":"Point","coordinates":[-149.7593,61.2094000000001]},"properties":{"name":"Agape Living III","facility":"ASSISTED LIVING","city":"ANCHORAGE","region":"AK","country":"US","population":null,"tier":"standard","source":"HIFLD Open NursingHomes"}},{"type":"Feature","geometry":{"type":"Point","coordinates":[-149.8375,61.1594]},"properties":{"name":"H&L Assisted Living Home II","facility":"ASSISTED LIVING","city":"ANCHORAGE","region":"AK","country":"US","population":null,"tier":"standard","source":"HIFLD Open NursingHomes"}},{"type":"Feature","geometry":{"type":"Point","coordinates":[-149.4736,61.6142000000001]},"properties":{"name":"Hearts And Hands Of Care IX - Cambay House","facility":"ASSISTED LIVING","city":"WASILLA","region":"AK","country":"US","population":null,"tier":"standard","source":"HIFLD Open NursingHomes"}},{"type":"Feature","geometry":{"type":"Point","coordinates":[-149.8569,61.1056]},"properties":{"name":"Cordial Care Assisted Living Home","facility":"ASSISTED LIVING","city":"ANCHORAGE","region":"AK","country":"US","population":null,"tier":"standard","source":"HIFLD Open NursingHomes"}},{"type":"Feature","geometry":{"type":"Point","coordinates":[-149.7591,61.2212000000001]},"properties":{"name":"Aurora Assisted Living Home 2","facility":"ASSISTED LIVING","city":"ANCHORAGE","region":"AK","country":"US","population":null,"tier":"standard","source":"HIFLD Open NursingHomes"}},{"type":"Feature","geometry":{"type":"Point","coordinates":[-149.8668,61.1052000000001]},"properties":{"name":"Sunrise Community Living","facility":"ASSISTED LIVING","city":"ANCHORAGE","region":"AK","country":"US","population":null,"tier":"standard","source":"HIFLD Open NursingHomes"}},{"type":"Feature","geometry":{"type":"Point","coordinates":[-149.3885,61.6563]},"properties":{"name":"NFH- Sleepy #4","facility":"ASSISTED LIVING","city":"WASILLA","region":"AK","country":"US","population":null,"tier":"standard","source":"HIFLD Open NursingHomes"}},{"type":"Feature","geometry":{"type":"Point","coordinates":[-149.7892,61.2230000000001]},"properties":{"name":"Icare Assisted Living Home","facility":"ASSISTED LIVING","city":"ANCHORAGE","region":"AK","country":"US","population":null,"tier":"standard","source":"HIFLD Open NursingHomes"}},{"type":"Feature","geometry":{"type":"Point","coordinates":[-149.9526,61.1549]},"properties":{"name":"Affinity Alaska","facility":"ASSISTED LIVING","city":"ANCHORAGE","region":"AK","country":"US","population":null,"tier":"standard","source":"HIFLD Open NursingHomes"}},{"type":"Feature","geometry":{"type":"Point","coordinates":[-149.8408,61.1517000000001]},"properties":{"name":"Anchorage Manor #1","facility":"ASSISTED LIVING","city":"ANCHORAGE","region":"AK","country":"US","population":null,"tier":"standard","source":"HIFLD Open NursingHomes"}},{"type":"Feature","geometry":{"type":"Point","coordinates":[-147.615,64.8962000000001]},"properties":{"name":"NFH - Golf 1","facility":"ASSISTED LIVING","city":"FAIRBANKS","region":"AK","country":"US","population":null,"tier":"standard","source":"HIFLD Open NursingHomes"}},{"type":"Feature","geometry":{"type":"Point","coordinates":[-149.1178,61.6046]},"properties":{"name":"Sunflower House","facility":"ASSISTED LIVING","city":"PALMER","region":"AK","country":"US","population":null,"tier":"standard","source":"HIFLD Open NursingHomes"}},{"type":"Feature","geometry":{"type":"Point","coordinates":[-149.7368,61.2216000000001]},"properties":{"name":"East View - Elias","facility":"ASSISTED LIVING","city":"ANCHORAGE","region":"AK","country":"US","population":null,"tier":"standard","source":"HIFLD Open NursingHomes"}},{"type":"Feature","geometry":{"type":"Point","coordinates":[-149.9126,61.1966000000001]},"properties":{"name":"Golden Hearts Agency - Blackberry","facility":"ASSISTED LIVING","city":"ANCHORAGE","region":"AK","country":"US","population":null,"tier":"standard","source":"HIFLD Open NursingHomes"}},{"type":"Feature","geometry":{"type":"Point","coordinates":[-149.3691,61.6279]},"properties":{"name":"Utopia ALH 2","facility":"ASSISTED LIVING","city":"WASILLA","region":"AK","country":"US","population":null,"tier":"standard","source":"HIFLD Open NursingHomes"}},{"type":"Feature","geometry":{"type":"Point","coordinates":[-149.8927,61.1507]},"properties":{"name":"Alaska Helps Assisted Living Home","facility":"ASSISTED LIVING","city":"ANCHORAGE","region":"AK","country":"US","population":null,"tier":"standard","source":"HIFLD Open NursingHomes"}},{"type":"Feature","geometry":{"type":"Point","coordinates":[-149.8235,61.1217]},"properties":{"name":"Ridgeway Assisted Living 2","facility":"ASSISTED LIVING","city":"ANCHORAGE","region":"AK","country":"US","population":null,"tier":"standard","source":"HIFLD Open NursingHomes"}},{"type":"Feature","geometry":{"type":"Point","coordinates":[-149.7491,61.2093]},"properties":{"name":"Treasures Angels","facility":"ASSISTED LIVING","city":"ANCHORAGE","region":"AK","country":"US","population":null,"tier":"standard","source":"HIFLD Open NursingHomes"}},{"type":"Feature","geometry":{"type":"Point","coordinates":[-149.7451,61.1887]},"properties":{"name":"Saint Pio Assisted Living Home 4","facility":"ASSISTED LIVING","city":"ANCHORAGE","region":"AK","country":"US","population":null,"tier":"standard","source":"HIFLD Open NursingHomes"}},{"type":"Feature","geometry":{"type":"Point","coordinates":[-149.8658,61.2144000000001]},"properties":{"name":"Johnallan 1724","facility":"ASSISTED LIVING","city":"ANCHORAGE","region":"AK","country":"US","population":null,"tier":"standard","source":"HIFLD Open NursingHomes"}},{"type":"Feature","geometry":{"type":"Point","coordinates":[-149.7388,61.2208]},"properties":{"name":"Home Sweet Home ALH","facility":"ASSISTED LIVING","city":"ANCHORAGE","region":"AK","country":"US","population":null,"tier":"standard","source":"HIFLD Open NursingHomes"}},{"type":"Feature","geometry":{"type":"Point","coordinates":[-149.7499,61.2221000000001]},"properties":{"name":"The Chosen House","facility":"ASSISTED LIVING","city":"ANCHORAGE","region":"AK","country":"US","population":null,"tier":"standard","source":"HIFLD Open NursingHomes"}},{"type":"Feature","geometry":{"type":"Point","coordinates":[-134.5909,58.3854000000001]},"properties":{"name":"Reach - Northland","facility":"ASSISTED LIVING","city":"JUNEAU","region":"AK","country":"US","population":null,"tier":"standard","source":"HIFLD Open NursingHomes"}},{"type":"Feature","geometry":{"type":"Point","coordinates":[-149.8905,61.1407]},"properties":{"name":"Care 4U","facility":"ASSISTED LIVING","city":"ANCHORAGE","region":"AK","country":"US","population":null,"tier":"standard","source":"HIFLD Open NursingHomes"}},{"type":"Feature","geometry":{"type":"Point","coordinates":[-149.8238,61.1779000000001]},"properties":{"name":"Campbell Creek House 2","facility":"ASSISTED LIVING","city":"ANCHORAGE","region":"AK","country":"US","population":null,"tier":"standard","source":"HIFLD Open NursingHomes"}},{"type":"Feature","geometry":{"type":"Point","coordinates":[-131.6222,55.3425]},"properties":{"name":"Guinn Home","facility":"ASSISTED LIVING","city":"KETCHIKAN","region":"AK","country":"US","population":null,"tier":"standard","source":"HIFLD Open NursingHomes"}},{"type":"Feature","geometry":{"type":"Point","coordinates":[-149.9041,61.1920000000001]},"properties":{"name":"The House Of Kindness And Care","facility":"ASSISTED LIVING","city":"ANCHORAGE","region":"AK","country":"US","population":null,"tier":"standard","source":"HIFLD Open NursingHomes"}},{"type":"Feature","geometry":{"type":"Point","coordinates":[-149.8183,61.1811000000001]},"properties":{"name":"Sunshine Haven Assisted Living Home.","facility":"ASSISTED LIVING","city":"ANCHORAGE","region":"AK","country":"US","population":null,"tier":"standard","source":"HIFLD Open NursingHomes"}},{"type":"Feature","geometry":{"type":"Point","coordinates":[-149.859,61.1001000000001]},"properties":{"name":"Elija's Assisted Living Home Care","facility":"ASSISTED LIVING","city":"ANCHORAGE","region":"AK","country":"US","population":null,"tier":"standard","source":"HIFLD Open NursingHomes"}},{"type":"Feature","geometry":{"type":"Point","coordinates":[-149.9034,61.1446000000001]},"properties":{"name":"Guardian Angel ALH II","facility":"ASSISTED LIVING","city":"ANCHORAGE","region":"AK","country":"US","population":null,"tier":"standard","source":"HIFLD Open NursingHomes"}},{"type":"Feature","geometry":{"type":"Point","coordinates":[-149.8136,61.2059]},"properties":{"name":"Trinity's Homecare","facility":"ASSISTED LIVING","city":"ANCHORAGE","region":"AK","country":"US","population":null,"tier":"standard","source":"HIFLD Open NursingHomes"}},{"type":"Feature","geometry":{"type":"Point","coordinates":[-149.9093,61.1748000000001]},"properties":{"name":"M-Care II Assisted Living Home","facility":"ASSISTED LIVING","city":"ANCHORAGE","region":"AK","country":"US","population":null,"tier":"standard","source":"HIFLD Open NursingHomes"}},{"type":"Feature","geometry":{"type":"Point","coordinates":[-149.7479,61.2092000000001]},"properties":{"name":"Agape Living ALH","facility":"ASSISTED LIVING","city":"ANCHORAGE","region":"AK","country":"US","population":null,"tier":"standard","source":"HIFLD Open NursingHomes"}},{"type":"Feature","geometry":{"type":"Point","coordinates":[-149.4275,61.5905000000001]},"properties":{"name":"A Fine Place","facility":"ASSISTED LIVING","city":"WASILLA","region":"AK","country":"US","population":null,"tier":"standard","source":"HIFLD Open NursingHomes"}},{"type":"Feature","geometry":{"type":"Point","coordinates":[-149.7448,61.2031000000001]},"properties":{"name":"Flourishing ALH II Inc.","facility":"ASSISTED LIVING","city":"ANCHORAGE","region":"AK","country":"US","population":null,"tier":"standard","source":"HIFLD Open NursingHomes"}},{"type":"Feature","geometry":{"type":"Point","coordinates":[-149.737,61.2222]},"properties":{"name":"East View - Augustine","facility":"ASSISTED LIVING","city":"ANCHORAGE","region":"AK","country":"US","population":null,"tier":"standard","source":"HIFLD Open NursingHomes"}},{"type":"Feature","geometry":{"type":"Point","coordinates":[-149.9189,61.1471000000001]},"properties":{"name":"Misty Glen Assisted Living","facility":"ASSISTED LIVING","city":"ANCHORAGE","region":"AK","country":"US","population":null,"tier":"standard","source":"HIFLD Open NursingHomes"}},{"type":"Feature","geometry":{"type":"Point","coordinates":[-151.2787,60.5710000000001]},"properties":{"name":"Aspen Creek Senior Living Kenai","facility":"ASSISTED LIVING","city":"KENAI","region":"AK","country":"US","population":90,"tier":"standard","source":"HIFLD Open NursingHomes"}},{"type":"Feature","geometry":{"type":"Point","coordinates":[-149.9549,61.1343000000001]},"properties":{"name":"Dove's At Marquis","facility":"ASSISTED LIVING","city":"ANCHORAGE","region":"AK","country":"US","population":null,"tier":"standard","source":"HIFLD Open NursingHomes"}},{"type":"Feature","geometry":{"type":"Point","coordinates":[-149.5301,61.3222000000001]},"properties":{"name":"Waterton Assisted Living Home","facility":"ASSISTED LIVING","city":"EAGLE RIVER","region":"AK","country":"US","population":null,"tier":"standard","source":"HIFLD Open NursingHomes"}},{"type":"Feature","geometry":{"type":"Point","coordinates":[-149.858,61.1358000000001]},"properties":{"name":"3 Angels' Assisted Living Home V","facility":"ASSISTED LIVING","city":"ANCHORAGE","region":"AK","country":"US","population":null,"tier":"standard","source":"HIFLD Open NursingHomes"}},{"type":"Feature","geometry":{"type":"Point","coordinates":[-149.8471,61.1948]},"properties":{"name":"Fulani Assisted Living Home","facility":"ASSISTED LIVING","city":"ANCHORAGE","region":"AK","country":"US","population":null,"tier":"standard","source":"HIFLD Open NursingHomes"}},{"type":"Feature","geometry":{"type":"Point","coordinates":[-150.09,62.0332000000001]},"properties":{"name":"Sanpierre Assisted Living - Willow Haven","facility":"ASSISTED LIVING","city":"TALKEETNA","region":"AK","country":"US","population":null,"tier":"standard","source":"HIFLD Open NursingHomes"}},{"type":"Feature","geometry":{"type":"Point","coordinates":[-147.8048,64.8503000000001]},"properties":{"name":"Timber Creek Senior Living","facility":"ASSISTED LIVING","city":"FAIRBANKS","region":"AK","country":"US","population":null,"tier":"standard","source":"HIFLD Open NursingHomes"}},{"type":"Feature","geometry":{"type":"Point","coordinates":[-149.7777,61.1977]},"properties":{"name":"Life Pursuits","facility":"ASSISTED LIVING","city":"ANCHORAGE","region":"AK","country":"US","population":null,"tier":"standard","source":"HIFLD Open NursingHomes"}},{"type":"Feature","geometry":{"type":"Point","coordinates":[-149.8123,61.1541]},"properties":{"name":"Comfort Care Home II","facility":"ASSISTED LIVING","city":"ANCHORAGE","region":"AK","country":"US","population":null,"tier":"standard","source":"HIFLD Open NursingHomes"}},{"type":"Feature","geometry":{"type":"Point","coordinates":[-149.8448,61.1542000000001]},"properties":{"name":"Bah Family Care","facility":"ASSISTED LIVING","city":"ANCHORAGE","region":"AK","country":"US","population":null,"tier":"standard","source":"HIFLD Open NursingHomes"}},{"type":"Feature","geometry":{"type":"Point","coordinates":[-149.4944,61.5464000000001]},"properties":{"name":"O'Bie's Adobe Home #1","facility":"ASSISTED LIVING","city":"WASILLA","region":"AK","country":"US","population":null,"tier":"standard","source":"HIFLD Open NursingHomes"}},{"type":"Feature","geometry":{"type":"Point","coordinates":[-149.7627,61.2136]},"properties":{"name":"3 Angels' Assisted Living Home IV","facility":"ASSISTED LIVING","city":"ANCHORAGE","region":"AK","country":"US","population":null,"tier":"standard","source":"HIFLD Open NursingHomes"}},{"type":"Feature","geometry":{"type":"Point","coordinates":[-149.7366,61.2219000000001]},"properties":{"name":"East View - Chugach","facility":"ASSISTED LIVING","city":"ANCHORAGE","region":"AK","country":"US","population":null,"tier":"standard","source":"HIFLD Open NursingHomes"}},{"type":"Feature","geometry":{"type":"Point","coordinates":[-149.7573,61.2130000000001]},"properties":{"name":"All For You Home Care","facility":"ASSISTED LIVING","city":"ANCHORAGE","region":"AK","country":"US","population":null,"tier":"standard","source":"HIFLD Open NursingHomes"}},{"type":"Feature","geometry":{"type":"Point","coordinates":[-149.1481,61.5901000000001]},"properties":{"name":"Green Hills Assisted Living Home","facility":"ASSISTED LIVING","city":"PALMER","region":"AK","country":"US","population":null,"tier":"standard","source":"HIFLD Open NursingHomes"}},{"type":"Feature","geometry":{"type":"Point","coordinates":[-149.8223,61.1168000000001]},"properties":{"name":"Scenic Manor 2 ALH","facility":"ASSISTED LIVING","city":"ANCHORAGE","region":"AK","country":"US","population":null,"tier":"standard","source":"HIFLD Open NursingHomes"}},{"type":"Feature","geometry":{"type":"Point","coordinates":[-149.9581,61.1434]},"properties":{"name":"Amie's Home Care","facility":"ASSISTED LIVING","city":"ANCHORAGE","region":"AK","country":"US","population":null,"tier":"standard","source":"HIFLD Open NursingHomes"}},{"type":"Feature","geometry":{"type":"Point","coordinates":[-134.6276,58.3938000000001]},"properties":{"name":"Herring House Assisted Living Home","facility":"ASSISTED LIVING","city":"JUNEAU","region":"AK","country":"US","population":null,"tier":"standard","source":"HIFLD Open NursingHomes"}},{"type":"Feature","geometry":{"type":"Point","coordinates":[-149.7976,61.2274]},"properties":{"name":"2 Care Assisted Living Home","facility":"ASSISTED LIVING","city":"ANCHORAGE","region":"AK","country":"US","population":null,"tier":"standard","source":"HIFLD Open NursingHomes"}},{"type":"Feature","geometry":{"type":"Point","coordinates":[-134.5977,58.3734000000001]},"properties":{"name":"Riverview Senior Living","facility":"ASSISTED LIVING","city":"JUNEAU","region":"AK","country":"US","population":null,"tier":"standard","source":"HIFLD Open NursingHomes"}},{"type":"Feature","geometry":{"type":"Point","coordinates":[-149.7351,61.2174000000001]},"properties":{"name":"Beneficence Assisted Living Home","facility":"ASSISTED LIVING","city":"ANCHORAGE","region":"AK","country":"US","population":null,"tier":"standard","source":"HIFLD Open NursingHomes"}},{"type":"Feature","geometry":{"type":"Point","coordinates":[-149.3251,61.5584]},"properties":{"name":"Arctic Star Assisted Living Home","facility":"ASSISTED LIVING","city":"WASILLA","region":"AK","country":"US","population":null,"tier":"standard","source":"HIFLD Open NursingHomes"}},{"type":"Feature","geometry":{"type":"Point","coordinates":[-149.1068,61.5773]},"properties":{"name":"The Peaks Estate ALH","facility":"ASSISTED LIVING","city":"PALMER","region":"AK","country":"US","population":null,"tier":"standard","source":"HIFLD Open NursingHomes"}},{"type":"Feature","geometry":{"type":"Point","coordinates":[-149.8134,61.2254]},"properties":{"name":"Dwelling Place","facility":"ASSISTED LIVING","city":"ANCHORAGE","region":"AK","country":"US","population":null,"tier":"standard","source":"HIFLD Open NursingHomes"}},{"type":"Feature","geometry":{"type":"Point","coordinates":[-149.8302,61.1759000000001]},"properties":{"name":"Alaskan Amazing Grace ALH","facility":"ASSISTED LIVING","city":"ANCHORAGE","region":"AK","country":"US","population":null,"tier":"standard","source":"HIFLD Open NursingHomes"}},{"type":"Feature","geometry":{"type":"Point","coordinates":[-149.7365,61.2221000000001]},"properties":{"name":"East View - Brooks","facility":"ASSISTED LIVING","city":"ANCHORAGE","region":"AK","country":"US","population":null,"tier":"standard","source":"HIFLD Open NursingHomes"}},{"type":"Feature","geometry":{"type":"Point","coordinates":[-149.4347,61.6452]},"properties":{"name":"NFH - Mt. Ash","facility":"ASSISTED LIVING","city":"WASILLA","region":"AK","country":"US","population":null,"tier":"standard","source":"HIFLD Open NursingHomes"}},{"type":"Feature","geometry":{"type":"Point","coordinates":[-149.8176,61.2012]},"properties":{"name":"The Arc Of Anchorage - 2210 Unit #1","facility":"ASSISTED LIVING","city":"ANCHORAGE","region":"AK","country":"US","population":null,"tier":"standard","source":"HIFLD Open NursingHomes"}},{"type":"Feature","geometry":{"type":"Point","coordinates":[-149.501,61.6328]},"properties":{"name":"Mssca - That Home (Formerly Fallen Leaf)","facility":"ASSISTED LIVING","city":"WASILLA","region":"AK","country":"US","population":null,"tier":"standard","source":"HIFLD Open NursingHomes"}},{"type":"Feature","geometry":{"type":"Point","coordinates":[-149.7612,61.1870000000001]},"properties":{"name":"Feh's Humanitarian ALH","facility":"ASSISTED LIVING","city":"ANCHORAGE","region":"AK","country":"US","population":null,"tier":"standard","source":"HIFLD Open NursingHomes"}},{"type":"Feature","geometry":{"type":"Point","coordinates":[-149.9521,61.1276]},"properties":{"name":"Comfort Care Living","facility":"ASSISTED LIVING","city":"ANCHORAGE","region":"AK","country":"US","population":null,"tier":"standard","source":"HIFLD Open NursingHomes"}},{"type":"Feature","geometry":{"type":"Point","coordinates":[-149.7281,61.2122000000001]},"properties":{"name":"Sweet Success","facility":"ASSISTED LIVING","city":"ANCHORAGE","region":"AK","country":"US","population":null,"tier":"standard","source":"HIFLD Open NursingHomes"}},{"type":"Feature","geometry":{"type":"Point","coordinates":[-149.737,61.2219000000001]},"properties":{"name":"East View - Denali","facility":"ASSISTED LIVING","city":"ANCHORAGE","region":"AK","country":"US","population":null,"tier":"standard","source":"HIFLD Open NursingHomes"}},{"type":"Feature","geometry":{"type":"Point","coordinates":[-149.8452,61.1526000000001]},"properties":{"name":"Ariana Assisted Living II","facility":"ASSISTED LIVING","city":"ANCHORAGE","region":"AK","country":"US","population":null,"tier":"standard","source":"HIFLD Open NursingHomes"}},{"type":"Feature","geometry":{"type":"Point","coordinates":[-149.8419,61.0976000000001]},"properties":{"name":"Mia's Place","facility":"ASSISTED LIVING","city":"ANCHORAGE","region":"AK","country":"US","population":null,"tier":"standard","source":"HIFLD Open NursingHomes"}},{"type":"Feature","geometry":{"type":"Point","coordinates":[-149.9093,61.1417000000001]},"properties":{"name":"Abra Assisted Living Home","facility":"ASSISTED LIVING","city":"ANCHORAGE","region":"AK","country":"US","population":null,"tier":"standard","source":"HIFLD Open NursingHomes"}},{"type":"Feature","geometry":{"type":"Point","coordinates":[-147.7498,64.8378000000001]},"properties":{"name":"Tamarack Living Center","facility":"ASSISTED LIVING","city":"FAIRBANKS","region":"AK","country":"US","population":null,"tier":"standard","source":"HIFLD Open NursingHomes"}},{"type":"Feature","geometry":{"type":"Point","coordinates":[-149.1339,61.6077000000001]},"properties":{"name":"Jolly Care Assisted Living Home","facility":"ASSISTED LIVING","city":"PALMER","region":"AK","country":"US","population":null,"tier":"standard","source":"HIFLD Open NursingHomes"}},{"type":"Feature","geometry":{"type":"Point","coordinates":[-149.8579,61.1360000000001]},"properties":{"name":"Always Caring Assisted Living Home","facility":"ASSISTED LIVING","city":"ANCHORAGE","region":"AK","country":"US","population":null,"tier":"standard","source":"HIFLD Open NursingHomes"}},{"type":"Feature","geometry":{"type":"Point","coordinates":[-149.8214,61.0821000000001]},"properties":{"name":"Broken Sparrow","facility":"ASSISTED LIVING","city":"ANCHORAGE","region":"AK","country":"US","population":null,"tier":"standard","source":"HIFLD Open NursingHomes"}},{"type":"Feature","geometry":{"type":"Point","coordinates":[-149.2743,61.5846000000001]},"properties":{"name":"Extended Family Alaska Tiffany","facility":"ASSISTED LIVING","city":"PALMER","region":"AK","country":"US","population":null,"tier":"standard","source":"HIFLD Open NursingHomes"}},{"type":"Feature","geometry":{"type":"Point","coordinates":[-149.811,61.0873]},"properties":{"name":"Snowbird Estates","facility":"ASSISTED LIVING","city":"ANCHORAGE","region":"AK","country":"US","population":null,"tier":"standard","source":"HIFLD Open NursingHomes"}},{"type":"Feature","geometry":{"type":"Point","coordinates":[-149.8409,61.1507]},"properties":{"name":"Casa Bella Assisted Living Home","facility":"ASSISTED LIVING","city":"ANCHORAGE","region":"AK","country":"US","population":null,"tier":"standard","source":"HIFLD Open NursingHomes"}},{"type":"Feature","geometry":{"type":"Point","coordinates":[-109.6451,47.0334]},"properties":{"name":"Cashmur Assisted Living","facility":"ASSISTED LIVING","city":"BILLINGS","region":"MT","country":"US","population":null,"tier":"standard","source":"HIFLD Open NursingHomes"}},{"type":"Feature","geometry":{"type":"Point","coordinates":[-109.6451,47.0334]},"properties":{"name":"Mount Ascension Transitional Care Of Cascadia","facility":"NURSING HOME","city":"HELENA","region":"MT","country":"US","population":null,"tier":"major","source":"HIFLD Open NursingHomes"}},{"type":"Feature","geometry":{"type":"Point","coordinates":[-109.4427,47.0606000000001]},"properties":{"name":"Central Montana SNF Operations","facility":"NURSING HOME","city":"LEWISTOWN","region":"MT","country":"US","population":null,"tier":"major","source":"HIFLD Open NursingHomes"}},{"type":"Feature","geometry":{"type":"Point","coordinates":[-99.1421999999999,42.6046000000001]},"properties":{"name":"Parkside Manor","facility":"NURSING HOME","city":"STUART","region":"NE","country":"US","population":null,"tier":"major","source":"HIFLD Open NursingHomes"}},{"type":"Feature","geometry":{"type":"Point","coordinates":[-94.575,45.8025000000001]},"properties":{"name":"Upsala Senior Living Inc","facility":"ASSISTED LIVING","city":"UPSALA","region":"MN","country":"US","population":null,"tier":"standard","source":"HIFLD Open NursingHomes"}},{"type":"Feature","geometry":{"type":"Point","coordinates":[-94.7195,45.3723000000001]},"properties":{"name":"Koronis Place","facility":"ASSISTED LIVING","city":"PAYNESVILLE","region":"MN","country":"US","population":null,"tier":"standard","source":"HIFLD Open NursingHomes"}},{"type":"Feature","geometry":{"type":"Point","coordinates":[-94.3427,45.9741000000001]},"properties":{"name":"Bridgeway Estates","facility":"ASSISTED LIVING","city":"LITTLE FALLS","region":"MN","country":"US","population":null,"tier":"standard","source":"HIFLD Open NursingHomes"}},{"type":"Feature","geometry":{"type":"Point","coordinates":[-94.8448,45.9792]},"properties":{"name":"Valley View Of Long Prairie In","facility":"ASSISTED LIVING","city":"LONG PRAIRIE","region":"MN","country":"US","population":null,"tier":"standard","source":"HIFLD Open NursingHomes"}},{"type":"Feature","geometry":{"type":"Point","coordinates":[-94.4731,45.7288]},"properties":{"name":"Covered Bridge","facility":"ASSISTED LIVING","city":"HOLDINGFORD","region":"MN","country":"US","population":null,"tier":"standard","source":"HIFLD Open NursingHomes"}},{"type":"Feature","geometry":{"type":"Point","coordinates":[-94.7526,45.6315000000001]},"properties":{"name":"Tree Of Life Assisted Living","facility":"ASSISTED LIVING","city":"NEW MUNICH","region":"MN","country":"US","population":null,"tier":"standard","source":"HIFLD Open NursingHomes"}},{"type":"Feature","geometry":{"type":"Point","coordinates":[-94.7136,45.3803]},"properties":{"name":"Washburne Court","facility":"ASSISTED LIVING","city":"PAYNESVILLE","region":"MN","country":"US","population":null,"tier":"standard","source":"HIFLD Open NursingHomes"}},{"type":"Feature","geometry":{"type":"Point","coordinates":[-95.1616999999999,45.869]},"properties":{"name":"West View Assisted Living Apar","facility":"ASSISTED LIVING","city":"OSAKIS","region":"MN","country":"US","population":null,"tier":"standard","source":"HIFLD Open NursingHomes"}},{"type":"Feature","geometry":{"type":"Point","coordinates":[-145.7508,60.5412000000001]},"properties":{"name":"Cordova Community Medical Center Ltc","facility":"NURSING HOME","city":"CORDOVA","region":"AK","country":"US","population":10,"tier":"major","source":"HIFLD Open NursingHomes"}},{"type":"Feature","geometry":{"type":"Point","coordinates":[-147.7394,64.8317000000001]},"properties":{"name":"Denali Center Ltc","facility":"NURSING HOME","city":"FAIRBANKS","region":"AK","country":"US","population":90,"tier":"major","source":"HIFLD Open NursingHomes"}},{"type":"Feature","geometry":{"type":"Point","coordinates":[-151.0824,60.4937000000001]},"properties":{"name":"Heritage Place","facility":"NURSING HOME","city":"SOLDOTNA","region":"AK","country":"US","population":60,"tier":"major","source":"HIFLD Open NursingHomes"}},{"type":"Feature","geometry":{"type":"Point","coordinates":[-149.1462,61.5967000000001]},"properties":{"name":"Maple Springs Of Palmer","facility":"NURSING HOME","city":"PALMER","region":"AK","country":"US","population":67,"tier":"major","source":"HIFLD Open NursingHomes"}},{"type":"Feature","geometry":{"type":"Point","coordinates":[-149.3667,61.5916]},"properties":{"name":"Maple Springs Of Wasilla","facility":"NURSING HOME","city":"WASILLA","region":"AK","country":"US","population":67,"tier":"major","source":"HIFLD Open NursingHomes"}},{"type":"Feature","geometry":{"type":"Point","coordinates":[-149.7156,61.2257000000001]},"properties":{"name":"Prestige Care & Rehabilitation Center Of Anchorage","facility":"NURSING HOME","city":"ANCHORAGE","region":"AK","country":"US","population":102,"tier":"major","source":"HIFLD Open NursingHomes"}},{"type":"Feature","geometry":{"type":"Point","coordinates":[-149.7769,61.2124000000001]},"properties":{"name":"Providence Extended Care","facility":"NURSING HOME","city":"ANCHORAGE","region":"AK","country":"US","population":96,"tier":"major","source":"HIFLD Open NursingHomes"}},{"type":"Feature","geometry":{"type":"Point","coordinates":[-152.3756,57.8009000000001]},"properties":{"name":"Providence Kodiak Chiniak Bay Elder House","facility":"NURSING HOME","city":"KODIAK","region":"AK","country":"US","population":22,"tier":"major","source":"HIFLD Open NursingHomes"}},{"type":"Feature","geometry":{"type":"Point","coordinates":[-149.4435,60.1318000000001]},"properties":{"name":"Providence Seward Mt. Haven","facility":"NURSING HOME","city":"SEWARD","region":"AK","country":"US","population":40,"tier":"major","source":"HIFLD Open NursingHomes"}},{"type":"Feature","geometry":{"type":"Point","coordinates":[-149.7758,61.2125]},"properties":{"name":"Providence Transitional Care Center","facility":"NURSING HOME","city":"ANCHORAGE","region":"AK","country":"US","population":50,"tier":"major","source":"HIFLD Open NursingHomes"}},{"type":"Feature","geometry":{"type":"Point","coordinates":[-146.3459,61.1365000000001]},"properties":{"name":"Providence Valdez Medical Center Ltc","facility":"NURSING HOME","city":"VALDEZ","region":"AK","country":"US","population":10,"tier":"major","source":"HIFLD Open NursingHomes"}},{"type":"Feature","geometry":{"type":"Point","coordinates":[-151.5501,59.6526000000001]},"properties":{"name":"South Peninsula Hospital Ltc","facility":"NURSING HOME","city":"HOMER","region":"AK","country":"US","population":28,"tier":"major","source":"HIFLD Open NursingHomes"}},{"type":"Feature","geometry":{"type":"Point","coordinates":[-162.5893,66.8953000000001]},"properties":{"name":"Utuqqanaat Inaat","facility":"NURSING HOME","city":"KOTZEBUE","region":"AK","country":"US","population":18,"tier":"major","source":"HIFLD Open NursingHomes"}},{"type":"Feature","geometry":{"type":"Point","coordinates":[-134.4633,58.3291]},"properties":{"name":"Wildflower Court","facility":"NURSING HOME","city":"JUNEAU","region":"AK","country":"US","population":61,"tier":"major","source":"HIFLD Open NursingHomes"}},{"type":"Feature","geometry":{"type":"Point","coordinates":[-132.3759,56.4718]},"properties":{"name":"Wrangell Medical Center (Searhc)","facility":"NURSING HOME","city":"WRANGELL","region":"AK","country":"US","population":14,"tier":"major","source":"HIFLD Open NursingHomes"}},{"type":"Feature","geometry":{"type":"Point","coordinates":[-161.8153,60.7880000000001]},"properties":{"name":"Yukon Kuskokwim Elder's Home","facility":"NURSING HOME","city":"BETHEL","region":"AK","country":"US","population":18,"tier":"major","source":"HIFLD Open NursingHomes"}},{"type":"Feature","geometry":{"type":"Point","coordinates":[-149.3973,61.5985000000001]},"properties":{"name":"A Fine Place II","facility":"ASSISTED LIVING","city":"WASILLA","region":"AK","country":"US","population":2,"tier":"standard","source":"HIFLD Open NursingHomes"}},{"type":"Feature","geometry":{"type":"Point","coordinates":[-149.8288,61.1630000000001]},"properties":{"name":"A Legacy Home","facility":"ASSISTED LIVING","city":"ANCHORAGE","region":"AK","country":"US","population":2,"tier":"standard","source":"HIFLD Open NursingHomes"}},{"type":"Feature","geometry":{"type":"Point","coordinates":[-149.3243,61.5636000000001]},"properties":{"name":"Abby Assisted Living Home","facility":"ASSISTED LIVING","city":"WASILLA","region":"AK","country":"US","population":2,"tier":"standard","source":"HIFLD Open NursingHomes"}},{"type":"Feature","geometry":{"type":"Point","coordinates":[-149.87,61.1032000000001]},"properties":{"name":"Affinity Alaska","facility":"ASSISTED LIVING","city":"ANCHORAGE","region":"AK","country":"US","population":2,"tier":"standard","source":"HIFLD Open NursingHomes"}},{"type":"Feature","geometry":{"type":"Point","coordinates":[-149.7764,61.2182000000001]},"properties":{"name":"Agape Living II","facility":"ASSISTED LIVING","city":"ANCHORAGE","region":"AK","country":"US","population":2,"tier":"standard","source":"HIFLD Open NursingHomes"}},{"type":"Feature","geometry":{"type":"Point","coordinates":[-149.7536,61.2055]},"properties":{"name":"Alaskan Red Assisted Living","facility":"ASSISTED LIVING","city":"ANCHORAGE","region":"AK","country":"US","population":2,"tier":"standard","source":"HIFLD Open NursingHomes"}},{"type":"Feature","geometry":{"type":"Point","coordinates":[-149.9582,61.1886]},"properties":{"name":"Amc Homecare","facility":"ASSISTED LIVING","city":"ANCHORAGE","region":"AK","country":"US","population":2,"tier":"standard","source":"HIFLD Open NursingHomes"}},{"type":"Feature","geometry":{"type":"Point","coordinates":[-149.8168,61.2059]},"properties":{"name":"Angel's Love Assisted Living Home","facility":"ASSISTED LIVING","city":"ANCHORAGE","region":"AK","country":"US","population":1,"tier":"standard","source":"HIFLD Open NursingHomes"}},{"type":"Feature","geometry":{"type":"Point","coordinates":[-149.7572,61.2177]},"properties":{"name":"Arctic Star Assisted Living Home","facility":"ASSISTED LIVING","city":"ANCHORAGE","region":"AK","country":"US","population":2,"tier":"standard","source":"HIFLD Open NursingHomes"}},{"type":"Feature","geometry":{"type":"Point","coordinates":[-149.4411,61.5809]},"properties":{"name":"Aumavae Cares","facility":"ASSISTED LIVING","city":"WASILLA","region":"AK","country":"US","population":2,"tier":"standard","source":"HIFLD Open NursingHomes"}},{"type":"Feature","geometry":{"type":"Point","coordinates":[-151.1777,60.4866000000001]},"properties":{"name":"Barcus Family Home","facility":"ASSISTED LIVING","city":"SOLDOTNA","region":"AK","country":"US","population":1,"tier":"standard","source":"HIFLD Open NursingHomes"}},{"type":"Feature","geometry":{"type":"Point","coordinates":[-149.3728,60.1867]},"properties":{"name":"Bear Lake Assisted Living Home","facility":"ASSISTED LIVING","city":"SEWARD","region":"AK","country":"US","population":4,"tier":"standard","source":"HIFLD Open NursingHomes"}},{"type":"Feature","geometry":{"type":"Point","coordinates":[-149.9434,61.1436]},"properties":{"name":"Blue Horizon Assisted Living Home","facility":"ASSISTED LIVING","city":"ANCHORAGE","region":"AK","country":"US","population":2,"tier":"standard","source":"HIFLD Open NursingHomes"}},{"type":"Feature","geometry":{"type":"Point","coordinates":[-149.9534,61.1259000000001]},"properties":{"name":"Burke's Assisted Living Home","facility":"ASSISTED LIVING","city":"ANCHORAGE","region":"AK","country":"US","population":2,"tier":"standard","source":"HIFLD Open NursingHomes"}},{"type":"Feature","geometry":{"type":"Point","coordinates":[-149.7912,61.2010000000001]},"properties":{"name":"Carbon Assisted Living","facility":"ASSISTED LIVING","city":"ANCHORAGE","region":"AK","country":"US","population":2,"tier":"standard","source":"HIFLD Open NursingHomes"}},{"type":"Feature","geometry":{"type":"Point","coordinates":[-149.7522,61.1966000000001]},"properties":{"name":"Casa Bella Assisted Living Home","facility":"ASSISTED LIVING","city":"ANCHORAGE","region":"AK","country":"US","population":2,"tier":"standard","source":"HIFLD Open NursingHomes"}},{"type":"Feature","geometry":{"type":"Point","coordinates":[-149.8451,61.1309]},"properties":{"name":"Charlena Angel Assisted Living Home","facility":"ASSISTED LIVING","city":"ANCHORAGE","region":"AK","country":"US","population":2,"tier":"standard","source":"HIFLD Open NursingHomes"}},{"type":"Feature","geometry":{"type":"Point","coordinates":[-149.9875,61.1434]},"properties":{"name":"Cindy And Vic's Kincaid Cottage","facility":"ASSISTED LIVING","city":"ANCHORAGE","region":"AK","country":"US","population":2,"tier":"standard","source":"HIFLD Open NursingHomes"}},{"type":"Feature","geometry":{"type":"Point","coordinates":[-149.8488,61.1829000000001]},"properties":{"name":"Dabakh Assisted Living Home II","facility":"ASSISTED LIVING","city":"ANCHORAGE","region":"AK","country":"US","population":2,"tier":"standard","source":"HIFLD Open NursingHomes"}},{"type":"Feature","geometry":{"type":"Point","coordinates":[-149.7385,61.2216000000001]},"properties":{"name":"Darboe's Assisted Living Home","facility":"ASSISTED LIVING","city":"ANCHORAGE","region":"AK","country":"US","population":2,"tier":"standard","source":"HIFLD Open NursingHomes"}},{"type":"Feature","geometry":{"type":"Point","coordinates":[-149.9476,61.1432]},"properties":{"name":"Destiny Home Care","facility":"ASSISTED LIVING","city":"ANCHORAGE","region":"AK","country":"US","population":2,"tier":"standard","source":"HIFLD Open NursingHomes"}},{"type":"Feature","geometry":{"type":"Point","coordinates":[-149.8551,61.2112000000001]},"properties":{"name":"Dp Assisted Living Home","facility":"ASSISTED LIVING","city":"ANCHORAGE","region":"AK","country":"US","population":1,"tier":"standard","source":"HIFLD Open NursingHomes"}},{"type":"Feature","geometry":{"type":"Point","coordinates":[-149.4268,61.6509]},"properties":{"name":"Emerald Inn","facility":"ASSISTED LIVING","city":"WASILLA","region":"AK","country":"US","population":3,"tier":"standard","source":"HIFLD Open NursingHomes"}},{"type":"Feature","geometry":{"type":"Point","coordinates":[-149.9532,61.1948]},"properties":{"name":"Entire Care.","facility":"ASSISTED LIVING","city":"ANCHORAGE","region":"AK","country":"US","population":2,"tier":"standard","source":"HIFLD Open NursingHomes"}},{"type":"Feature","geometry":{"type":"Point","coordinates":[-149.8686,61.1589000000001]},"properties":{"name":"Extended Family Alaska, Care","facility":"ASSISTED LIVING","city":"ANCHORAGE","region":"AK","country":"US","population":2,"tier":"standard","source":"HIFLD Open NursingHomes"}},{"type":"Feature","geometry":{"type":"Point","coordinates":[-149.4393,61.5816]},"properties":{"name":"Forget Me Not Care Home","facility":"ASSISTED LIVING","city":"WASILLA","region":"AK","country":"US","population":4,"tier":"standard","source":"HIFLD Open NursingHomes"}},{"type":"Feature","geometry":{"type":"Point","coordinates":[-149.43,61.6100000000001]},"properties":{"name":"Forget Me Not Homes","facility":"ASSISTED LIVING","city":"WASILLA","region":"AK","country":"US","population":3,"tier":"standard","source":"HIFLD Open NursingHomes"}},{"type":"Feature","geometry":{"type":"Point","coordinates":[-152.5988,57.6939]},"properties":{"name":"Full Life Assisted Living & Group Home","facility":"ASSISTED LIVING","city":"KODIAK","region":"AK","country":"US","population":2,"tier":"standard","source":"HIFLD Open NursingHomes"}},{"type":"Feature","geometry":{"type":"Point","coordinates":[-149.5526,61.5387000000001]},"properties":{"name":"Gentle Hands Care","facility":"ASSISTED LIVING","city":"WASILLA","region":"AK","country":"US","population":4,"tier":"standard","source":"HIFLD Open NursingHomes"}},{"type":"Feature","geometry":{"type":"Point","coordinates":[-149.9429,61.1630000000001]},"properties":{"name":"Gr Home","facility":"ASSISTED LIVING","city":"ANCHORAGE","region":"AK","country":"US","population":2,"tier":"standard","source":"HIFLD Open NursingHomes"}},{"type":"Feature","geometry":{"type":"Point","coordinates":[-149.4465,61.5866]},"properties":{"name":"Happy Haven 1 ALH","facility":"ASSISTED LIVING","city":"WASILLA","region":"AK","country":"US","population":4,"tier":"standard","source":"HIFLD Open NursingHomes"}},{"type":"Feature","geometry":{"type":"Point","coordinates":[-149.9131,61.1356000000001]},"properties":{"name":"Hearts And Hands Of Care VII","facility":"ASSISTED LIVING","city":"ANCHORAGE","region":"AK","country":"US","population":4,"tier":"standard","source":"HIFLD Open NursingHomes"}},{"type":"Feature","geometry":{"type":"Point","coordinates":[-149.2823,61.6205]},"properties":{"name":"Hearts And Hands Of Care VIII - Salmon House","facility":"ASSISTED LIVING","city":"WASILLA","region":"AK","country":"US","population":4,"tier":"standard","source":"HIFLD Open NursingHomes"}},{"type":"Feature","geometry":{"type":"Point","coordinates":[-147.7242,64.8308000000001]},"properties":{"name":"Horizon Assisted Living Of Fairbanks II","facility":"ASSISTED LIVING","city":"FAIRBANKS","region":"AK","country":"US","population":2,"tier":"standard","source":"HIFLD Open NursingHomes"}},{"type":"Feature","geometry":{"type":"Point","coordinates":[-149.8398,61.1936]},"properties":{"name":"In His Image","facility":"ASSISTED LIVING","city":"ANCHORAGE","region":"AK","country":"US","population":4,"tier":"standard","source":"HIFLD Open NursingHomes"}},{"type":"Feature","geometry":{"type":"Point","coordinates":[-147.6906,64.8479]},"properties":{"name":"Jones ALH","facility":"ASSISTED LIVING","city":"FAIRBANKS","region":"AK","country":"US","population":2,"tier":"standard","source":"HIFLD Open NursingHomes"}},{"type":"Feature","geometry":{"type":"Point","coordinates":[-149.8514,61.1872000000001]},"properties":{"name":"Karibu Home","facility":"ASSISTED LIVING","city":"ANCHORAGE","region":"AK","country":"US","population":2,"tier":"standard","source":"HIFLD Open NursingHomes"}},{"type":"Feature","geometry":{"type":"Point","coordinates":[-147.6866,64.8478000000001]},"properties":{"name":"Living Legacies","facility":"ASSISTED LIVING","city":"FAIRBANKS","region":"AK","country":"US","population":2,"tier":"standard","source":"HIFLD Open NursingHomes"}},{"type":"Feature","geometry":{"type":"Point","coordinates":[-149.829,61.1446000000001]},"properties":{"name":"Marie Langley Assisted Living Home","facility":"ASSISTED LIVING","city":"ANCHORAGE","region":"AK","country":"US","population":2,"tier":"standard","source":"HIFLD Open NursingHomes"}},{"type":"Feature","geometry":{"type":"Point","coordinates":[-149.4915,61.5874]},"properties":{"name":"Melanie's Place Unit A","facility":"ASSISTED LIVING","city":"WASILLA","region":"AK","country":"US","population":3,"tier":"standard","source":"HIFLD Open NursingHomes"}},{"type":"Feature","geometry":{"type":"Point","coordinates":[-149.9653,62.1055000000001]},"properties":{"name":"Montana Creek Assisted Living Home","facility":"ASSISTED LIVING","city":"TALKEETNA","region":"AK","country":"US","population":3,"tier":"standard","source":"HIFLD Open NursingHomes"}},{"type":"Feature","geometry":{"type":"Point","coordinates":[-147.5938,64.8982]},"properties":{"name":"Mount Vista Assisted Living Home","facility":"ASSISTED LIVING","city":"FAIRBANKS","region":"AK","country":"US","population":1,"tier":"standard","source":"HIFLD Open NursingHomes"}},{"type":"Feature","geometry":{"type":"Point","coordinates":[-149.5246,61.5565]},"properties":{"name":"Mssca - Big Mack (Formerly Soaring Crane)","facility":"ASSISTED LIVING","city":"WASILLA","region":"AK","country":"US","population":3,"tier":"standard","source":"HIFLD Open NursingHomes"}},{"type":"Feature","geometry":{"type":"Point","coordinates":[-149.7428,61.1985000000001]},"properties":{"name":"Ohana Assisted Living Home","facility":"ASSISTED LIVING","city":"ANCHORAGE","region":"AK","country":"US","population":2,"tier":"standard","source":"HIFLD Open NursingHomes"}},{"type":"Feature","geometry":{"type":"Point","coordinates":[-149.8614,61.1863000000001]},"properties":{"name":"Open Arms Assisted Living","facility":"ASSISTED LIVING","city":"ANCHORAGE","region":"AK","country":"US","population":2,"tier":"standard","source":"HIFLD Open NursingHomes"}},{"type":"Feature","geometry":{"type":"Point","coordinates":[-149.7983,61.2171000000001]},"properties":{"name":"Reflection Home Care","facility":"ASSISTED LIVING","city":"ANCHORAGE","region":"AK","country":"US","population":2,"tier":"standard","source":"HIFLD Open NursingHomes"}},{"type":"Feature","geometry":{"type":"Point","coordinates":[-149.7206,61.1894]},"properties":{"name":"Safe Haven Assisted Living Home","facility":"ASSISTED LIVING","city":"ANCHORAGE","region":"AK","country":"US","population":2,"tier":"standard","source":"HIFLD Open NursingHomes"}},{"type":"Feature","geometry":{"type":"Point","coordinates":[-149.7544,61.1957]},"properties":{"name":"Saint Pio Assisted Living Home 2","facility":"ASSISTED LIVING","city":"ANCHORAGE","region":"AK","country":"US","population":2,"tier":"standard","source":"HIFLD Open NursingHomes"}},{"type":"Feature","geometry":{"type":"Point","coordinates":[-149.8783,61.179]},"properties":{"name":"Silver Lining ALH.","facility":"ASSISTED LIVING","city":"ANCHORAGE","region":"AK","country":"US","population":2,"tier":"standard","source":"HIFLD Open NursingHomes"}},{"type":"Feature","geometry":{"type":"Point","coordinates":[-151.4834,59.6769]},"properties":{"name":"Skyline Assisted Living Home","facility":"ASSISTED LIVING","city":"HOMER","region":"AK","country":"US","population":4,"tier":"standard","source":"HIFLD Open NursingHomes"}},{"type":"Feature","geometry":{"type":"Point","coordinates":[-149.8388,61.095]},"properties":{"name":"St. Joseph Assisted Living","facility":"ASSISTED LIVING","city":"ANCHORAGE","region":"AK","country":"US","population":2,"tier":"standard","source":"HIFLD Open NursingHomes"}},{"type":"Feature","geometry":{"type":"Point","coordinates":[-149.893,61.1497]},"properties":{"name":"Tender Hearts Assisted Living","facility":"ASSISTED LIVING","city":"ANCHORAGE","region":"AK","country":"US","population":2,"tier":"standard","source":"HIFLD Open NursingHomes"}},{"type":"Feature","geometry":{"type":"Point","coordinates":[-149.7405,61.2207000000001]},"properties":{"name":"The Anchor ALH","facility":"ASSISTED LIVING","city":"ANCHORAGE","region":"AK","country":"US","population":2,"tier":"standard","source":"HIFLD Open NursingHomes"}},{"type":"Feature","geometry":{"type":"Point","coordinates":[-149.7375,61.1907000000001]},"properties":{"name":"The Joy Of Living","facility":"ASSISTED LIVING","city":"ANCHORAGE","region":"AK","country":"US","population":2,"tier":"standard","source":"HIFLD Open NursingHomes"}},{"type":"Feature","geometry":{"type":"Point","coordinates":[-149.8134,61.2292]},"properties":{"name":"Treasures Angels 2","facility":"ASSISTED LIVING","city":"ANCHORAGE","region":"AK","country":"US","population":2,"tier":"standard","source":"HIFLD Open NursingHomes"}},{"type":"Feature","geometry":{"type":"Point","coordinates":[-67.95,47.1759000000001]},"properties":{"name":"Parent Waiver Home","facility":"NURSING HOME","city":"VAN BUREN","region":"ME","country":"US","population":null,"tier":"major","source":"HIFLD Open NursingHomes"}},{"type":"Feature","geometry":{"type":"Point","coordinates":[-67.9501999999999,47.1753]},"properties":{"name":"St. Jude's Foster Home","facility":"NURSING HOME","city":"VAN BUREN","region":"ME","country":"US","population":null,"tier":"major","source":"HIFLD Open NursingHomes"}},{"type":"Feature","geometry":{"type":"Point","coordinates":[-67.9396,47.1648000000001]},"properties":{"name":"Tammy's Foster Home","facility":"NURSING HOME","city":"VAN BUREN","region":"ME","country":"US","population":null,"tier":"major","source":"HIFLD Open NursingHomes"}},{"type":"Feature","geometry":{"type":"Point","coordinates":[-94.3628,45.9656000000001]},"properties":{"name":"Franciscan Sisters Of Little F","facility":"ASSISTED LIVING","city":"LITTLE FALLS","region":"MN","country":"US","population":37,"tier":"standard","source":"HIFLD Open NursingHomes"}},{"type":"Feature","geometry":{"type":"Point","coordinates":[-94.2791999999999,45.8306000000001]},"properties":{"name":"Riverside Assisted Living","facility":"ASSISTED LIVING","city":"ROYALTON","region":"MN","country":"US","population":15,"tier":"standard","source":"HIFLD Open NursingHomes"}},{"type":"Feature","geometry":{"type":"Point","coordinates":[-67.9460999999999,47.1732000000001]},"properties":{"name":"S & S Foster Home","facility":"NURSING HOME","city":"VAN BUREN","region":"ME","country":"US","population":null,"tier":"major","source":"HIFLD Open NursingHomes"}},{"type":"Feature","geometry":{"type":"Point","coordinates":[-84.4937,43.9768]},"properties":{"name":"Midmichigan Gladwin Pines Nursing Home","facility":"NOT AVAILABLE","city":"GLADWIN","region":"MI","country":"US","population":null,"tier":"standard","source":"HIFLD Open NursingHomes"}},{"type":"Feature","geometry":{"type":"Point","coordinates":[-94.7157,45.3745000000001]},"properties":{"name":"Paynesville Health Care Center","facility":"NURSING HOME","city":"PAYNESVILLE","region":"MN","country":"US","population":0,"tier":"major","source":"HIFLD Open NursingHomes"}},{"type":"Feature","geometry":{"type":"Point","coordinates":[-94.8432,45.9712000000001]},"properties":{"name":"Centracare- Lp Meadow Place","facility":"ASSISTED LIVING","city":"LONG PRAIRIE","region":"MN","country":"US","population":40,"tier":"standard","source":"HIFLD Open NursingHomes"}},{"type":"Feature","geometry":{"type":"Point","coordinates":[-94.5313,45.4564]},"properties":{"name":"Cherrywood Of Richmond","facility":"ASSISTED LIVING","city":"RICHMOND","region":"MN","country":"US","population":20,"tier":"standard","source":"HIFLD Open NursingHomes"}},{"type":"Feature","geometry":{"type":"Point","coordinates":[-94.9513,45.7496]},"properties":{"name":"Fairway Pines Senior Living","facility":"ASSISTED LIVING","city":"SAUK CENTRE","region":"MN","country":"US","population":58,"tier":"standard","source":"HIFLD Open NursingHomes"}},{"type":"Feature","geometry":{"type":"Point","coordinates":[-95.3554999999999,45.8509000000001]},"properties":{"name":"Grand Arbor","facility":"ASSISTED LIVING","city":"ALEXANDRIA","region":"MN","country":"US","population":275,"tier":"standard","source":"HIFLD Open NursingHomes"}},{"type":"Feature","geometry":{"type":"Point","coordinates":[-94.347,45.9772]},"properties":{"name":"Highland Senior Living","facility":"ASSISTED LIVING","city":"LITTLE FALLS","region":"MN","country":"US","population":69,"tier":"standard","source":"HIFLD Open NursingHomes"}},{"type":"Feature","geometry":{"type":"Point","coordinates":[-94.4833,45.6132000000001]},"properties":{"name":"Serenity Village","facility":"ASSISTED LIVING","city":"AVON","region":"MN","country":"US","population":25,"tier":"standard","source":"HIFLD Open NursingHomes"}},{"type":"Feature","geometry":{"type":"Point","coordinates":[-122.86411799999999,49.177417999999996]},"properties":{"name":"Kimbelee Place","facility":"Nursing and residential care facilities","city":"surrey","region":"bc","country":"CA","population":null,"tier":"major","source":"ODHF"}},{"type":"Feature","geometry":{"type":"Point","coordinates":[-115.9896466,49.6899979]},"properties":{"name":"Kimberley Special Care Home","facility":"Nursing and residential care facilities","city":"kimberley","region":"bc","country":"CA","population":null,"tier":"major","source":"ODHF"}},{"type":"Feature","geometry":{"type":"Point","coordinates":[-123.08704479999999,49.2483529]},"properties":{"name":"King Edward House","facility":"Nursing and residential care facilities","city":"vancouver","region":"bc","country":"CA","population":null,"tier":"major","source":"ODHF"}},{"type":"Feature","geometry":{"type":"Point","coordinates":[-119.2445371,50.2761527]},"properties":{"name":"Kingfisher Place","facility":"Nursing and residential care facilities","city":"vernon","region":"bc","country":"CA","population":null,"tier":"major","source":"ODHF"}},{"type":"Feature","geometry":{"type":"Point","coordinates":[-122.76725400000001,49.157599]},"properties":{"name":"Kings House","facility":"Nursing and residential care facilities","city":"surrey","region":"bc","country":"CA","population":null,"tier":"major","source":"ODHF"}},{"type":"Feature","geometry":{"type":"Point","coordinates":[-122.84179950000001,49.1777346]},"properties":{"name":"Kinsmen Lodge","facility":"Nursing and residential care facilities","city":"surrey","region":"bc","country":"CA","population":null,"tier":"major","source":"ODHF"}},{"type":"Feature","geometry":{"type":"Point","coordinates":[-123.07364799999999,49.0214852]},"properties":{"name":"Kinvillage","facility":"Nursing and residential care facilities","city":"delta","region":"bc","country":"CA","population":null,"tier":"major","source":"ODHF"}},{"type":"Feature","geometry":{"type":"Point","coordinates":[-122.91508780000001,49.223211799999994]},"properties":{"name":"Kiwanis Care Centre","facility":"Nursing and residential care facilities","city":"new westminster","region":"bc","country":"CA","population":null,"tier":"major","source":"ODHF"}},{"type":"Feature","geometry":{"type":"Point","coordinates":[-123.96893,49.186109]},"properties":{"name":"Kiwanis Village Lodge","facility":"Nursing and residential care facilities","city":"nanaimo","region":"bc","country":"CA","population":null,"tier":"major","source":"ODHF"}},{"type":"Feature","geometry":{"type":"Point","coordinates":[-120.3104439,50.603466999999995]},"properties":{"name":"Knutsford Group Home","facility":"Nursing and residential care facilities","city":"knutsford","region":"bc","country":"CA","population":null,"tier":"major","source":"ODHF"}},{"type":"Feature","geometry":{"type":"Point","coordinates":[-117.6630835,49.3279645]},"properties":{"name":"Kootenay Columbia House","facility":"Nursing and residential care facilities","city":"castlegar","region":"bc","country":"CA","population":null,"tier":"major","source":"ODHF"}},{"type":"Feature","geometry":{"type":"Point","coordinates":[-115.75853799999999,49.518325899999994]},"properties":{"name":"Kootenay Street Village","facility":"Nursing and residential care facilities","city":"cranbrook","region":"bc","country":"CA","population":null,"tier":"major","source":"ODHF"}},{"type":"Feature","geometry":{"type":"Point","coordinates":[-123.039,49.21522]},"properties":{"name":"Kopernik Lodge","facility":"Nursing and residential care facilities","city":"vancouver","region":"bc","country":"CA","population":null,"tier":"major","source":"ODHF"}},{"type":"Feature","geometry":{"type":"Point","coordinates":[-123.07606990000001,49.099275]},"properties":{"name":"Ladner 1","facility":"Nursing and residential care facilities","city":"delta","region":"bc","country":"CA","population":null,"tier":"major","source":"ODHF"}},{"type":"Feature","geometry":{"type":"Point","coordinates":[-110.01916399999999,53.273049]},"properties":{"name":"Dr. Cooke Extended Care Centre","facility":"Nursing and residential care facilities","city":"lloydminster","region":"ab","country":"CA","population":null,"tier":"major","source":"ODHF"}},{"type":"Feature","geometry":{"type":"Point","coordinates":[-119.3984578,50.029143499999996]},"properties":{"name":"Lake Country Lodge","facility":"Nursing and residential care facilities","city":"lake country","region":"bc","country":"CA","population":null,"tier":"major","source":"ODHF"}},{"type":"Feature","geometry":{"type":"Point","coordinates":[-123.69181999999999,48.798968]},"properties":{"name":"Lakes Road Home","facility":"Nursing and residential care facilities","city":"duncan","region":"bc","country":"CA","population":null,"tier":"major","source":"ODHF"}},{"type":"Feature","geometry":{"type":"Point","coordinates":[-123.06048770000001,49.250461]},"properties":{"name":"Lakeside House","facility":"Nursing and residential care facilities","city":"vancouver","region":"bc","country":"CA","population":null,"tier":"major","source":"ODHF"}},{"type":"Feature","geometry":{"type":"Point","coordinates":[-119.62377690000001,49.83701729999999]},"properties":{"name":"Lakeview Lodge","facility":"Nursing and residential care facilities","city":"west kelowna","region":"bc","country":"CA","population":null,"tier":"major","source":"ODHF"}},{"type":"Feature","geometry":{"type":"Point","coordinates":[-119.2547159,50.2318418]},"properties":{"name":"Lamton Home","facility":"Nursing and residential care facilities","city":"coldstream","region":"bc","country":"CA","population":null,"tier":"major","source":"ODHF"}},{"type":"Feature","geometry":{"type":"Point","coordinates":[-123.41694,48.68585]},"properties":{"name":"Lands End Home","facility":"Nursing and residential care facilities","city":"north saanich","region":"bc","country":"CA","population":null,"tier":"major","source":"ODHF"}},{"type":"Feature","geometry":{"type":"Point","coordinates":[-122.66096909999999,49.1663494]},"properties":{"name":"Langley Gardens","facility":"Nursing and residential care facilities","city":"langley","region":"bc","country":"CA","population":null,"tier":"major","source":"ODHF"}},{"type":"Feature","geometry":{"type":"Point","coordinates":[-122.6573035,49.10156729999999]},"properties":{"name":"Langley Lodge","facility":"Nursing and residential care facilities","city":"langley","region":"bc","country":"CA","population":null,"tier":"major","source":"ODHF"}},{"type":"Feature","geometry":{"type":"Point","coordinates":[-123.16069440000001,49.1570209]},"properties":{"name":"Langton Road","facility":"Nursing and residential care facilities","city":"richmond","region":"bc","country":"CA","population":null,"tier":"major","source":"ODHF"}},{"type":"Feature","geometry":{"type":"Point","coordinates":[-124.9362404,49.7086633]},"properties":{"name":"Lannan Road Residence","facility":"Nursing and residential care facilities","city":"comox","region":"bc","country":"CA","population":null,"tier":"standard","source":"ODHF"}},{"type":"Feature","geometry":{"type":"Point","coordinates":[-122.7851203,49.277786]},"properties":{"name":"Larkin House","facility":"Nursing and residential care facilities","city":"port coquitlam","region":"bc","country":"CA","population":null,"tier":"major","source":"ODHF"}},{"type":"Feature","geometry":{"type":"Point","coordinates":[-122.75101969999999,49.2660077]},"properties":{"name":"Larkspur House","facility":"Nursing and residential care facilities","city":"port coquitlam","region":"bc","country":"CA","population":null,"tier":"major","source":"ODHF"}},{"type":"Feature","geometry":{"type":"Point","coordinates":[-122.9191564,49.207823499999996]},"properties":{"name":"Last Door Recovery Centre","facility":"Nursing and residential care facilities","city":"new westminster","region":"bc","country":"CA","population":null,"tier":"major","source":"ODHF"}},{"type":"Feature","geometry":{"type":"Point","coordinates":[-122.8417804,49.178418799999996]},"properties":{"name":"Laurel Place Care Centre","facility":"Nursing and residential care facilities","city":"surrey","region":"bc","country":"CA","population":null,"tier":"major","source":"ODHF"}},{"type":"Feature","geometry":{"type":"Point","coordinates":[-123.06893500000001,49.2121813]},"properties":{"name":"Leaside Place","facility":"Nursing and residential care facilities","city":"vancouver","region":"bc","country":"CA","population":null,"tier":"major","source":"ODHF"}},{"type":"Feature","geometry":{"type":"Point","coordinates":[-122.81031000000002,53.938607999999995]},"properties":{"name":"Leonard Place","facility":"Nursing and residential care facilities","city":"prince george","region":"bc","country":"CA","population":null,"tier":"major","source":"ODHF"}},{"type":"Feature","geometry":{"type":"Point","coordinates":[-123.39525479999999,48.4911471]},"properties":{"name":"Lindsay Home","facility":"Nursing and residential care facilities","city":"victoria","region":"bc","country":"CA","population":null,"tier":"major","source":"ODHF"}},{"type":"Feature","geometry":{"type":"Point","coordinates":[-122.79234,53.897987]},"properties":{"name":"Lisgar Residence","facility":"Nursing and residential care facilities","city":"prince george","region":"bc","country":"CA","population":null,"tier":"standard","source":"ODHF"}},{"type":"Feature","geometry":{"type":"Point","coordinates":[-124.33023,49.298621000000004]},"properties":{"name":"Little Mountain Manor, Inc.","facility":"Nursing and residential care facilities","city":"parksville","region":"bc","country":"CA","population":null,"tier":"major","source":"ODHF"}},{"type":"Feature","geometry":{"type":"Point","coordinates":[-123.09985320000001,49.2376636]},"properties":{"name":"Little Mountain Place","facility":"Nursing and residential care facilities","city":"vancouver","region":"bc","country":"CA","population":null,"tier":"major","source":"ODHF"}},{"type":"Feature","geometry":{"type":"Point","coordinates":[-123.1065884,49.34458729999999]},"properties":{"name":"Loraine Avenue","facility":"Nursing and residential care facilities","city":"north vancouver","region":"bc","country":"CA","population":null,"tier":"major","source":"ODHF"}},{"type":"Feature","geometry":{"type":"Point","coordinates":[-123.12899999999999,49.23448]},"properties":{"name":"Louis Brier Home","facility":"Nursing and residential care facilities","city":"vancouver","region":"bc","country":"CA","population":null,"tier":"major","source":"ODHF"}},{"type":"Feature","geometry":{"type":"Point","coordinates":[-123.37393600000001,48.477996999999995]},"properties":{"name":"Lucas Home","facility":"Nursing and residential care facilities","city":"victoria","region":"bc","country":"CA","population":null,"tier":"major","source":"ODHF"}},{"type":"Feature","geometry":{"type":"Point","coordinates":[-123.3364271,48.4619202]},"properties":{"name":"Luther Court","facility":"Nursing and residential care facilities","city":"victoria","region":"bc","country":"CA","population":null,"tier":"major","source":"ODHF"}},{"type":"Feature","geometry":{"type":"Point","coordinates":[-123.53415179999999,48.419041]},"properties":{"name":"Luxton Home","facility":"Nursing and residential care facilities","city":"victoria","region":"bc","country":"CA","population":null,"tier":"major","source":"ODHF"}},{"type":"Feature","geometry":{"type":"Point","coordinates":[-123.045,49.33396]},"properties":{"name":"Lynn Valley Care Centre","facility":"Nursing and residential care facilities","city":"north vancouver","region":"bc","country":"CA","population":null,"tier":"major","source":"ODHF"}},{"type":"Feature","geometry":{"type":"Point","coordinates":[-123.0310686,49.340396000000005]},"properties":{"name":"Lynn Valley House","facility":"Nursing and residential care facilities","city":"north vancouver","region":"bc","country":"CA","population":null,"tier":"major","source":"ODHF"}},{"type":"Feature","geometry":{"type":"Point","coordinates":[-119.34095400000001,50.6919774]},"properties":{"name":"Lynndale Lodge","facility":"Nursing and residential care facilities","city":"salmon arm","region":"bc","country":"CA","population":null,"tier":"major","source":"ODHF"}},{"type":"Feature","geometry":{"type":"Point","coordinates":[-122.3144389,49.047544200000004]},"properties":{"name":"m.s.a. Manor","facility":"Nursing and residential care facilities","city":"abbotsford","region":"bc","country":"CA","population":null,"tier":"major","source":"ODHF"}},{"type":"Feature","geometry":{"type":"Point","coordinates":[-123.03414199999999,49.342687100000006]},"properties":{"name":"Maginnis Avenue","facility":"Nursing and residential care facilities","city":"vancouver","region":"bc","country":"CA","population":null,"tier":"major","source":"ODHF"}},{"type":"Feature","geometry":{"type":"Point","coordinates":[-122.64946929999999,49.10824470000001]},"properties":{"name":"Magnolia Gardens","facility":"Nursing and residential care facilities","city":"langley","region":"bc","country":"CA","population":null,"tier":"major","source":"ODHF"}},{"type":"Feature","geometry":{"type":"Point","coordinates":[-123.05383859999999,49.3242484]},"properties":{"name":"Magnolia House","facility":"Nursing and residential care facilities","city":"north vancouver","region":"bc","country":"CA","population":null,"tier":"major","source":"ODHF"}},{"type":"Feature","geometry":{"type":"Point","coordinates":[-119.55524059999999,49.173072999999995]},"properties":{"name":"Main Street Home","facility":"Nursing and residential care facilities","city":"oliver","region":"bc","country":"CA","population":null,"tier":"major","source":"ODHF"}},{"type":"Feature","geometry":{"type":"Point","coordinates":[-123.41547879999999,48.624970899999994]},"properties":{"name":"Mainwaring","facility":"Nursing and residential care facilities","city":"north saanich","region":"bc","country":"CA","population":null,"tier":"major","source":"ODHF"}},{"type":"Feature","geometry":{"type":"Point","coordinates":[-124.9927014,49.678687700000005]},"properties":{"name":"Malaspina Residence","facility":"Nursing and residential care facilities","city":"courtenay","region":"bc","country":"CA","population":null,"tier":"standard","source":"ODHF"}},{"type":"Feature","geometry":{"type":"Point","coordinates":[-122.7578008,49.2680766]},"properties":{"name":"Manning House","facility":"Nursing and residential care facilities","city":"port coquitlam","region":"bc","country":"CA","population":null,"tier":"major","source":"ODHF"}},{"type":"Feature","geometry":{"type":"Point","coordinates":[-122.6608587,49.101831]},"properties":{"name":"Manoah Manor","facility":"Nursing and residential care facilities","city":"langley city","region":"bc","country":"CA","population":null,"tier":"major","source":"ODHF"}},{"type":"Feature","geometry":{"type":"Point","coordinates":[-122.57835520000002,49.224536900000004]},"properties":{"name":"Maple Ridge House","facility":"Nursing and residential care facilities","city":"maple ridge","region":"bc","country":"CA","population":null,"tier":"major","source":"ODHF"}},{"type":"Feature","geometry":{"type":"Point","coordinates":[-122.6084592,49.2193789]},"properties":{"name":"Maple Ridge Seniors Village","facility":"Nursing and residential care facilities","city":"maple ridge","region":"bc","country":"CA","population":null,"tier":"major","source":"ODHF"}},{"type":"Feature","geometry":{"type":"Point","coordinates":[-122.6051618,49.2137785]},"properties":{"name":"Maple Ridge Treatment Centre","facility":"Nursing and residential care facilities","city":"maple ridge","region":"bc","country":"CA","population":null,"tier":"major","source":"ODHF"}},{"type":"Feature","geometry":{"type":"Point","coordinates":[-124.8084067,49.2711362]},"properties":{"name":"Maple Street Residence","facility":"Nursing and residential care facilities","city":"port alberni","region":"bc","country":"CA","population":null,"tier":"standard","source":"ODHF"}},{"type":"Feature","geometry":{"type":"Point","coordinates":[-123.69351529999999,48.7770977]},"properties":{"name":"Marchmont House","facility":"Nursing and residential care facilities","city":"duncan","region":"bc","country":"CA","population":null,"tier":"major","source":"ODHF"}},{"type":"Feature","geometry":{"type":"Point","coordinates":[-123.72443,48.793073]},"properties":{"name":"Marchmont Place","facility":"Nursing and residential care facilities","city":"duncan","region":"bc","country":"CA","population":null,"tier":"major","source":"ODHF"}},{"type":"Feature","geometry":{"type":"Point","coordinates":[-123.45134070000002,48.5714564]},"properties":{"name":"Marin Park","facility":"Nursing and residential care facilities","city":"brentwood bay","region":"bc","country":"CA","population":null,"tier":"major","source":"ODHF"}},{"type":"Feature","geometry":{"type":"Point","coordinates":[-123.41418,48.478199]},"properties":{"name":"Mariposa","facility":"Nursing and residential care facilities","city":"victoria","region":"bc","country":"CA","population":null,"tier":"major","source":"ODHF"}},{"type":"Feature","geometry":{"type":"Point","coordinates":[-119.4391121,49.8590963]},"properties":{"name":"Mariposa Court","facility":"Nursing and residential care facilities","city":"kelowna","region":"bc","country":"CA","population":null,"tier":"major","source":"ODHF"}},{"type":"Feature","geometry":{"type":"Point","coordinates":[-120.3374527,50.6588194]},"properties":{"name":"Marjorie Willoughby Snowden Memorial Hospice Home","facility":"Nursing and residential care facilities","city":"kamloops","region":"bc","country":"CA","population":null,"tier":"limited","source":"ODHF"}},{"type":"Feature","geometry":{"type":"Point","coordinates":[-115.7686075,49.524978600000004]},"properties":{"name":"Mary Basil House","facility":"Nursing and residential care facilities","city":"cranbrook","region":"bc","country":"CA","population":null,"tier":"major","source":"ODHF"}},{"type":"Feature","geometry":{"type":"Point","coordinates":[-123.4063757,48.6401829]},"properties":{"name":"Maryland House","facility":"Nursing and residential care facilities","city":"sidney","region":"bc","country":"CA","population":null,"tier":"major","source":"ODHF"}},{"type":"Feature","geometry":{"type":"Point","coordinates":[-124.00326000000001,49.185127]},"properties":{"name":"Maxey Road Home","facility":"Nursing and residential care facilities","city":"nanaimo","region":"bc","country":"CA","population":null,"tier":"major","source":"ODHF"}},{"type":"Feature","geometry":{"type":"Point","coordinates":[-123.09700000000001,49.28324]},"properties":{"name":"May's Place","facility":"Nursing and residential care facilities","city":"vancouver","region":"bc","country":"CA","population":null,"tier":"major","source":"ODHF"}},{"type":"Feature","geometry":{"type":"Point","coordinates":[-120.34820570000001,50.7625069]},"properties":{"name":"Mcarthur Home","facility":"Nursing and residential care facilities","city":"kamloops","region":"bc","country":"CA","population":null,"tier":"major","source":"ODHF"}},{"type":"Feature","geometry":{"type":"Point","coordinates":[-120.4107315,50.70294570000001]},"properties":{"name":"Mcbride Place","facility":"Nursing and residential care facilities","city":"kamloops","region":"bc","country":"CA","population":null,"tier":"major","source":"ODHF"}},{"type":"Feature","geometry":{"type":"Point","coordinates":[-119.3486466,49.83961179999999]},"properties":{"name":"Mcculloch Residence","facility":"Nursing and residential care facilities","city":"kelowna","region":"bc","country":"CA","population":null,"tier":"standard","source":"ODHF"}},{"type":"Feature","geometry":{"type":"Point","coordinates":[-123.3554095,48.415158899999994]},"properties":{"name":"Mckenzie Home","facility":"Nursing and residential care facilities","city":"victoria","region":"bc","country":"CA","population":null,"tier":"major","source":"ODHF"}},{"type":"Feature","geometry":{"type":"Point","coordinates":[-117.267255,49.508589]},"properties":{"name":"Mckim Cottage","facility":"Nursing and residential care facilities","city":"nelson","region":"bc","country":"CA","population":null,"tier":"major","source":"ODHF"}},{"type":"Feature","geometry":{"type":"Point","coordinates":[-124.9852203,49.7107401]},"properties":{"name":"Mcqueen House","facility":"Nursing and residential care facilities","city":"courtenay","region":"bc","country":"CA","population":null,"tier":"major","source":"ODHF"}},{"type":"Feature","geometry":{"type":"Point","coordinates":[-122.63521499999999,49.2279307]},"properties":{"name":"Meadowbrook","facility":"Nursing and residential care facilities","city":"maple ridge","region":"bc","country":"CA","population":null,"tier":"major","source":"ODHF"}},{"type":"Feature","geometry":{"type":"Point","coordinates":[-123.76509709999999,49.4749989]},"properties":{"name":"Medusa Street Residence","facility":"Nursing and residential care facilities","city":"sechelt","region":"bc","country":"CA","population":null,"tier":"standard","source":"ODHF"}},{"type":"Feature","geometry":{"type":"Point","coordinates":[-123.1681564,49.270557000000004]},"properties":{"name":"Melody House","facility":"Nursing and residential care facilities","city":"vancouver","region":"bc","country":"CA","population":null,"tier":"major","source":"ODHF"}},{"type":"Feature","geometry":{"type":"Point","coordinates":[-122.8702195,49.250387200000006]},"properties":{"name":"Mentmore","facility":"Nursing and residential care facilities","city":"coquitlam","region":"bc","country":"CA","population":null,"tier":"major","source":"ODHF"}},{"type":"Feature","geometry":{"type":"Point","coordinates":[-119.237596,50.236328]},"properties":{"name":"Middleton House","facility":"Nursing and residential care facilities","city":"vernon","region":"bc","country":"CA","population":null,"tier":"major","source":"ODHF"}},{"type":"Feature","geometry":{"type":"Point","coordinates":[-125.235307,49.9676849]},"properties":{"name":"Milford","facility":"Nursing and residential care facilities","city":"campbell river","region":"bc","country":"CA","population":null,"tier":"major","source":"ODHF"}},{"type":"Feature","geometry":{"type":"Point","coordinates":[-123.1151772,49.139108]},"properties":{"name":"Milford Home","facility":"Nursing and residential care facilities","city":"richmond","region":"bc","country":"CA","population":null,"tier":"major","source":"ODHF"}},{"type":"Feature","geometry":{"type":"Point","coordinates":[-122.3077854,49.04811779999999]},"properties":{"name":"Mill Lake Residence","facility":"Nursing and residential care facilities","city":"abbotsford","region":"bc","country":"CA","population":null,"tier":"standard","source":"ODHF"}},{"type":"Feature","geometry":{"type":"Point","coordinates":[-122.93531599999999,49.220594]},"properties":{"name":"Millers Way","facility":"Nursing and residential care facilities","city":"burnaby","region":"bc","country":"CA","population":null,"tier":"major","source":"ODHF"}},{"type":"Feature","geometry":{"type":"Point","coordinates":[-123.39314650000001,48.448569]},"properties":{"name":"Millgrove Home","facility":"Nursing and residential care facilities","city":"victoria","region":"bc","country":"CA","population":null,"tier":"major","source":"ODHF"}},{"type":"Feature","geometry":{"type":"Point","coordinates":[-123.33049,48.46396]},"properties":{"name":"Mimi's House","facility":"Nursing and residential care facilities","city":"victoria","region":"bc","country":"CA","population":null,"tier":"major","source":"ODHF"}},{"type":"Feature","geometry":{"type":"Point","coordinates":[-123.41148999999999,48.467003999999996]},"properties":{"name":"Mina Care Home","facility":"Nursing and residential care facilities","city":"victoria","region":"bc","country":"CA","population":null,"tier":"major","source":"ODHF"}},{"type":"Feature","geometry":{"type":"Point","coordinates":[-123.15,49.16897]},"properties":{"name":"Minoru Residence","facility":"Nursing and residential care facilities","city":"richmond","region":"bc","country":"CA","population":null,"tier":"standard","source":"ODHF"}},{"type":"Feature","geometry":{"type":"Point","coordinates":[-119.4282439,49.8715375]},"properties":{"name":"Mission Creek Landing Ltd.","facility":"Nursing and residential care facilities","city":"kelowna","region":"bc","country":"CA","population":null,"tier":"major","source":"ODHF"}},{"type":"Feature","geometry":{"type":"Point","coordinates":[-118.9617267,50.2498936]},"properties":{"name":"Monashee Mews","facility":"Nursing and residential care facilities","city":"lumby","region":"bc","country":"CA","population":null,"tier":"major","source":"ODHF"}},{"type":"Feature","geometry":{"type":"Point","coordinates":[-122.8392463,49.2368532]},"properties":{"name":"Montgomery House","facility":"Nursing and residential care facilities","city":"coquitlam","region":"bc","country":"CA","population":null,"tier":"major","source":"ODHF"}},{"type":"Feature","geometry":{"type":"Point","coordinates":[-119.575713,49.481517]},"properties":{"name":"Moog and Friends Hospice House","facility":"Nursing and residential care facilities","city":"penticton","region":"bc","country":"CA","population":null,"tier":"limited","source":"ODHF"}},{"type":"Feature","geometry":{"type":"Point","coordinates":[-122.79006899999999,49.062332]},"properties":{"name":"Morgan Place","facility":"Nursing and residential care facilities","city":"surrey","region":"bc","country":"CA","population":null,"tier":"major","source":"ODHF"}},{"type":"Feature","geometry":{"type":"Point","coordinates":[-119.28418,50.696003000000005]},"properties":{"name":"Mount Ida Mews","facility":"Nursing and residential care facilities","city":"salmon arm","region":"bc","country":"CA","population":null,"tier":"major","source":"ODHF"}},{"type":"Feature","geometry":{"type":"Point","coordinates":[-116.02826270000001,50.507667]},"properties":{"name":"Mount Nelson Place","facility":"Nursing and residential care facilities","city":"invermere","region":"bc","country":"CA","population":null,"tier":"major","source":"ODHF"}},{"type":"Feature","geometry":{"type":"Point","coordinates":[-123.330454,48.459924]},"properties":{"name":"Mount Tolmie Hospital","facility":"Nursing and residential care facilities","city":"victoria","region":"bc","country":"CA","population":null,"tier":"major","source":"ODHF"}},{"type":"Feature","geometry":{"type":"Point","coordinates":[-117.265992,49.508215]},"properties":{"name":"Mountain Lake Seniors Community Ltd.","facility":"Nursing and residential care facilities","city":"nelson","region":"bc","country":"CA","population":null,"tier":"major","source":"ODHF"}},{"type":"Feature","geometry":{"type":"Point","coordinates":[-119.24244479999999,50.2325339]},"properties":{"name":"Mountain View","facility":"Nursing and residential care facilities","city":"vernon","region":"bc","country":"CA","population":null,"tier":"major","source":"ODHF"}},{"type":"Feature","geometry":{"type":"Point","coordinates":[-122.08145390000001,49.0955257]},"properties":{"name":"Mountain View Home","facility":"Nursing and residential care facilities","city":"abbotsford","region":"bc","country":"CA","population":null,"tier":"major","source":"ODHF"}},{"type":"Feature","geometry":{"type":"Point","coordinates":[-121.93896129999999,50.6892622]},"properties":{"name":"Mountain View Lodge","facility":"Nursing and residential care facilities","city":"lillooet","region":"bc","country":"CA","population":null,"tier":"major","source":"ODHF"}},{"type":"Feature","geometry":{"type":"Point","coordinates":[-128.65618,54.050267000000005]},"properties":{"name":"Mountain View Lodge Complex & Long Term Care Unit","facility":"Nursing and residential care facilities","city":"kitimat","region":"bc","country":"CA","population":null,"tier":"major","source":"ODHF"}},{"type":"Feature","geometry":{"type":"Point","coordinates":[-124.02689,49.206446]},"properties":{"name":"Mountainview Group Home","facility":"Nursing and residential care facilities","city":"nanaimo","region":"bc","country":"CA","population":null,"tier":"major","source":"ODHF"}},{"type":"Feature","geometry":{"type":"Point","coordinates":[-118.191795,50.977361]},"properties":{"name":"Mt. Cartier Court","facility":"Nursing and residential care facilities","city":"revelstoke","region":"bc","country":"CA","population":null,"tier":"major","source":"ODHF"}},{"type":"Feature","geometry":{"type":"Point","coordinates":[-119.28692279999999,50.2628808]},"properties":{"name":"Mulberry Place","facility":"Nursing and residential care facilities","city":"vernon","region":"bc","country":"CA","population":null,"tier":"major","source":"ODHF"}},{"type":"Feature","geometry":{"type":"Point","coordinates":[-122.8345635,49.2400763]},"properties":{"name":"Mundy Street Residence","facility":"Nursing and residential care facilities","city":"coquitlam","region":"bc","country":"CA","population":null,"tier":"standard","source":"ODHF"}},{"type":"Feature","geometry":{"type":"Point","coordinates":[-119.5904134,49.4684905]},"properties":{"name":"Murray House (p.d.s.c.l.)","facility":"Nursing and residential care facilities","city":"penticton","region":"bc","country":"CA","population":null,"tier":"major","source":"ODHF"}},{"type":"Feature","geometry":{"type":"Point","coordinates":[-122.62430400000001,49.085552]},"properties":{"name":"Murrayville Manor","facility":"Nursing and residential care facilities","city":"langley","region":"bc","country":"CA","population":null,"tier":"major","source":"ODHF"}},{"type":"Feature","geometry":{"type":"Point","coordinates":[-123.1746239,49.148604]},"properties":{"name":"Muscroft House","facility":"Nursing and residential care facilities","city":"richmond","region":"bc","country":"CA","population":null,"tier":"major","source":"ODHF"}},{"type":"Feature","geometry":{"type":"Point","coordinates":[-124.03886000000001,49.236311]},"properties":{"name":"Nanaimo Seniors Village","facility":"Nursing and residential care facilities","city":"nanaimo","region":"bc","country":"CA","population":null,"tier":"major","source":"ODHF"}},{"type":"Feature","geometry":{"type":"Point","coordinates":[-123.100531,49.3687958]},"properties":{"name":"Nancy Greene Way","facility":"Nursing and residential care facilities","city":"north vancouver","region":"bc","country":"CA","population":null,"tier":"major","source":"ODHF"}},{"type":"Feature","geometry":{"type":"Point","coordinates":[-123.00079779999999,49.2215495]},"properties":{"name":"Nazirah House","facility":"Nursing and residential care facilities","city":"burnaby","region":"bc","country":"CA","population":null,"tier":"major","source":"ODHF"}},{"type":"Feature","geometry":{"type":"Point","coordinates":[-122.76638090000002,53.911018299999995]},"properties":{"name":"Nechako Center - Adult","facility":"Nursing and residential care facilities","city":"prince george","region":"bc","country":"CA","population":null,"tier":"major","source":"ODHF"}},{"type":"Feature","geometry":{"type":"Point","coordinates":[-122.9945662,49.2192139]},"properties":{"name":"Nelson Avenue","facility":"Nursing and residential care facilities","city":"burnaby","region":"bc","country":"CA","population":null,"tier":"major","source":"ODHF"}},{"type":"Feature","geometry":{"type":"Point","coordinates":[-117.2789603,49.50423189999999]},"properties":{"name":"Nelson Avenue Residence","facility":"Nursing and residential care facilities","city":"nelson","region":"bc","country":"CA","population":null,"tier":"standard","source":"ODHF"}},{"type":"Feature","geometry":{"type":"Point","coordinates":[-117.29899609999998,49.4795674]},"properties":{"name":"Nelson Jubilee Manor","facility":"Nursing and residential care facilities","city":"nelson","region":"bc","country":"CA","population":null,"tier":"major","source":"ODHF"}},{"type":"Feature","geometry":{"type":"Point","coordinates":[-124.52531940000001,49.8660534]},"properties":{"name":"Nelson Residence","facility":"Nursing and residential care facilities","city":"powell river","region":"bc","country":"CA","population":null,"tier":"standard","source":"ODHF"}},{"type":"Feature","geometry":{"type":"Point","coordinates":[-122.98105919999999,49.2141609]},"properties":{"name":"Neville House","facility":"Nursing and residential care facilities","city":"burnaby","region":"bc","country":"CA","population":null,"tier":"major","source":"ODHF"}},{"type":"Feature","geometry":{"type":"Point","coordinates":[-122.9478861,49.216893299999995]},"properties":{"name":"New Britton House","facility":"Nursing and residential care facilities","city":"burnaby","region":"bc","country":"CA","population":null,"tier":"major","source":"ODHF"}},{"type":"Feature","geometry":{"type":"Point","coordinates":[-122.856054,49.177352]},"properties":{"name":"New Greenwood Lodge","facility":"Nursing and residential care facilities","city":"surrey","region":"bc","country":"CA","population":null,"tier":"major","source":"ODHF"}},{"type":"Feature","geometry":{"type":"Point","coordinates":[-122.94565300000001,49.224288]},"properties":{"name":"New Vista Care Home i","facility":"Nursing and residential care facilities","city":"burnaby","region":"bc","country":"CA","population":null,"tier":"major","source":"ODHF"}},{"type":"Feature","geometry":{"type":"Point","coordinates":[-122.6436136,49.096571399999995]},"properties":{"name":"Newlands Residence","facility":"Nursing and residential care facilities","city":"langley city","region":"bc","country":"CA","population":null,"tier":"standard","source":"ODHF"}},{"type":"Feature","geometry":{"type":"Point","coordinates":[-123.10268529999999,49.3365841]},"properties":{"name":"Newmarket Drive","facility":"Nursing and residential care facilities","city":"north vancouver","region":"bc","country":"CA","population":null,"tier":"major","source":"ODHF"}},{"type":"Feature","geometry":{"type":"Point","coordinates":[-123.156384,49.6982341]},"properties":{"name":"Newport House","facility":"Nursing and residential care facilities","city":"squamish","region":"bc","country":"CA","population":null,"tier":"major","source":"ODHF"}},{"type":"Feature","geometry":{"type":"Point","coordinates":[-122.57584299999999,49.085938]},"properties":{"name":"Ng Nair Place","facility":"Nursing and residential care facilities","city":"langley","region":"bc","country":"CA","population":null,"tier":"major","source":"ODHF"}},{"type":"Feature","geometry":{"type":"Point","coordinates":[-122.737523,49.255787]},"properties":{"name":"Nicola Lodge","facility":"Nursing and residential care facilities","city":"port coquitlam","region":"bc","country":"CA","population":null,"tier":"major","source":"ODHF"}},{"type":"Feature","geometry":{"type":"Point","coordinates":[-123.37295049999999,48.4580708]},"properties":{"name":"Nigel House","facility":"Nursing and residential care facilities","city":"victoria","region":"bc","country":"CA","population":null,"tier":"major","source":"ODHF"}},{"type":"Feature","geometry":{"type":"Point","coordinates":[-125.28051,50.011959999999995]},"properties":{"name":"Nikola Road Group Home","facility":"Nursing and residential care facilities","city":"campbell river","region":"bc","country":"CA","population":null,"tier":"major","source":"ODHF"}},{"type":"Feature","geometry":{"type":"Point","coordinates":[-122.79843400000001,49.175215]},"properties":{"name":"Ninety Fifth Avenue House","facility":"Nursing and residential care facilities","city":"surrey","region":"bc","country":"CA","population":null,"tier":"major","source":"ODHF"}},{"type":"Feature","geometry":{"type":"Point","coordinates":[-124.79899999999999,49.230356]},"properties":{"name":"Ninth Avenue Residence","facility":"Nursing and residential care facilities","city":"port alberni","region":"bc","country":"CA","population":null,"tier":"standard","source":"ODHF"}},{"type":"Feature","geometry":{"type":"Point","coordinates":[-123.09265330000001,49.1340512]},"properties":{"name":"No. 5 Road Group Home","facility":"Nursing and residential care facilities","city":"richmond","region":"bc","country":"CA","population":null,"tier":"major","source":"ODHF"}},{"type":"Feature","geometry":{"type":"Point","coordinates":[-124.51825159999999,49.8209862]},"properties":{"name":"Nootka Street Residence","facility":"Nursing and residential care facilities","city":"powell river","region":"bc","country":"CA","population":null,"tier":"standard","source":"ODHF"}},{"type":"Feature","geometry":{"type":"Point","coordinates":[-119.282587,50.251193]},"properties":{"name":"Noric House","facility":"Nursing and residential care facilities","city":"vernon","region":"bc","country":"CA","population":null,"tier":"major","source":"ODHF"}},{"type":"Feature","geometry":{"type":"Point","coordinates":[-123.39166999999999,48.500240999999995]},"properties":{"name":"Normandy House","facility":"Nursing and residential care facilities","city":"victoria","region":"bc","country":"CA","population":null,"tier":"major","source":"ODHF"}},{"type":"Feature","geometry":{"type":"Point","coordinates":[-122.92769380000001,49.2221124]},"properties":{"name":"Normanna Rest Home Ii","facility":"Nursing and residential care facilities","city":"burnaby","region":"bc","country":"CA","population":null,"tier":"major","source":"ODHF"}},{"type":"Feature","geometry":{"type":"Point","coordinates":[-119.28179399999999,50.261721]},"properties":{"name":"North Okanagan Hospice House","facility":"Nursing and residential care facilities","city":"vernon","region":"bc","country":"CA","population":null,"tier":"limited","source":"ODHF"}},{"type":"Feature","geometry":{"type":"Point","coordinates":[-123.065,49.32073]},"properties":{"name":"North Shore Hospice","facility":"Nursing and residential care facilities","city":"north vancouver","region":"bc","country":"CA","population":null,"tier":"limited","source":"ODHF"}},{"type":"Feature","geometry":{"type":"Point","coordinates":[-122.8911054,49.126442]},"properties":{"name":"Northcrest Care Centre Ltd.","facility":"Nursing and residential care facilities","city":"delta","region":"bc","country":"CA","population":null,"tier":"major","source":"ODHF"}},{"type":"Feature","geometry":{"type":"Point","coordinates":[-123.0767595,49.3429472]},"properties":{"name":"Norwood House","facility":"Nursing and residential care facilities","city":"north vancouver","region":"bc","country":"CA","population":null,"tier":"major","source":"ODHF"}},{"type":"Feature","geometry":{"type":"Point","coordinates":[-123.3138,48.432936]},"properties":{"name":"Oak Bay Lodge","facility":"Nursing and residential care facilities","city":"victoria","region":"bc","country":"CA","population":null,"tier":"major","source":"ODHF"}},{"type":"Feature","geometry":{"type":"Point","coordinates":[-122.9643356,49.228339500000004]},"properties":{"name":"Oakland","facility":"Nursing and residential care facilities","city":"burnaby","region":"bc","country":"CA","population":null,"tier":"major","source":"ODHF"}},{"type":"Feature","geometry":{"type":"Point","coordinates":[-124.02648130000001,49.235687899999995]},"properties":{"name":"Oceanside Place","facility":"Nursing and residential care facilities","city":"nanaimo","region":"bc","country":"CA","population":null,"tier":"major","source":"ODHF"}},{"type":"Feature","geometry":{"type":"Point","coordinates":[-122.8245,49.160447999999995]},"properties":{"name":"One Hundred & Forty Three a Street Home","facility":"Nursing and residential care facilities","city":"surrey","region":"bc","country":"CA","population":null,"tier":"major","source":"ODHF"}},{"type":"Feature","geometry":{"type":"Point","coordinates":[-122.78294939999999,49.195355600000006]},"properties":{"name":"One Hundred and Fifty Eight a Street","facility":"Nursing and residential care facilities","city":"surrey","region":"bc","country":"CA","population":null,"tier":"major","source":"ODHF"}},{"type":"Feature","geometry":{"type":"Point","coordinates":[-122.79541699999999,49.032257]},"properties":{"name":"One Hundred and Fifty Four Street Group Home","facility":"Nursing and residential care facilities","city":"surrey","region":"bc","country":"CA","population":null,"tier":"major","source":"ODHF"}},{"type":"Feature","geometry":{"type":"Point","coordinates":[-122.859968,49.178018]},"properties":{"name":"One Hundred and Thirty First Street Home","facility":"Nursing and residential care facilities","city":"surrey","region":"bc","country":"CA","population":null,"tier":"major","source":"ODHF"}},{"type":"Feature","geometry":{"type":"Point","coordinates":[-123.1012105,49.2816658]},"properties":{"name":"Onsite Detox and Transitional Housing","facility":"Nursing and residential care facilities","city":"vancouver","region":"bc","country":"CA","population":null,"tier":"major","source":"ODHF"}},{"type":"Feature","geometry":{"type":"Point","coordinates":[-123.33275,48.441832]},"properties":{"name":"Onyx House","facility":"Nursing and residential care facilities","city":"victoria","region":"bc","country":"CA","population":null,"tier":"major","source":"ODHF"}},{"type":"Feature","geometry":{"type":"Point","coordinates":[-119.833278,49.204679]},"properties":{"name":"Orchard Haven","facility":"Nursing and residential care facilities","city":"keremeos","region":"bc","country":"CA","population":null,"tier":"major","source":"ODHF"}},{"type":"Feature","geometry":{"type":"Point","coordinates":[-123.00706840000001,49.234362700000005]},"properties":{"name":"Orchard Heights","facility":"Nursing and residential care facilities","city":"burnaby","region":"bc","country":"CA","population":null,"tier":"major","source":"ODHF"}},{"type":"Feature","geometry":{"type":"Point","coordinates":[-119.48533529999999,49.8602539]},"properties":{"name":"Orchard Manor at Hawthorn Park","facility":"Nursing and residential care facilities","city":"kelowna","region":"bc","country":"CA","population":null,"tier":"major","source":"ODHF"}},{"type":"Feature","geometry":{"type":"Point","coordinates":[-123.361,49.372131]},"properties":{"name":"Orchard Recovery Center","facility":"Nursing and residential care facilities","city":"bowen island","region":"bc","country":"CA","population":null,"tier":"major","source":"ODHF"}},{"type":"Feature","geometry":{"type":"Point","coordinates":[-119.250892,50.723292]},"properties":{"name":"Orchard View Group Home","facility":"Nursing and residential care facilities","city":"salmon arm","region":"bc","country":"CA","population":null,"tier":"major","source":"ODHF"}},{"type":"Feature","geometry":{"type":"Point","coordinates":[-120.3438216,50.7750076]},"properties":{"name":"Orcrest Group Home","facility":"Nursing and residential care facilities","city":"kamloops","region":"bc","country":"CA","population":null,"tier":"major","source":"ODHF"}},{"type":"Feature","geometry":{"type":"Point","coordinates":[-120.46172,50.715315999999994]},"properties":{"name":"Ord Road Group Home","facility":"Nursing and residential care facilities","city":"kamloops","region":"bc","country":"CA","population":null,"tier":"major","source":"ODHF"}},{"type":"Feature","geometry":{"type":"Point","coordinates":[-124.03124,49.22078]},"properties":{"name":"Origin at Longwood (Astoria Suites)","facility":"Nursing and residential care facilities","city":"nanaimo","region":"bc","country":"CA","population":null,"tier":"major","source":"ODHF"}},{"type":"Feature","geometry":{"type":"Point","coordinates":[-123.39593329999998,48.448213700000004]},"properties":{"name":"Orillia House","facility":"Nursing and residential care facilities","city":"victoria","region":"bc","country":"CA","population":null,"tier":"major","source":"ODHF"}},{"type":"Feature","geometry":{"type":"Point","coordinates":[-120.3889523,50.709140600000005]},"properties":{"name":"Oriole House","facility":"Nursing and residential care facilities","city":"kamloops","region":"bc","country":"CA","population":null,"tier":"major","source":"ODHF"}},{"type":"Feature","geometry":{"type":"Point","coordinates":[-122.32300390000002,49.057249600000006]},"properties":{"name":"Oriole Lodge","facility":"Nursing and residential care facilities","city":"abbotsford","region":"bc","country":"CA","population":null,"tier":"major","source":"ODHF"}},{"type":"Feature","geometry":{"type":"Point","coordinates":[-122.65863759999999,49.0785912]},"properties":{"name":"Orion House","facility":"Nursing and residential care facilities","city":"langley","region":"bc","country":"CA","population":null,"tier":"major","source":"ODHF"}},{"type":"Feature","geometry":{"type":"Point","coordinates":[-122.78843,53.893632999999994]},"properties":{"name":"Ospika Residence","facility":"Nursing and residential care facilities","city":"prince george","region":"bc","country":"CA","population":null,"tier":"standard","source":"ODHF"}},{"type":"Feature","geometry":{"type":"Point","coordinates":[-122.3712483,49.057665]},"properties":{"name":"Osprey Home","facility":"Nursing and residential care facilities","city":"abbotsford","region":"bc","country":"CA","population":null,"tier":"major","source":"ODHF"}},{"type":"Feature","geometry":{"type":"Point","coordinates":[-123.02578090000002,49.3323066]},"properties":{"name":"Our House","facility":"Nursing and residential care facilities","city":"north vancouver","region":"bc","country":"CA","population":null,"tier":"major","source":"ODHF"}},{"type":"Feature","geometry":{"type":"Point","coordinates":[-123.09933259999998,49.2407212]},"properties":{"name":"Our Place","facility":"Nursing and residential care facilities","city":"vancouver","region":"bc","country":"CA","population":null,"tier":"major","source":"ODHF"}},{"type":"Feature","geometry":{"type":"Point","coordinates":[-119.48778270000001,49.866796799999996]},"properties":{"name":"Ozanam House","facility":"Nursing and residential care facilities","city":"kelowna","region":"bc","country":"CA","population":null,"tier":"major","source":"ODHF"}},{"type":"Feature","geometry":{"type":"Point","coordinates":[-121.9500919,49.1262975]},"properties":{"name":"Pacifica House","facility":"Nursing and residential care facilities","city":"chilliwack","region":"bc","country":"CA","population":null,"tier":"major","source":"ODHF"}},{"type":"Feature","geometry":{"type":"Point","coordinates":[-123.0684104,49.2607112]},"properties":{"name":"Pacifica Treatment Centre","facility":"Nursing and residential care facilities","city":"vancouver","region":"bc","country":"CA","population":null,"tier":"major","source":"ODHF"}},{"type":"Feature","geometry":{"type":"Point","coordinates":[-123.4394017,48.4613659]},"properties":{"name":"Paddock Home","facility":"Nursing and residential care facilities","city":"victoria","region":"bc","country":"CA","population":null,"tier":"major","source":"ODHF"}},{"type":"Feature","geometry":{"type":"Point","coordinates":[-123.08113689999999,49.3267725]},"properties":{"name":"Padwick House","facility":"Nursing and residential care facilities","city":"vancouver","region":"bc","country":"CA","population":null,"tier":"major","source":"ODHF"}},{"type":"Feature","geometry":{"type":"Point","coordinates":[-123.39917,48.477019]},"properties":{"name":"Panama House","facility":"Nursing and residential care facilities","city":"victoria","region":"bc","country":"CA","population":null,"tier":"major","source":"ODHF"}},{"type":"Feature","geometry":{"type":"Point","coordinates":[-119.54188629999999,49.1872754]},"properties":{"name":"Park Drive Home","facility":"Nursing and residential care facilities","city":"oliver","region":"bc","country":"CA","population":null,"tier":"major","source":"ODHF"}},{"type":"Feature","geometry":{"type":"Point","coordinates":[-122.7846172,49.163526700000006]},"properties":{"name":"Parklandview","facility":"Nursing and residential care facilities","city":"surrey","region":"bc","country":"CA","population":null,"tier":"major","source":"ODHF"}},{"type":"Feature","geometry":{"type":"Point","coordinates":[-123.32861969999999,48.476296399999995]},"properties":{"name":"Parkside House","facility":"Nursing and residential care facilities","city":"victoria","region":"bc","country":"CA","population":null,"tier":"major","source":"ODHF"}},{"type":"Feature","geometry":{"type":"Point","coordinates":[-122.7952,53.917384999999996]},"properties":{"name":"Parkside Intermediate Care Home","facility":"Nursing and residential care facilities","city":"prince george","region":"bc","country":"CA","population":null,"tier":"major","source":"ODHF"}},{"type":"Feature","geometry":{"type":"Point","coordinates":[-122.88499920000001,49.1161555]},"properties":{"name":"Parktree House","facility":"Nursing and residential care facilities","city":"surrey","region":"bc","country":"CA","population":null,"tier":"major","source":"ODHF"}},{"type":"Feature","geometry":{"type":"Point","coordinates":[-119.1407493,50.5466217]},"properties":{"name":"Parkview Place","facility":"Nursing and residential care facilities","city":"enderby","region":"bc","country":"CA","population":null,"tier":"major","source":"ODHF"}},{"type":"Feature","geometry":{"type":"Point","coordinates":[-123.3338227,48.4441795]},"properties":{"name":"Parkwood Court","facility":"Nursing and residential care facilities","city":"victoria","region":"bc","country":"CA","population":null,"tier":"major","source":"ODHF"}},{"type":"Feature","geometry":{"type":"Point","coordinates":[-123.39257040000001,48.4935158]},"properties":{"name":"Paskin Home","facility":"Nursing and residential care facilities","city":"victoria","region":"bc","country":"CA","population":null,"tier":"major","source":"ODHF"}},{"type":"Feature","geometry":{"type":"Point","coordinates":[-122.69551329999999,49.10420870000001]},"properties":{"name":"Path to Freedom Treatment Centre Ltd.","facility":"Nursing and residential care facilities","city":"surrey","region":"bc","country":"CA","population":null,"tier":"major","source":"ODHF"}},{"type":"Feature","geometry":{"type":"Point","coordinates":[-123.41537450000001,48.5967597]},"properties":{"name":"Patterson Home","facility":"Nursing and residential care facilities","city":"saanichton","region":"bc","country":"CA","population":null,"tier":"major","source":"ODHF"}},{"type":"Feature","geometry":{"type":"Point","coordinates":[-122.79452959999999,49.031282]},"properties":{"name":"Peace Portal Seniors Village","facility":"Nursing and residential care facilities","city":"surrey","region":"bc","country":"CA","population":null,"tier":"major","source":"ODHF"}},{"type":"Feature","geometry":{"type":"Point","coordinates":[-120.81792,56.25673199999999]},"properties":{"name":"Peace Villa","facility":"Nursing and residential care facilities","city":"fort st john","region":"bc","country":"CA","population":null,"tier":"major","source":"ODHF"}},{"type":"Feature","geometry":{"type":"Point","coordinates":[-123.33276070000001,48.4417088]},"properties":{"name":"Pearl House","facility":"Nursing and residential care facilities","city":"victoria","region":"bc","country":"CA","population":null,"tier":"major","source":"ODHF"}},{"type":"Feature","geometry":{"type":"Point","coordinates":[-123.052,49.279942]},"properties":{"name":"Pender House","facility":"Nursing and residential care facilities","city":"vancouver","region":"bc","country":"CA","population":null,"tier":"major","source":"ODHF"}},{"type":"Feature","geometry":{"type":"Point","coordinates":[-123.17729070000001,49.14485429999999]},"properties":{"name":"Pendleton House","facility":"Nursing and residential care facilities","city":"richmond","region":"bc","country":"CA","population":null,"tier":"major","source":"ODHF"}},{"type":"Feature","geometry":{"type":"Point","coordinates":[-123.70945,48.777064]},"properties":{"name":"Peruzzo House - v.i.t.a.l.s.","facility":"Nursing and residential care facilities","city":"duncan","region":"bc","country":"CA","population":null,"tier":"major","source":"ODHF"}},{"type":"Feature","geometry":{"type":"Point","coordinates":[-123.02222140000002,49.341873]},"properties":{"name":"Peters Road House","facility":"Nursing and residential care facilities","city":"north vancouver","region":"bc","country":"CA","population":null,"tier":"major","source":"ODHF"}},{"type":"Feature","geometry":{"type":"Point","coordinates":[-122.8437601,49.1745124]},"properties":{"name":"Phoenix Center Quibble Creek","facility":"Nursing and residential care facilities","city":"surrey","region":"bc","country":"CA","population":null,"tier":"major","source":"ODHF"}},{"type":"Feature","geometry":{"type":"Point","coordinates":[-120.3363635,50.6693527]},"properties":{"name":"Phoenix Centre","facility":"Nursing and residential care facilities","city":"kamloops","region":"bc","country":"CA","population":null,"tier":"major","source":"ODHF"}},{"type":"Feature","geometry":{"type":"Point","coordinates":[-119.29555520000001,50.6929509]},"properties":{"name":"Piccadilly Care Center","facility":"Nursing and residential care facilities","city":"salmon arm","region":"bc","country":"CA","population":null,"tier":"major","source":"ODHF"}},{"type":"Feature","geometry":{"type":"Point","coordinates":[-123.342568,48.4425235]},"properties":{"name":"Piercy Respite Hotel","facility":"Nursing and residential care facilities","city":"victoria","region":"bc","country":"CA","population":null,"tier":"major","source":"ODHF"}},{"type":"Feature","geometry":{"type":"Point","coordinates":[-119.59551,49.839286]},"properties":{"name":"Pine Acres Home","facility":"Nursing and residential care facilities","city":"westbank","region":"bc","country":"CA","population":null,"tier":"major","source":"ODHF"}},{"type":"Feature","geometry":{"type":"Point","coordinates":[-120.35094280000001,50.687416600000006]},"properties":{"name":"Pine Grove Lodge","facility":"Nursing and residential care facilities","city":"kamloops","region":"bc","country":"CA","population":null,"tier":"major","source":"ODHF"}},{"type":"Feature","geometry":{"type":"Point","coordinates":[-123.09844709999999,49.186792499999996]},"properties":{"name":"Pinegrove Place","facility":"Nursing and residential care facilities","city":"richmond","region":"bc","country":"CA","population":null,"tier":"major","source":"ODHF"}},{"type":"Feature","geometry":{"type":"Point","coordinates":[-122.77955829999999,49.295331700000006]},"properties":{"name":"Pinetree Lodge","facility":"Nursing and residential care facilities","city":"coquitlam","region":"bc","country":"CA","population":null,"tier":"major","source":"ODHF"}},{"type":"Feature","geometry":{"type":"Point","coordinates":[-122.8881385,49.227338200000005]},"properties":{"name":"Pioneer House","facility":"Nursing and residential care facilities","city":"new westminster","region":"bc","country":"CA","population":null,"tier":"major","source":"ODHF"}},{"type":"Feature","geometry":{"type":"Point","coordinates":[-122.33185700000001,49.13839]},"properties":{"name":"Pleasant View (Pleasant View Housing Society)","facility":"Nursing and residential care facilities","city":"mission","region":"bc","country":"CA","population":null,"tier":"major","source":"ODHF"}},{"type":"Feature","geometry":{"type":"Point","coordinates":[-122.99203030000001,49.31471810000001]},"properties":{"name":"Plymouth Group Home","facility":"Nursing and residential care facilities","city":"north vancouver","region":"bc","country":"CA","population":null,"tier":"major","source":"ODHF"}},{"type":"Feature","geometry":{"type":"Point","coordinates":[-120.331933,50.670828]},"properties":{"name":"Ponderosa Lodge","facility":"Nursing and residential care facilities","city":"kamloops","region":"bc","country":"CA","population":null,"tier":"major","source":"ODHF"}},{"type":"Feature","geometry":{"type":"Point","coordinates":[-122.861325,49.263971999999995]},"properties":{"name":"Porter Lane","facility":"Nursing and residential care facilities","city":"coquitlam","region":"bc","country":"CA","population":null,"tier":"major","source":"ODHF"}},{"type":"Feature","geometry":{"type":"Point","coordinates":[-124.04648,49.24003]},"properties":{"name":"Portsmouth Road Home","facility":"Nursing and residential care facilities","city":"nanaimo","region":"bc","country":"CA","population":null,"tier":"major","source":"ODHF"}},{"type":"Feature","geometry":{"type":"Point","coordinates":[-119.68345,49.597846999999994]},"properties":{"name":"Prairie Valley Lodge","facility":"Nursing and residential care facilities","city":"summerland","region":"bc","country":"CA","population":null,"tier":"major","source":"ODHF"}},{"type":"Feature","geometry":{"type":"Point","coordinates":[-123.50121999999999,48.424911]},"properties":{"name":"Prema Place","facility":"Nursing and residential care facilities","city":"victoria","region":"bc","country":"CA","population":null,"tier":"major","source":"ODHF"}},{"type":"Feature","geometry":{"type":"Point","coordinates":[-123.08850600000001,49.090422499999995]},"properties":{"name":"Primrose Centre for Community Living","facility":"Nursing and residential care facilities","city":"delta","region":"bc","country":"CA","population":null,"tier":"major","source":"ODHF"}},{"type":"Feature","geometry":{"type":"Point","coordinates":[-117.67322079999998,49.3290404]},"properties":{"name":"Prince Avenue Home","facility":"Nursing and residential care facilities","city":"castlegar","region":"bc","country":"CA","population":null,"tier":"major","source":"ODHF"}},{"type":"Feature","geometry":{"type":"Point","coordinates":[-115.74160490000001,49.527675]},"properties":{"name":"Purcell Place","facility":"Nursing and residential care facilities","city":"cranbrook","region":"bc","country":"CA","population":null,"tier":"major","source":"ODHF"}},{"type":"Feature","geometry":{"type":"Point","coordinates":[-122.87505970000001,49.2408467]},"properties":{"name":"Quadling House a","facility":"Nursing and residential care facilities","city":"coquitlam","region":"bc","country":"CA","population":null,"tier":"major","source":"ODHF"}},{"type":"Feature","geometry":{"type":"Point","coordinates":[-124.44052450000001,49.3449157]},"properties":{"name":"Qualicum Manor","facility":"Nursing and residential care facilities","city":"qualicum beach","region":"bc","country":"CA","population":null,"tier":"major","source":"ODHF"}},{"type":"Feature","geometry":{"type":"Point","coordinates":[-124.0121423,49.199093100000006]},"properties":{"name":"Quarterway Place","facility":"Nursing and residential care facilities","city":"nanaimo","region":"bc","country":"CA","population":null,"tier":"major","source":"ODHF"}},{"type":"Feature","geometry":{"type":"Point","coordinates":[-122.75336999999999,53.905294]},"properties":{"name":"Quince Street Residence","facility":"Nursing and residential care facilities","city":"prince george","region":"bc","country":"CA","population":null,"tier":"standard","source":"ODHF"}},{"type":"Feature","geometry":{"type":"Point","coordinates":[-122.4493146,52.984964600000005]},"properties":{"name":"Racing Residence","facility":"Nursing and residential care facilities","city":"quesnel","region":"bc","country":"CA","population":null,"tier":"standard","source":"ODHF"}},{"type":"Feature","geometry":{"type":"Point","coordinates":[-122.79361920000001,53.928429099999995]},"properties":{"name":"Radcliffe Residence","facility":"Nursing and residential care facilities","city":"prince george","region":"bc","country":"CA","population":null,"tier":"standard","source":"ODHF"}},{"type":"Feature","geometry":{"type":"Point","coordinates":[-122.93329080000001,49.223830299999996]},"properties":{"name":"Rainbow Lodge","facility":"Nursing and residential care facilities","city":"burnaby","region":"bc","country":"CA","population":null,"tier":"major","source":"ODHF"}},{"type":"Feature","geometry":{"type":"Point","coordinates":[-122.83813700000002,49.185629799999994]},"properties":{"name":"Rainbow Manor","facility":"Nursing and residential care facilities","city":"surrey","region":"bc","country":"CA","population":null,"tier":"major","source":"ODHF"}},{"type":"Feature","geometry":{"type":"Point","coordinates":[-122.45311459999999,49.1956597]},"properties":{"name":"Rainbow Ridge Special Care Home","facility":"Nursing and residential care facilities","city":"maple ridge","region":"bc","country":"CA","population":null,"tier":"major","source":"ODHF"}},{"type":"Feature","geometry":{"type":"Point","coordinates":[-122.9716122,49.2239136]},"properties":{"name":"Randall House","facility":"Nursing and residential care facilities","city":"burnaby","region":"bc","country":"CA","population":null,"tier":"major","source":"ODHF"}},{"type":"Feature","geometry":{"type":"Point","coordinates":[-122.84740359999998,49.2653533]},"properties":{"name":"Raven House","facility":"Nursing and residential care facilities","city":"coquitlam","region":"bc","country":"CA","population":null,"tier":"major","source":"ODHF"}},{"type":"Feature","geometry":{"type":"Point","coordinates":[-123.3238702,48.422320500000005]},"properties":{"name":"Redfern Home","facility":"Nursing and residential care facilities","city":"victoria","region":"bc","country":"CA","population":null,"tier":"major","source":"ODHF"}},{"type":"Feature","geometry":{"type":"Point","coordinates":[-124.513203,49.844051]},"properties":{"name":"Redonda Crescent Residence","facility":"Nursing and residential care facilities","city":"powell river","region":"bc","country":"CA","population":null,"tier":"standard","source":"ODHF"}},{"type":"Feature","geometry":{"type":"Point","coordinates":[-122.3151715,49.14447929999999]},"properties":{"name":"Renaissance Place","facility":"Nursing and residential care facilities","city":"mission","region":"bc","country":"CA","population":null,"tier":"major","source":"ODHF"}},{"type":"Feature","geometry":{"type":"Point","coordinates":[-123.044,49.26786]},"properties":{"name":"Renfrew Care Centre","facility":"Nursing and residential care facilities","city":"vancouver","region":"bc","country":"CA","population":null,"tier":"major","source":"ODHF"}},{"type":"Feature","geometry":{"type":"Point","coordinates":[-123.0301071,49.254321999999995]},"properties":{"name":"Renfrew House","facility":"Nursing and residential care facilities","city":"vancouver","region":"bc","country":"CA","population":null,"tier":"major","source":"ODHF"}},{"type":"Feature","geometry":{"type":"Point","coordinates":[-122.779794,49.051717]},"properties":{"name":"Residence at Morgan Heights","facility":"Nursing and residential care facilities","city":"surrey","region":"bc","country":"CA","population":null,"tier":"standard","source":"ODHF"}},{"type":"Feature","geometry":{"type":"Point","coordinates":[-123.40484,48.654973999999996]},"properties":{"name":"Rest Haven Lodge","facility":"Nursing and residential care facilities","city":"sidney","region":"bc","country":"CA","population":null,"tier":"major","source":"ODHF"}},{"type":"Feature","geometry":{"type":"Point","coordinates":[-123.107216,49.1477141]},"properties":{"name":"Richfield Group Home","facility":"Nursing and residential care facilities","city":"richmond","region":"bc","country":"CA","population":null,"tier":"major","source":"ODHF"}},{"type":"Feature","geometry":{"type":"Point","coordinates":[-123.1593858,49.1492749]},"properties":{"name":"Richmond House","facility":"Nursing and residential care facilities","city":"richmond","region":"bc","country":"CA","population":null,"tier":"major","source":"ODHF"}},{"type":"Feature","geometry":{"type":"Point","coordinates":[-123.1251463,49.191517100000006]},"properties":{"name":"Richmond Lions Manor - Bridgeport","facility":"Nursing and residential care facilities","city":"richmond","region":"bc","country":"CA","population":null,"tier":"major","source":"ODHF"}},{"type":"Feature","geometry":{"type":"Point","coordinates":[-120.39313490000002,50.703431200000004]},"properties":{"name":"Ridgeview Lodge","facility":"Nursing and residential care facilities","city":"kamloops","region":"bc","country":"CA","population":null,"tier":"major","source":"ODHF"}},{"type":"Feature","geometry":{"type":"Point","coordinates":[-120.52763300000001,49.45385]},"properties":{"name":"Ridgewood Lodge","facility":"Nursing and residential care facilities","city":"princeton","region":"bc","country":"CA","population":null,"tier":"major","source":"ODHF"}},{"type":"Feature","geometry":{"type":"Point","coordinates":[-119.3620705,49.95667589999999]},"properties":{"name":"Rittich Road","facility":"Nursing and residential care facilities","city":"kelowna","region":"bc","country":"CA","population":null,"tier":"major","source":"ODHF"}},{"type":"Feature","geometry":{"type":"Point","coordinates":[-120.34748799999998,50.752860999999996]},"properties":{"name":"River House","facility":"Nursing and residential care facilities","city":"kamloops","region":"bc","country":"CA","population":null,"tier":"major","source":"ODHF"}},{"type":"Feature","geometry":{"type":"Point","coordinates":[-122.64039650000001,49.211737899999996]},"properties":{"name":"River Road Residence","facility":"Nursing and residential care facilities","city":"maple ridge","region":"bc","country":"CA","population":null,"tier":"standard","source":"ODHF"}},{"type":"Feature","geometry":{"type":"Point","coordinates":[-123.13037179999999,49.149099799999995]},"properties":{"name":"Robinson Group Home","facility":"Nursing and residential care facilities","city":"richmond","region":"bc","country":"CA","population":null,"tier":"major","source":"ODHF"}},{"type":"Feature","geometry":{"type":"Point","coordinates":[-115.06665919999999,49.4923849]},"properties":{"name":"Rocky Mountain Care Village","facility":"Nursing and residential care facilities","city":"fernie","region":"bc","country":"CA","population":null,"tier":"major","source":"ODHF"}},{"type":"Feature","geometry":{"type":"Point","coordinates":[-123.76496429999999,49.472898799999996]},"properties":{"name":"Rosecliffe Residence","facility":"Nursing and residential care facilities","city":"sechelt","region":"bc","country":"CA","population":null,"tier":"standard","source":"ODHF"}},{"type":"Feature","geometry":{"type":"Point","coordinates":[-122.80060060000001,49.0635552]},"properties":{"name":"Rosemary Heights Seniors Village","facility":"Nursing and residential care facilities","city":"surrey","region":"bc","country":"CA","population":null,"tier":"major","source":"ODHF"}},{"type":"Feature","geometry":{"type":"Point","coordinates":[-117.29959199999999,49.480804]},"properties":{"name":"Rosemont House","facility":"Nursing and residential care facilities","city":"nelson","region":"bc","country":"CA","population":null,"tier":"major","source":"ODHF"}},{"type":"Feature","geometry":{"type":"Point","coordinates":[-122.93796029999999,49.2279271]},"properties":{"name":"Rosewood","facility":"Nursing and residential care facilities","city":"burnaby","region":"bc","country":"CA","population":null,"tier":"major","source":"ODHF"}},{"type":"Feature","geometry":{"type":"Point","coordinates":[-123.1553156,49.1551041]},"properties":{"name":"Rosewood Manor","facility":"Nursing and residential care facilities","city":"richmond","region":"bc","country":"CA","population":null,"tier":"major","source":"ODHF"}},{"type":"Feature","geometry":{"type":"Point","coordinates":[-119.4585279,49.89229279999999]},"properties":{"name":"Roslin House","facility":"Nursing and residential care facilities","city":"kelowna","region":"bc","country":"CA","population":null,"tier":"major","source":"ODHF"}},{"type":"Feature","geometry":{"type":"Point","coordinates":[-123.02776809999999,49.3362883]},"properties":{"name":"Ross Road Home","facility":"Nursing and residential care facilities","city":"north vancouver","region":"bc","country":"CA","population":null,"tier":"major","source":"ODHF"}},{"type":"Feature","geometry":{"type":"Point","coordinates":[-122.75596000000002,53.889563]},"properties":{"name":"Rotary Hospice House","facility":"Nursing and residential care facilities","city":"prince george","region":"bc","country":"CA","population":null,"tier":"limited","source":"ODHF"}},{"type":"Feature","geometry":{"type":"Point","coordinates":[-120.23466,55.773403]},"properties":{"name":"Rotary Manor","facility":"Nursing and residential care facilities","city":"dawson creek","region":"bc","country":"CA","population":null,"tier":"major","source":"ODHF"}},{"type":"Feature","geometry":{"type":"Point","coordinates":[-119.4395524,49.8231878]},"properties":{"name":"Rote Scheune Acres","facility":"Nursing and residential care facilities","city":"kelowna","region":"bc","country":"CA","population":null,"tier":"major","source":"ODHF"}},{"type":"Feature","geometry":{"type":"Point","coordinates":[-123.0288043,49.213532799999996]},"properties":{"name":"Royal Arch Masonic Home","facility":"Nursing and residential care facilities","city":"vancouver","region":"bc","country":"CA","population":null,"tier":"major","source":"ODHF"}},{"type":"Feature","geometry":{"type":"Point","coordinates":[-122.8951618,49.2153153]},"properties":{"name":"Royal City Manor","facility":"Nursing and residential care facilities","city":"new westminster","region":"bc","country":"CA","population":null,"tier":"major","source":"ODHF"}},{"type":"Feature","geometry":{"type":"Point","coordinates":[-123.3852606,48.493759600000004]},"properties":{"name":"Royal Oak House","facility":"Nursing and residential care facilities","city":"victoria","region":"bc","country":"CA","population":null,"tier":"major","source":"ODHF"}},{"type":"Feature","geometry":{"type":"Point","coordinates":[-122.565628,49.124274]},"properties":{"name":"Ruby Willows Health Care Ltd","facility":"Nursing and residential care facilities","city":"langley","region":"bc","country":"CA","population":null,"tier":"major","source":"ODHF"}},{"type":"Feature","geometry":{"type":"Point","coordinates":[-123.72443,48.793073]},"properties":{"name":"Ryall Road Residence","facility":"Nursing and residential care facilities","city":"duncan","region":"bc","country":"CA","population":null,"tier":"standard","source":"ODHF"}},{"type":"Feature","geometry":{"type":"Point","coordinates":[-120.2179821,55.7616196]},"properties":{"name":"Ryz's Supportive Living Services","facility":"Nursing and residential care facilities","city":"dawson creek","region":"bc","country":"CA","population":null,"tier":"major","source":"ODHF"}},{"type":"Feature","geometry":{"type":"Point","coordinates":[-123.105,49.279790000000006]},"properties":{"name":"s.u.c.c.e.s.s. Simon k.y. Lee Seniors Care Home","facility":"Nursing and residential care facilities","city":"vancouver","region":"bc","country":"CA","population":null,"tier":"major","source":"ODHF"}},{"type":"Feature","geometry":{"type":"Point","coordinates":[-124.52162,49.862878]},"properties":{"name":"Saanich House","facility":"Nursing and residential care facilities","city":"powell river","region":"bc","country":"CA","population":null,"tier":"major","source":"ODHF"}},{"type":"Feature","geometry":{"type":"Point","coordinates":[-120.3418283,50.671283200000005]},"properties":{"name":"Sage Health Centre","facility":"Nursing and residential care facilities","city":"kamloops","region":"bc","country":"CA","population":null,"tier":"major","source":"ODHF"}},{"type":"Feature","geometry":{"type":"Point","coordinates":[-122.85269299999999,49.253089]},"properties":{"name":"Sakura House","facility":"Nursing and residential care facilities","city":"coquitlam","region":"bc","country":"CA","population":null,"tier":"major","source":"ODHF"}},{"type":"Feature","geometry":{"type":"Point","coordinates":[-123.101,49.282434]},"properties":{"name":"Salvation Army Harbour Light Centre","facility":"Nursing and residential care facilities","city":"vancouver","region":"bc","country":"CA","population":null,"tier":"major","source":"ODHF"}},{"type":"Feature","geometry":{"type":"Point","coordinates":[-123.31663629999998,48.4799073]},"properties":{"name":"San Miguel","facility":"Nursing and residential care facilities","city":"victoria","region":"bc","country":"CA","population":null,"tier":"major","source":"ODHF"}},{"type":"Feature","geometry":{"type":"Point","coordinates":[-120.34860400000001,50.758396000000005]},"properties":{"name":"Sandalwood Adult Intensive Care Facility","facility":"Nursing and residential care facilities","city":"kamloops","region":"bc","country":"CA","population":null,"tier":"major","source":"ODHF"}},{"type":"Feature","geometry":{"type":"Point","coordinates":[-123.0029902,49.233943100000005]},"properties":{"name":"Sardis House","facility":"Nursing and residential care facilities","city":"burnaby","region":"bc","country":"CA","population":null,"tier":"major","source":"ODHF"}},{"type":"Feature","geometry":{"type":"Point","coordinates":[-122.9968143,49.2336902]},"properties":{"name":"Sardis New Chaffey","facility":"Nursing and residential care facilities","city":"burnaby","region":"bc","country":"CA","population":null,"tier":"major","source":"ODHF"}},{"type":"Feature","geometry":{"type":"Point","coordinates":[-124.5216544,49.83267120000001]},"properties":{"name":"Scotia Place","facility":"Nursing and residential care facilities","city":"powell river","region":"bc","country":"CA","population":null,"tier":"major","source":"ODHF"}},{"type":"Feature","geometry":{"type":"Point","coordinates":[-128.60342,54.52367099999999]},"properties":{"name":"Scott Home","facility":"Nursing and residential care facilities","city":"terrace","region":"bc","country":"CA","population":null,"tier":"major","source":"ODHF"}},{"type":"Feature","geometry":{"type":"Point","coordinates":[-123.4142669,48.578205700000005]},"properties":{"name":"Seamount Home","facility":"Nursing and residential care facilities","city":"victoria","region":"bc","country":"CA","population":null,"tier":"major","source":"ODHF"}},{"type":"Feature","geometry":{"type":"Point","coordinates":[-120.3710195,50.7035685]},"properties":{"name":"Selkirk Family Care Home","facility":"Nursing and residential care facilities","city":"kamloops","region":"bc","country":"CA","population":null,"tier":"major","source":"ODHF"}},{"type":"Feature","geometry":{"type":"Point","coordinates":[-123.37798000000001,48.441914000000004]},"properties":{"name":"Selkirk Seniors Village","facility":"Nursing and residential care facilities","city":"victoria","region":"bc","country":"CA","population":null,"tier":"major","source":"ODHF"}},{"type":"Feature","geometry":{"type":"Point","coordinates":[-123.37761,48.441484]},"properties":{"name":"Selkirk Waterfront","facility":"Nursing and residential care facilities","city":"victoria","region":"bc","country":"CA","population":null,"tier":"major","source":"ODHF"}},{"type":"Feature","geometry":{"type":"Point","coordinates":[-123.4302095,48.6157359]},"properties":{"name":"Sentinel House","facility":"Nursing and residential care facilities","city":"north saanich","region":"bc","country":"CA","population":null,"tier":"major","source":"ODHF"}},{"type":"Feature","geometry":{"type":"Point","coordinates":[-120.23913999999999,55.756212]},"properties":{"name":"Serenity House","facility":"Nursing and residential care facilities","city":"dawson creek","region":"bc","country":"CA","population":null,"tier":"major","source":"ODHF"}},{"type":"Feature","geometry":{"type":"Point","coordinates":[-122.3137395,49.1399655]},"properties":{"name":"Seventh Avenue Residence","facility":"Nursing and residential care facilities","city":"mission","region":"bc","country":"CA","population":null,"tier":"standard","source":"ODHF"}},{"type":"Feature","geometry":{"type":"Point","coordinates":[-122.73088929999999,49.1062445]},"properties":{"name":"Sharondale Lodge","facility":"Nursing and residential care facilities","city":"surrey","region":"bc","country":"CA","population":null,"tier":"major","source":"ODHF"}},{"type":"Feature","geometry":{"type":"Point","coordinates":[-122.77990849999999,49.2606033]},"properties":{"name":"Shaughnessy Care Centre","facility":"Nursing and residential care facilities","city":"port coquitlam","region":"bc","country":"CA","population":null,"tier":"major","source":"ODHF"}},{"type":"Feature","geometry":{"type":"Point","coordinates":[-122.8877652,49.2437599]},"properties":{"name":"Shaw House","facility":"Nursing and residential care facilities","city":"coquitlam","region":"bc","country":"CA","population":null,"tier":"major","source":"ODHF"}},{"type":"Feature","geometry":{"type":"Point","coordinates":[-123.0949923,49.2326234]},"properties":{"name":"Shaw Place","facility":"Nursing and residential care facilities","city":"vancouver","region":"bc","country":"CA","population":null,"tier":"major","source":"ODHF"}},{"type":"Feature","geometry":{"type":"Point","coordinates":[-123.32483490000001,48.4190982]},"properties":{"name":"Shelmarie Rest Home","facility":"Nursing and residential care facilities","city":"victoria","region":"bc","country":"CA","population":null,"tier":"major","source":"ODHF"}},{"type":"Feature","geometry":{"type":"Point","coordinates":[-123.00558970000002,49.2168451]},"properties":{"name":"Shiloah","facility":"Nursing and residential care facilities","city":"burnaby","region":"bc","country":"CA","population":null,"tier":"major","source":"ODHF"}},{"type":"Feature","geometry":{"type":"Point","coordinates":[-123.765,49.474191]},"properties":{"name":"Shorncliffe","facility":"Nursing and residential care facilities","city":"sechelt","region":"bc","country":"CA","population":null,"tier":"major","source":"ODHF"}},{"type":"Feature","geometry":{"type":"Point","coordinates":[-122.9932027,49.2171669]},"properties":{"name":"Sidley Street","facility":"Nursing and residential care facilities","city":"burnaby","region":"bc","country":"CA","population":null,"tier":"major","source":"ODHF"}},{"type":"Feature","geometry":{"type":"Point","coordinates":[-123.4053777,48.6548435]},"properties":{"name":"Sidney All Care Residence","facility":"Nursing and residential care facilities","city":"sidney","region":"bc","country":"CA","population":null,"tier":"standard","source":"ODHF"}},{"type":"Feature","geometry":{"type":"Point","coordinates":[-123.4010229,48.6512125]},"properties":{"name":"Sidney Care Home","facility":"Nursing and residential care facilities","city":"sidney","region":"bc","country":"CA","population":null,"tier":"major","source":"ODHF"}},{"type":"Feature","geometry":{"type":"Point","coordinates":[-117.66720090000001,49.3176585]},"properties":{"name":"Silverbirch House","facility":"Nursing and residential care facilities","city":"castlegar","region":"bc","country":"CA","population":null,"tier":"major","source":"ODHF"}},{"type":"Feature","geometry":{"type":"Point","coordinates":[-125.22346999999999,49.974940999999994]},"properties":{"name":"Simms Road Group Home","facility":"Nursing and residential care facilities","city":"campbell river","region":"bc","country":"CA","population":null,"tier":"major","source":"ODHF"}},{"type":"Feature","geometry":{"type":"Point","coordinates":[-123.45992,48.457102]},"properties":{"name":"Six Mile House","facility":"Nursing and residential care facilities","city":"victoria","region":"bc","country":"CA","population":null,"tier":"major","source":"ODHF"}},{"type":"Feature","geometry":{"type":"Point","coordinates":[-125.00504140000001,49.6877334]},"properties":{"name":"Sixth Street Residence","facility":"Nursing and residential care facilities","city":"courtenay","region":"bc","country":"CA","population":null,"tier":"standard","source":"ODHF"}},{"type":"Feature","geometry":{"type":"Point","coordinates":[-123.36022,48.441317]},"properties":{"name":"Sj Willis Home","facility":"Nursing and residential care facilities","city":"victoria","region":"bc","country":"CA","population":null,"tier":"major","source":"ODHF"}},{"type":"Feature","geometry":{"type":"Point","coordinates":[-117.37409240000001,49.9842253]},"properties":{"name":"Slocan Community Health Centre","facility":"Nursing and residential care facilities","city":"new denver","region":"bc","country":"CA","population":null,"tier":"major","source":"ODHF"}},{"type":"Feature","geometry":{"type":"Point","coordinates":[-123.44301000000002,48.572695]},"properties":{"name":"Sluggett House","facility":"Nursing and residential care facilities","city":"brentwood bay","region":"bc","country":"CA","population":null,"tier":"major","source":"ODHF"}},{"type":"Feature","geometry":{"type":"Point","coordinates":[-119.4624632,49.899644099999996]},"properties":{"name":"Smithson Place Home","facility":"Nursing and residential care facilities","city":"kelowna","region":"bc","country":"CA","population":null,"tier":"major","source":"ODHF"}},{"type":"Feature","geometry":{"type":"Point","coordinates":[-119.38289109999998,49.898764]},"properties":{"name":"Solly Court","facility":"Nursing and residential care facilities","city":"kelowna","region":"bc","country":"CA","population":null,"tier":"major","source":"ODHF"}},{"type":"Feature","geometry":{"type":"Point","coordinates":[-123.0982494,49.241574799999995]},"properties":{"name":"Sophia House","facility":"Nursing and residential care facilities","city":"vancouver","region":"bc","country":"CA","population":null,"tier":"major","source":"ODHF"}},{"type":"Feature","geometry":{"type":"Point","coordinates":[-119.20284109999999,50.691215500000006]},"properties":{"name":"South Canoe Home","facility":"Nursing and residential care facilities","city":"salmon arm","region":"bc","country":"CA","population":null,"tier":"major","source":"ODHF"}},{"type":"Feature","geometry":{"type":"Point","coordinates":[-123.14200000000001,49.259225]},"properties":{"name":"South Granville Park Lodge","facility":"Nursing and residential care facilities","city":"vancouver","region":"bc","country":"CA","population":null,"tier":"major","source":"ODHF"}},{"type":"Feature","geometry":{"type":"Point","coordinates":[-120.3941722,50.7033639]},"properties":{"name":"South Hills Tertiary Psychiatric Rehabilitation Centre","facility":"Nursing and residential care facilities","city":"kamloops","region":"bc","country":"CA","population":null,"tier":"major","source":"ODHF"}},{"type":"Feature","geometry":{"type":"Point","coordinates":[-123.1195313,49.1351705]},"properties":{"name":"Southdale Manor","facility":"Nursing and residential care facilities","city":"richmond","region":"bc","country":"CA","population":null,"tier":"major","source":"ODHF"}},{"type":"Feature","geometry":{"type":"Point","coordinates":[-122.3563942,49.0565309]},"properties":{"name":"Southern Place","facility":"Nursing and residential care facilities","city":"abbotsford","region":"bc","country":"CA","population":null,"tier":"major","source":"ODHF"}},{"type":"Feature","geometry":{"type":"Point","coordinates":[-119.2508847,50.287077399999994]},"properties":{"name":"Spartan Place","facility":"Nursing and residential care facilities","city":"vernon","region":"bc","country":"CA","population":null,"tier":"major","source":"ODHF"}},{"type":"Feature","geometry":{"type":"Point","coordinates":[-119.41623500000001,49.885121000000005]},"properties":{"name":"Spring Valley Care Centre","facility":"Nursing and residential care facilities","city":"kelowna","region":"bc","country":"CA","population":null,"tier":"major","source":"ODHF"}},{"type":"Feature","geometry":{"type":"Point","coordinates":[-120.3602463,50.658201500000004]},"properties":{"name":"Springridge Group Home","facility":"Nursing and residential care facilities","city":"kamloops","region":"bc","country":"CA","population":null,"tier":"major","source":"ODHF"}},{"type":"Feature","geometry":{"type":"Point","coordinates":[-122.7796175,53.8601203]},"properties":{"name":"St Catherine's Community Home","facility":"Nursing and residential care facilities","city":"prince george","region":"bc","country":"CA","population":null,"tier":"major","source":"ODHF"}},{"type":"Feature","geometry":{"type":"Point","coordinates":[-123.33944340000001,48.424174]},"properties":{"name":"St. Charles Manor","facility":"Nursing and residential care facilities","city":"victoria","region":"bc","country":"CA","population":null,"tier":"major","source":"ODHF"}},{"type":"Feature","geometry":{"type":"Point","coordinates":[-123.12273259999999,49.2468877]},"properties":{"name":"St. Jude's Anglican Home","facility":"Nursing and residential care facilities","city":"vancouver","region":"bc","country":"CA","population":null,"tier":"major","source":"ODHF"}},{"type":"Feature","geometry":{"type":"Point","coordinates":[-123.12321200000001,49.243305]},"properties":{"name":"St. Vincent's Brock Fahrni Pavilion","facility":"Nursing and residential care facilities","city":"vancouver","region":"bc","country":"CA","population":null,"tier":"major","source":"ODHF"}},{"type":"Feature","geometry":{"type":"Point","coordinates":[-123.1112858,49.214793]},"properties":{"name":"St. Vincent's Langara","facility":"Nursing and residential care facilities","city":"vancouver","region":"bc","country":"CA","population":null,"tier":"major","source":"ODHF"}},{"type":"Feature","geometry":{"type":"Point","coordinates":[-123.6628588,48.813819200000005]},"properties":{"name":"Stamps House - v.i.t.a.l.","facility":"Nursing and residential care facilities","city":"duncan","region":"bc","country":"CA","population":null,"tier":"major","source":"ODHF"}},{"type":"Feature","geometry":{"type":"Point","coordinates":[-124.31121,49.316749]},"properties":{"name":"Stanford Seniors Village","facility":"Nursing and residential care facilities","city":"parksville","region":"bc","country":"CA","population":null,"tier":"major","source":"ODHF"}},{"type":"Feature","geometry":{"type":"Point","coordinates":[-123.0909955,49.246892200000005]},"properties":{"name":"Starburst Home Care","facility":"Nursing and residential care facilities","city":"vancouver","region":"bc","country":"CA","population":null,"tier":"major","source":"ODHF"}},{"type":"Feature","geometry":{"type":"Point","coordinates":[-122.77896750000001,49.0253905]},"properties":{"name":"Stayte House","facility":"Nursing and residential care facilities","city":"surrey","region":"bc","country":"CA","population":null,"tier":"major","source":"ODHF"}},{"type":"Feature","geometry":{"type":"Point","coordinates":[-123.182,49.132846]},"properties":{"name":"Steveston Residence","facility":"Nursing and residential care facilities","city":"richmond","region":"bc","country":"CA","population":null,"tier":"standard","source":"ODHF"}},{"type":"Feature","geometry":{"type":"Point","coordinates":[-124.00926000000001,54.028787]},"properties":{"name":"Stuart Nechako Manor","facility":"Nursing and residential care facilities","city":"vanderhoof","region":"bc","country":"CA","population":null,"tier":"major","source":"ODHF"}},{"type":"Feature","geometry":{"type":"Point","coordinates":[-119.66879180000001,49.600055499999996]},"properties":{"name":"Summerland Seniors Village","facility":"Nursing and residential care facilities","city":"summerland","region":"bc","country":"CA","population":null,"tier":"major","source":"ODHF"}},{"type":"Feature","geometry":{"type":"Point","coordinates":[-119.38782450000001,49.8962631]},"properties":{"name":"Sun Pointe Village in Rutland","facility":"Nursing and residential care facilities","city":"kelowna","region":"bc","country":"CA","population":null,"tier":"major","source":"ODHF"}},{"type":"Feature","geometry":{"type":"Point","coordinates":[-122.8450108,49.1156408]},"properties":{"name":"Suncreek Village","facility":"Nursing and residential care facilities","city":"surrey","region":"bc","country":"CA","population":null,"tier":"major","source":"ODHF"}},{"type":"Feature","geometry":{"type":"Point","coordinates":[-122.79778619999999,49.0485655]},"properties":{"name":"Suncrest Retirement Community","facility":"Nursing and residential care facilities","city":"surrey","region":"bc","country":"CA","population":null,"tier":"major","source":"ODHF"}},{"type":"Feature","geometry":{"type":"Point","coordinates":[-119.5401017,49.187837]},"properties":{"name":"Sunnybank Centre","facility":"Nursing and residential care facilities","city":"oliver","region":"bc","country":"CA","population":null,"tier":"major","source":"ODHF"}},{"type":"Feature","geometry":{"type":"Point","coordinates":[-123.0472914,49.3326532]},"properties":{"name":"Sunrise of Lynn Valley","facility":"Nursing and residential care facilities","city":"north vancouver","region":"bc","country":"CA","population":null,"tier":"major","source":"ODHF"}},{"type":"Feature","geometry":{"type":"Point","coordinates":[-123.1278011,49.219576200000006]},"properties":{"name":"Sunrise of Vancouver","facility":"Nursing and residential care facilities","city":"vancouver","region":"bc","country":"CA","population":null,"tier":"major","source":"ODHF"}},{"type":"Feature","geometry":{"type":"Point","coordinates":[-123.36081999999999,48.418884999999996]},"properties":{"name":"Sunrise of Victoria","facility":"Nursing and residential care facilities","city":"victoria","region":"bc","country":"CA","population":null,"tier":"major","source":"ODHF"}},{"type":"Feature","geometry":{"type":"Point","coordinates":[-123.39336709999999,48.4418742]},"properties":{"name":"Sunset Lodge - Salvation Army","facility":"Nursing and residential care facilities","city":"victoria","region":"bc","country":"CA","population":null,"tier":"major","source":"ODHF"}},{"type":"Feature","geometry":{"type":"Point","coordinates":[-124.429,49.773664000000004]},"properties":{"name":"Sunshine Coast Health Centre","facility":"Nursing and residential care facilities","city":"powell river","region":"bc","country":"CA","population":null,"tier":"major","source":"ODHF"}},{"type":"Feature","geometry":{"type":"Point","coordinates":[-116.5153237,49.0979123]},"properties":{"name":"Swan Valley Lodge-30","facility":"Nursing and residential care facilities","city":"creston","region":"bc","country":"CA","population":null,"tier":"major","source":"ODHF"}},{"type":"Feature","geometry":{"type":"Point","coordinates":[-122.4532155,49.0498845]},"properties":{"name":"Swensson House","facility":"Nursing and residential care facilities","city":"abbotsford","region":"bc","country":"CA","population":null,"tier":"major","source":"ODHF"}},{"type":"Feature","geometry":{"type":"Point","coordinates":[-122.338899,49.047016]},"properties":{"name":"Tabor Home","facility":"Nursing and residential care facilities","city":"abbotsford","region":"bc","country":"CA","population":null,"tier":"major","source":"ODHF"}},{"type":"Feature","geometry":{"type":"Point","coordinates":[-123.3908108,48.471073600000004]},"properties":{"name":"Tait Street","facility":"Nursing and residential care facilities","city":"victoria","region":"bc","country":"CA","population":null,"tier":"major","source":"ODHF"}},{"type":"Feature","geometry":{"type":"Point","coordinates":[-117.66142430000001,49.314969299999994]},"properties":{"name":"Talarico Place","facility":"Nursing and residential care facilities","city":"castlegar","region":"bc","country":"CA","population":null,"tier":"major","source":"ODHF"}},{"type":"Feature","geometry":{"type":"Point","coordinates":[-122.55498600000001,49.103715]},"properties":{"name":"Tall Timbers Residence","facility":"Nursing and residential care facilities","city":"langley","region":"bc","country":"CA","population":null,"tier":"standard","source":"ODHF"}},{"type":"Feature","geometry":{"type":"Point","coordinates":[-123.47428000000001,48.445491]},"properties":{"name":"Tamarack House","facility":"Nursing and residential care facilities","city":"victoria","region":"bc","country":"CA","population":null,"tier":"major","source":"ODHF"}},{"type":"Feature","geometry":{"type":"Point","coordinates":[-123.0313165,49.2442213]},"properties":{"name":"Tanner House","facility":"Nursing and residential care facilities","city":"vancouver","region":"bc","country":"CA","population":null,"tier":"major","source":"ODHF"}},{"type":"Feature","geometry":{"type":"Point","coordinates":[-122.29596219999999,49.1440221]},"properties":{"name":"Tavernier Home","facility":"Nursing and residential care facilities","city":"mission","region":"bc","country":"CA","population":null,"tier":"major","source":"ODHF"}},{"type":"Feature","geometry":{"type":"Point","coordinates":[-128.59333999999998,54.533333]},"properties":{"name":"Terraceview Lodge","facility":"Nursing and residential care facilities","city":"terrace","region":"bc","country":"CA","population":null,"tier":"major","source":"ODHF"}},{"type":"Feature","geometry":{"type":"Point","coordinates":[-117.291627,49.4739295]},"properties":{"name":"Teshi House","facility":"Nursing and residential care facilities","city":"nelson","region":"bc","country":"CA","population":null,"tier":"major","source":"ODHF"}},{"type":"Feature","geometry":{"type":"Point","coordinates":[-123.69747,48.777453]},"properties":{"name":"the Arbours at Sunridge Place","facility":"Nursing and residential care facilities","city":"duncan","region":"bc","country":"CA","population":null,"tier":"major","source":"ODHF"}},{"type":"Feature","geometry":{"type":"Point","coordinates":[-123.05799999999999,49.317603999999996]},"properties":{"name":"the Boulevard","facility":"Nursing and residential care facilities","city":"north vancouver","region":"bc","country":"CA","population":null,"tier":"major","source":"ODHF"}},{"type":"Feature","geometry":{"type":"Point","coordinates":[-121.96296979999998,49.160818]},"properties":{"name":"the Cascades","facility":"Nursing and residential care facilities","city":"chilliwack","region":"bc","country":"CA","population":null,"tier":"major","source":"ODHF"}},{"type":"Feature","geometry":{"type":"Point","coordinates":[-122.8309787,49.2075008]},"properties":{"name":"the Chrysalis 22","facility":"Nursing and residential care facilities","city":"surrey","region":"bc","country":"CA","population":null,"tier":"major","source":"ODHF"}},{"type":"Feature","geometry":{"type":"Point","coordinates":[-122.65598700000001,49.136447]},"properties":{"name":"the Classic Homestead - East","facility":"Nursing and residential care facilities","city":"langley","region":"bc","country":"CA","population":null,"tier":"major","source":"ODHF"}},{"type":"Feature","geometry":{"type":"Point","coordinates":[-122.656232,49.136456]},"properties":{"name":"the Classic Homestead - West","facility":"Nursing and residential care facilities","city":"langley","region":"bc","country":"CA","population":null,"tier":"major","source":"ODHF"}},{"type":"Feature","geometry":{"type":"Point","coordinates":[-122.995372,49.233638]},"properties":{"name":"the Crossing House","facility":"Nursing and residential care facilities","city":"burnaby","region":"bc","country":"CA","population":null,"tier":"major","source":"ODHF"}},{"type":"Feature","geometry":{"type":"Point","coordinates":[-122.81282809999999,49.2061108]},"properties":{"name":"the Ellendale Treatment Program - Liz's Place","facility":"Nursing and residential care facilities","city":"surrey","region":"bc","country":"CA","population":null,"tier":"major","source":"ODHF"}},{"type":"Feature","geometry":{"type":"Point","coordinates":[-120.7634019,50.1246261]},"properties":{"name":"the Florentine","facility":"Nursing and residential care facilities","city":"merritt","region":"bc","country":"CA","population":null,"tier":"major","source":"ODHF"}},{"type":"Feature","geometry":{"type":"Point","coordinates":[-124.43763999999999,49.348341]},"properties":{"name":"the Gardens at Qualicum Beach","facility":"Nursing and residential care facilities","city":"qualicum beach","region":"bc","country":"CA","population":null,"tier":"major","source":"ODHF"}},{"type":"Feature","geometry":{"type":"Point","coordinates":[-119.28130149999998,50.264235299999996]},"properties":{"name":"the Gateby","facility":"Nursing and residential care facilities","city":"vernon","region":"bc","country":"CA","population":null,"tier":"major","source":"ODHF"}},{"type":"Feature","geometry":{"type":"Point","coordinates":[-119.58974189999999,49.484061600000004]},"properties":{"name":"the Hamlets at Penticton","facility":"Nursing and residential care facilities","city":"penticton","region":"bc","country":"CA","population":null,"tier":"major","source":"ODHF"}},{"type":"Feature","geometry":{"type":"Point","coordinates":[-119.2714963,50.2628516]},"properties":{"name":"the Hamlets at Vernon","facility":"Nursing and residential care facilities","city":"vernon","region":"bc","country":"CA","population":null,"tier":"major","source":"ODHF"}},{"type":"Feature","geometry":{"type":"Point","coordinates":[-120.34196100000001,50.770821000000005]},"properties":{"name":"the Hamlets at Westsyde","facility":"Nursing and residential care facilities","city":"kamloops","region":"bc","country":"CA","population":null,"tier":"major","source":"ODHF"}},{"type":"Feature","geometry":{"type":"Point","coordinates":[-123.41250890000002,48.477079100000005]},"properties":{"name":"the Heights","facility":"Nursing and residential care facilities","city":"victoria","region":"bc","country":"CA","population":null,"tier":"major","source":"ODHF"}},{"type":"Feature","geometry":{"type":"Point","coordinates":[-123.38131000000001,48.459499]},"properties":{"name":"the Heights at Mount View","facility":"Nursing and residential care facilities","city":"victoria","region":"bc","country":"CA","population":null,"tier":"major","source":"ODHF"}},{"type":"Feature","geometry":{"type":"Point","coordinates":[-123.34603,48.446264]},"properties":{"name":"the Kiwanis Pavilion","facility":"Nursing and residential care facilities","city":"victoria","region":"bc","country":"CA","population":null,"tier":"major","source":"ODHF"}},{"type":"Feature","geometry":{"type":"Point","coordinates":[-122.7026815,49.1317703]},"properties":{"name":"the Residence at Clayton Heights","facility":"Nursing and residential care facilities","city":"surrey","region":"bc","country":"CA","population":null,"tier":"standard","source":"ODHF"}},{"type":"Feature","geometry":{"type":"Point","coordinates":[-122.330124,49.135354]},"properties":{"name":"the Residence in Mission","facility":"Nursing and residential care facilities","city":"mission","region":"bc","country":"CA","population":null,"tier":"standard","source":"ODHF"}},{"type":"Feature","geometry":{"type":"Point","coordinates":[-123.11076259999999,49.162539]},"properties":{"name":"the Richmond Bridge House","facility":"Nursing and residential care facilities","city":"richmond","region":"bc","country":"CA","population":null,"tier":"major","source":"ODHF"}},{"type":"Feature","geometry":{"type":"Point","coordinates":[-122.89798929999999,49.2288744]},"properties":{"name":"the Salvation Army Buchanan Lodge","facility":"Nursing and residential care facilities","city":"new westminster","region":"bc","country":"CA","population":null,"tier":"major","source":"ODHF"}},{"type":"Feature","geometry":{"type":"Point","coordinates":[-123.38888999999999,48.43881]},"properties":{"name":"the Styles Apartments","facility":"Nursing and residential care facilities","city":"victoria","region":"bc","country":"CA","population":null,"tier":"major","source":"ODHF"}},{"type":"Feature","geometry":{"type":"Point","coordinates":[-122.8107662,49.029566700000004]},"properties":{"name":"the Terraces at Evergreen","facility":"Nursing and residential care facilities","city":"white rock","region":"bc","country":"CA","population":null,"tier":"major","source":"ODHF"}},{"type":"Feature","geometry":{"type":"Point","coordinates":[-119.627187,49.842991999999995]},"properties":{"name":"the Village at Smith Creek","facility":"Nursing and residential care facilities","city":"west kelowna","region":"bc","country":"CA","population":null,"tier":"major","source":"ODHF"}},{"type":"Feature","geometry":{"type":"Point","coordinates":[-123.07016029999998,49.0271841]},"properties":{"name":"the Waterford","facility":"Nursing and residential care facilities","city":"delta","region":"bc","country":"CA","population":null,"tier":"major","source":"ODHF"}},{"type":"Feature","geometry":{"type":"Point","coordinates":[-122.29464399999999,49.1366484]},"properties":{"name":"Third Avenue Residence","facility":"Nursing and residential care facilities","city":"mission","region":"bc","country":"CA","population":null,"tier":"standard","source":"ODHF"}},{"type":"Feature","geometry":{"type":"Point","coordinates":[-122.5310159,49.2195003]},"properties":{"name":"Thornton","facility":"Nursing and residential care facilities","city":"maple ridge","region":"bc","country":"CA","population":null,"tier":"major","source":"ODHF"}},{"type":"Feature","geometry":{"type":"Point","coordinates":[-124.97726999999999,49.700739]},"properties":{"name":"Thorpe Rd. House (v.i.t.a.l.)","facility":"Nursing and residential care facilities","city":"courtenay","region":"bc","country":"CA","population":null,"tier":"major","source":"ODHF"}},{"type":"Feature","geometry":{"type":"Point","coordinates":[-123.0429307,49.2503144]},"properties":{"name":"Three Links Care Centre","facility":"Nursing and residential care facilities","city":"vancouver","region":"bc","country":"CA","population":null,"tier":"major","source":"ODHF"}},{"type":"Feature","geometry":{"type":"Point","coordinates":[-119.4669195,49.883268]},"properties":{"name":"Three Links Manor","facility":"Nursing and residential care facilities","city":"kelowna","region":"bc","country":"CA","population":null,"tier":"major","source":"ODHF"}},{"type":"Feature","geometry":{"type":"Point","coordinates":[-123.03837140000002,49.2578371]},"properties":{"name":"Tilikum House","facility":"Nursing and residential care facilities","city":"vancouver","region":"bc","country":"CA","population":null,"tier":"major","source":"ODHF"}},{"type":"Feature","geometry":{"type":"Point","coordinates":[-123.39731,48.459891]},"properties":{"name":"Tillicum Group Home","facility":"Nursing and residential care facilities","city":"victoria","region":"bc","country":"CA","population":null,"tier":"major","source":"ODHF"}},{"type":"Feature","geometry":{"type":"Point","coordinates":[-125.23602,49.962646]},"properties":{"name":"Timberline House","facility":"Nursing and residential care facilities","city":"campbell river","region":"bc","country":"CA","population":null,"tier":"major","source":"ODHF"}},{"type":"Feature","geometry":{"type":"Point","coordinates":[-123.04700000000001,49.236999]},"properties":{"name":"Together We Can","facility":"Nursing and residential care facilities","city":"vancouver","region":"bc","country":"CA","population":null,"tier":"major","source":"ODHF"}},{"type":"Feature","geometry":{"type":"Point","coordinates":[-115.66473300000001,49.685915]},"properties":{"name":"Top of the World Ranch Treatment Centre","facility":"Nursing and residential care facilities","city":"fort steele","region":"bc","country":"CA","population":null,"tier":"major","source":"ODHF"}},{"type":"Feature","geometry":{"type":"Point","coordinates":[-121.9679091,49.139463799999994]},"properties":{"name":"Topaz Place","facility":"Nursing and residential care facilities","city":"chilliwack","region":"bc","country":"CA","population":null,"tier":"major","source":"ODHF"}},{"type":"Feature","geometry":{"type":"Point","coordinates":[-123.758,49.47472]},"properties":{"name":"Totem Lodge","facility":"Nursing and residential care facilities","city":"sechelt","region":"bc","country":"CA","population":null,"tier":"major","source":"ODHF"}},{"type":"Feature","geometry":{"type":"Point","coordinates":[-123.41854,48.449659000000004]},"properties":{"name":"Treebank Home","facility":"Nursing and residential care facilities","city":"victoria","region":"bc","country":"CA","population":null,"tier":"major","source":"ODHF"}},{"type":"Feature","geometry":{"type":"Point","coordinates":[-122.9980666,49.3206867]},"properties":{"name":"Trillium House","facility":"Nursing and residential care facilities","city":"north vancouver","region":"bc","country":"CA","population":null,"tier":"major","source":"ODHF"}},{"type":"Feature","geometry":{"type":"Point","coordinates":[-124.325,49.31138]},"properties":{"name":"Trillium Lodge Extended Care Hospital","facility":"Nursing and residential care facilities","city":"parksville","region":"bc","country":"CA","population":null,"tier":"major","source":"ODHF"}},{"type":"Feature","geometry":{"type":"Point","coordinates":[-119.5822885,49.4644041]},"properties":{"name":"Trinity Centre","facility":"Nursing and residential care facilities","city":"penticton","region":"bc","country":"CA","population":null,"tier":"major","source":"ODHF"}},{"type":"Feature","geometry":{"type":"Point","coordinates":[-124.848,49.269313000000004]},"properties":{"name":"Tsawaayuus (Rainbow Gardens)","facility":"Nursing and residential care facilities","city":"port alberni","region":"bc","country":"CA","population":null,"tier":"major","source":"ODHF"}},{"type":"Feature","geometry":{"type":"Point","coordinates":[-124.04173,49.221571000000004]},"properties":{"name":"Turner Connection","facility":"Nursing and residential care facilities","city":"nanaimo","region":"bc","country":"CA","population":null,"tier":"major","source":"ODHF"}},{"type":"Feature","geometry":{"type":"Point","coordinates":[-123.1082596,49.1820657]},"properties":{"name":"Turning Point Recovery Society - Richmond Men's House","facility":"Nursing and residential care facilities","city":"richmond","region":"bc","country":"CA","population":null,"tier":"major","source":"ODHF"}},{"type":"Feature","geometry":{"type":"Point","coordinates":[-123.1138887,49.259694399999994]},"properties":{"name":"Turning Point Recovery Society - Vancouver","facility":"Nursing and residential care facilities","city":"vancouver","region":"bc","country":"CA","population":null,"tier":"major","source":"ODHF"}},{"type":"Feature","geometry":{"type":"Point","coordinates":[-123.005,49.312108]},"properties":{"name":"Turning Point Recovery Society North Shore Men's","facility":"Nursing and residential care facilities","city":"north vancouver","region":"bc","country":"CA","population":null,"tier":"major","source":"ODHF"}},{"type":"Feature","geometry":{"type":"Point","coordinates":[-123.104,49.334326000000004]},"properties":{"name":"Turning Point Recovery Society North Shore Women's","facility":"Nursing and residential care facilities","city":"north vancouver","region":"bc","country":"CA","population":null,"tier":"major","source":"ODHF"}},{"type":"Feature","geometry":{"type":"Point","coordinates":[-123.1593558,49.138995]},"properties":{"name":"Turning Point Richmond Women's","facility":"Nursing and residential care facilities","city":"richmond","region":"bc","country":"CA","population":null,"tier":"major","source":"ODHF"}},{"type":"Feature","geometry":{"type":"Point","coordinates":[-123.768248,49.482772]},"properties":{"name":"Turnstone","facility":"Nursing and residential care facilities","city":"sechelt","region":"bc","country":"CA","population":null,"tier":"major","source":"ODHF"}},{"type":"Feature","geometry":{"type":"Point","coordinates":[-122.9329777,49.219010600000004]},"properties":{"name":"Twelfth Avenue","facility":"Nursing and residential care facilities","city":"burnaby","region":"bc","country":"CA","population":null,"tier":"major","source":"ODHF"}},{"type":"Feature","geometry":{"type":"Point","coordinates":[-122.4728834,49.0492254]},"properties":{"name":"Twenty Sixth Avenue Home","facility":"Nursing and residential care facilities","city":"aldergrove","region":"bc","country":"CA","population":null,"tier":"major","source":"ODHF"}},{"type":"Feature","geometry":{"type":"Point","coordinates":[-123.35781570000002,48.503458]},"properties":{"name":"Twin Oaks","facility":"Nursing and residential care facilities","city":"victoria","region":"bc","country":"CA","population":null,"tier":"major","source":"ODHF"}},{"type":"Feature","geometry":{"type":"Point","coordinates":[-123.31748999999999,48.490212]},"properties":{"name":"Tyndall Home","facility":"Nursing and residential care facilities","city":"victoria","region":"bc","country":"CA","population":null,"tier":"major","source":"ODHF"}},{"type":"Feature","geometry":{"type":"Point","coordinates":[-122.38571529999999,49.0789671]},"properties":{"name":"Valhaven Rest Home","facility":"Nursing and residential care facilities","city":"abbotsford","region":"bc","country":"CA","population":null,"tier":"major","source":"ODHF"}},{"type":"Feature","geometry":{"type":"Point","coordinates":[-121.96614440000002,49.1664458]},"properties":{"name":"Valleyhaven","facility":"Nursing and residential care facilities","city":"chilliwack","region":"bc","country":"CA","population":null,"tier":"major","source":"ODHF"}},{"type":"Feature","geometry":{"type":"Point","coordinates":[-119.1874706,50.4387917]},"properties":{"name":"Van Kleeck Home","facility":"Nursing and residential care facilities","city":"armstrong","region":"bc","country":"CA","population":null,"tier":"major","source":"ODHF"}},{"type":"Feature","geometry":{"type":"Point","coordinates":[-123.09700000000001,49.267258]},"properties":{"name":"Vancouver Detoxification Centre","facility":"Nursing and residential care facilities","city":"vancouver","region":"bc","country":"CA","population":null,"tier":"major","source":"ODHF"}},{"type":"Feature","geometry":{"type":"Point","coordinates":[-123.14,49.24427]},"properties":{"name":"Vancouver Hospice","facility":"Nursing and residential care facilities","city":"vancouver","region":"bc","country":"CA","population":null,"tier":"limited","source":"ODHF"}},{"type":"Feature","geometry":{"type":"Point","coordinates":[-121.9439663,49.1240739]},"properties":{"name":"Vanmar Place","facility":"Nursing and residential care facilities","city":"chilliwack","region":"bc","country":"CA","population":null,"tier":"major","source":"ODHF"}},{"type":"Feature","geometry":{"type":"Point","coordinates":[-123.10028840000001,49.2590505]},"properties":{"name":"Venture","facility":"Nursing and residential care facilities","city":"vancouver","region":"bc","country":"CA","population":null,"tier":"major","source":"ODHF"}},{"type":"Feature","geometry":{"type":"Point","coordinates":[-123.3676465,48.42991129999999]},"properties":{"name":"Victoria Chinatown Care Centre","facility":"Nursing and residential care facilities","city":"victoria","region":"bc","country":"CA","population":null,"tier":"major","source":"ODHF"}},{"type":"Feature","geometry":{"type":"Point","coordinates":[-120.51588799999999,49.459187899999996]},"properties":{"name":"Victoria House","facility":"Nursing and residential care facilities","city":"princeton","region":"bc","country":"CA","population":null,"tier":"major","source":"ODHF"}},{"type":"Feature","geometry":{"type":"Point","coordinates":[-122.916128,49.205615]},"properties":{"name":"Victoria Rest Home Ltd.","facility":"Nursing and residential care facilities","city":"new westminster","region":"bc","country":"CA","population":null,"tier":"major","source":"ODHF"}},{"type":"Feature","geometry":{"type":"Point","coordinates":[-123.09636299999998,49.28248129999999]},"properties":{"name":"Victory House","facility":"Nursing and residential care facilities","city":"vancouver","region":"bc","country":"CA","population":null,"tier":"major","source":"ODHF"}},{"type":"Feature","geometry":{"type":"Point","coordinates":[-123.38733,48.49645]},"properties":{"name":"Viewmont House","facility":"Nursing and residential care facilities","city":"victoria","region":"bc","country":"CA","population":null,"tier":"major","source":"ODHF"}},{"type":"Feature","geometry":{"type":"Point","coordinates":[-123.0521465,49.256583899999995]},"properties":{"name":"Villa Carital","facility":"Nursing and residential care facilities","city":"vancouver","region":"bc","country":"CA","population":null,"tier":"major","source":"ODHF"}},{"type":"Feature","geometry":{"type":"Point","coordinates":[-123.084,49.277208]},"properties":{"name":"Villa Cathay Care Home","facility":"Nursing and residential care facilities","city":"vancouver","region":"bc","country":"CA","population":null,"tier":"major","source":"ODHF"}},{"type":"Feature","geometry":{"type":"Point","coordinates":[-122.674722,49.073088]},"properties":{"name":"Village Langley (the)","facility":"Nursing and residential care facilities","city":"langley","region":"bc","country":"CA","population":null,"tier":"major","source":"ODHF"}},{"type":"Feature","geometry":{"type":"Point","coordinates":[-119.46055420000002,49.8882963]},"properties":{"name":"Villeneuve House","facility":"Nursing and residential care facilities","city":"kelowna","region":"bc","country":"CA","population":null,"tier":"major","source":"ODHF"}},{"type":"Feature","geometry":{"type":"Point","coordinates":[-123.14476409999999,49.2615516]},"properties":{"name":"Virginia House","facility":"Nursing and residential care facilities","city":"vancouver","region":"bc","country":"CA","population":null,"tier":"major","source":"ODHF"}},{"type":"Feature","geometry":{"type":"Point","coordinates":[-123.071,49.254868]},"properties":{"name":"Vista","facility":"Nursing and residential care facilities","city":"vancouver","region":"bc","country":"CA","population":null,"tier":"major","source":"ODHF"}},{"type":"Feature","geometry":{"type":"Point","coordinates":[-122.97450990000002,49.2135719]},"properties":{"name":"Vista House","facility":"Nursing and residential care facilities","city":"burnaby","region":"bc","country":"CA","population":null,"tier":"major","source":"ODHF"}},{"type":"Feature","geometry":{"type":"Point","coordinates":[-120.33798999999999,50.653665000000004]},"properties":{"name":"Waddington Group Home","facility":"Nursing and residential care facilities","city":"kamloops","region":"bc","country":"CA","population":null,"tier":"major","source":"ODHF"}},{"type":"Feature","geometry":{"type":"Point","coordinates":[-119.3836707,49.90558920000001]},"properties":{"name":"Wallace Road Duplex","facility":"Nursing and residential care facilities","city":"kelowna","region":"bc","country":"CA","population":null,"tier":"major","source":"ODHF"}},{"type":"Feature","geometry":{"type":"Point","coordinates":[-123.0014172,49.3216264]},"properties":{"name":"Walpole House","facility":"Nursing and residential care facilities","city":"north vancouver","region":"bc","country":"CA","population":null,"tier":"major","source":"ODHF"}},{"type":"Feature","geometry":{"type":"Point","coordinates":[-119.207355,50.443508]},"properties":{"name":"Warner House","facility":"Nursing and residential care facilities","city":"armstrong","region":"bc","country":"CA","population":null,"tier":"major","source":"ODHF"}},{"type":"Feature","geometry":{"type":"Point","coordinates":[-123.3852909,48.453190899999996]},"properties":{"name":"Wascana House","facility":"Nursing and residential care facilities","city":"victoria","region":"bc","country":"CA","population":null,"tier":"major","source":"ODHF"}},{"type":"Feature","geometry":{"type":"Point","coordinates":[-123.17999440000001,49.2697648]},"properties":{"name":"Waterloo Rest Home Ltd","facility":"Nursing and residential care facilities","city":"vancouver","region":"bc","country":"CA","population":null,"tier":"major","source":"ODHF"}},{"type":"Feature","geometry":{"type":"Point","coordinates":[-121.95191000000001,49.155592999999996]},"properties":{"name":"Waverly Seniors Village","facility":"Nursing and residential care facilities","city":"chilliwack","region":"bc","country":"CA","population":null,"tier":"major","source":"ODHF"}},{"type":"Feature","geometry":{"type":"Point","coordinates":[-122.76209240000001,49.278845399999994]},"properties":{"name":"Wellington Street Group Home","facility":"Nursing and residential care facilities","city":"port coquitlam","region":"bc","country":"CA","population":null,"tier":"major","source":"ODHF"}},{"type":"Feature","geometry":{"type":"Point","coordinates":[-122.8936793,49.2325521]},"properties":{"name":"Wells Gray Place","facility":"Nursing and residential care facilities","city":"new westminster","region":"bc","country":"CA","population":null,"tier":"major","source":"ODHF"}},{"type":"Feature","geometry":{"type":"Point","coordinates":[-123.11393559999999,49.213449700000005]},"properties":{"name":"West 63rd Home","facility":"Nursing and residential care facilities","city":"vancouver","region":"bc","country":"CA","population":null,"tier":"major","source":"ODHF"}},{"type":"Feature","geometry":{"type":"Point","coordinates":[-117.299647,49.4808886]},"properties":{"name":"West Houston","facility":"Nursing and residential care facilities","city":"nelson","region":"bc","country":"CA","population":null,"tier":"major","source":"ODHF"}},{"type":"Feature","geometry":{"type":"Point","coordinates":[-122.79775420000001,49.0482742]},"properties":{"name":"West Shore Laylum","facility":"Nursing and residential care facilities","city":"surrey","region":"bc","country":"CA","population":null,"tier":"major","source":"ODHF"}},{"type":"Feature","geometry":{"type":"Point","coordinates":[-123.71543999999999,48.850249]},"properties":{"name":"Westholme Road Group Home","facility":"Nursing and residential care facilities","city":"duncan","region":"bc","country":"CA","population":null,"tier":"major","source":"ODHF"}},{"type":"Feature","geometry":{"type":"Point","coordinates":[-122.83698899999999,49.032828]},"properties":{"name":"Westminster House","facility":"Nursing and residential care facilities","city":"surrey","region":"bc","country":"CA","population":null,"tier":"major","source":"ODHF"}},{"type":"Feature","geometry":{"type":"Point","coordinates":[-124.84664340000002,49.2734596]},"properties":{"name":"Westporte Residence","facility":"Nursing and residential care facilities","city":"port alberni","region":"bc","country":"CA","population":null,"tier":"standard","source":"ODHF"}},{"type":"Feature","geometry":{"type":"Point","coordinates":[-120.3494264,50.758769]},"properties":{"name":"Westsyde Care Annex","facility":"Nursing and residential care facilities","city":"kamloops","region":"bc","country":"CA","population":null,"tier":"major","source":"ODHF"}},{"type":"Feature","geometry":{"type":"Point","coordinates":[-124.01553,49.17259]},"properties":{"name":"Westwood Group Home","facility":"Nursing and residential care facilities","city":"nanaimo","region":"bc","country":"CA","population":null,"tier":"major","source":"ODHF"}},{"type":"Feature","geometry":{"type":"Point","coordinates":[-113.108947,50.124098]},"properties":{"name":"Little Bow Continuing Care Centre","facility":"Nursing and residential care facilities","city":"carmangay","region":"ab","country":"CA","population":null,"tier":"major","source":"ODHF"}},{"type":"Feature","geometry":{"type":"Point","coordinates":[-123.92555,49.131794]},"properties":{"name":"Wexford Creek","facility":"Nursing and residential care facilities","city":"nanaimo","region":"bc","country":"CA","population":null,"tier":"major","source":"ODHF"}},{"type":"Feature","geometry":{"type":"Point","coordinates":[-123.14,49.69963]},"properties":{"name":"Whistler Blackcomb Sea to Sky Community Hospice","facility":"Nursing and residential care facilities","city":"squamish","region":"bc","country":"CA","population":null,"tier":"limited","source":"ODHF"}},{"type":"Feature","geometry":{"type":"Point","coordinates":[-119.47761440000001,49.85067539999999]},"properties":{"name":"White Heather Manor","facility":"Nursing and residential care facilities","city":"kelowna","region":"bc","country":"CA","population":null,"tier":"major","source":"ODHF"}},{"type":"Feature","geometry":{"type":"Point","coordinates":[-122.78915020000001,49.0236424]},"properties":{"name":"White Rock Seniors Village","facility":"Nursing and residential care facilities","city":"white rock","region":"bc","country":"CA","population":null,"tier":"major","source":"ODHF"}},{"type":"Feature","geometry":{"type":"Point","coordinates":[-122.79310900000002,49.031791]},"properties":{"name":"Whitecliff Retirement Residence","facility":"Nursing and residential care facilities","city":"surrey","region":"bc","country":"CA","population":null,"tier":"standard","source":"ODHF"}},{"type":"Feature","geometry":{"type":"Point","coordinates":[-123.68607,48.798265]},"properties":{"name":"Wicks Road Group Home","facility":"Nursing and residential care facilities","city":"duncan","region":"bc","country":"CA","population":null,"tier":"major","source":"ODHF"}},{"type":"Feature","geometry":{"type":"Point","coordinates":[-123.39770459999998,48.5567761]},"properties":{"name":"Wilcox Home","facility":"Nursing and residential care facilities","city":"victoria","region":"bc","country":"CA","population":null,"tier":"major","source":"ODHF"}},{"type":"Feature","geometry":{"type":"Point","coordinates":[-123.0534125,49.330730700000004]},"properties":{"name":"Wilding Way","facility":"Nursing and residential care facilities","city":"north vancouver","region":"bc","country":"CA","population":null,"tier":"major","source":"ODHF"}},{"type":"Feature","geometry":{"type":"Point","coordinates":[-110.017784,53.274952]},"properties":{"name":"Lloydminster Continuing Care Centre","facility":"Nursing and residential care facilities","city":"lloydminster","region":"ab","country":"CA","population":null,"tier":"major","source":"ODHF"}},{"type":"Feature","geometry":{"type":"Point","coordinates":[-122.13973680000001,52.1297698]},"properties":{"name":"Williams Lake Community Mental Health and Addiction Services","facility":"Nursing and residential care facilities","city":"williams lake","region":"bc","country":"CA","population":null,"tier":"major","source":"ODHF"}},{"type":"Feature","geometry":{"type":"Point","coordinates":[-122.1593926,52.1520084]},"properties":{"name":"Williams Lake Seniors Village","facility":"Nursing and residential care facilities","city":"williams lake","region":"bc","country":"CA","population":null,"tier":"major","source":"ODHF"}},{"type":"Feature","geometry":{"type":"Point","coordinates":[-123.13144380000001,49.140605900000004]},"properties":{"name":"Williams Road Group Home","facility":"Nursing and residential care facilities","city":"richmond","region":"bc","country":"CA","population":null,"tier":"major","source":"ODHF"}},{"type":"Feature","geometry":{"type":"Point","coordinates":[-124.51899999999999,49.849859]},"properties":{"name":"Willingdon Creek Village","facility":"Nursing and residential care facilities","city":"powell river","region":"bc","country":"CA","population":null,"tier":"major","source":"ODHF"}},{"type":"Feature","geometry":{"type":"Point","coordinates":[-119.2599452,50.255446500000005]},"properties":{"name":"Willow House","facility":"Nursing and residential care facilities","city":"vernon","region":"bc","country":"CA","population":null,"tier":"major","source":"ODHF"}},{"type":"Feature","geometry":{"type":"Point","coordinates":[-122.6020158,49.2253273]},"properties":{"name":"Willow Manor Care Centre","facility":"Nursing and residential care facilities","city":"maple ridge","region":"bc","country":"CA","population":null,"tier":"major","source":"ODHF"}},{"type":"Feature","geometry":{"type":"Point","coordinates":[-119.2705047,50.255026799999996]},"properties":{"name":"Willowview","facility":"Nursing and residential care facilities","city":"vernon","region":"bc","country":"CA","population":null,"tier":"major","source":"ODHF"}},{"type":"Feature","geometry":{"type":"Point","coordinates":[-121.932773,49.171290899999995]},"properties":{"name":"Wilmada Place","facility":"Nursing and residential care facilities","city":"chilliwack","region":"bc","country":"CA","population":null,"tier":"major","source":"ODHF"}},{"type":"Feature","geometry":{"type":"Point","coordinates":[-123.125,49.260325]},"properties":{"name":"Windermere Care Centre","facility":"Nursing and residential care facilities","city":"vancouver","region":"bc","country":"CA","population":null,"tier":"major","source":"ODHF"}},{"type":"Feature","geometry":{"type":"Point","coordinates":[-123.01420420000001,49.309766700000004]},"properties":{"name":"Windridge House","facility":"Nursing and residential care facilities","city":"north vancouver","region":"bc","country":"CA","population":null,"tier":"major","source":"ODHF"}},{"type":"Feature","geometry":{"type":"Point","coordinates":[-122.85832420000001,49.2538639]},"properties":{"name":"Wingate House","facility":"Nursing and residential care facilities","city":"coquitlam","region":"bc","country":"CA","population":null,"tier":"major","source":"ODHF"}},{"type":"Feature","geometry":{"type":"Point","coordinates":[-123.1686393,49.266044799999996]},"properties":{"name":"Winston Manor","facility":"Nursing and residential care facilities","city":"vancouver","region":"bc","country":"CA","population":null,"tier":"major","source":"ODHF"}},{"type":"Feature","geometry":{"type":"Point","coordinates":[-123.73071999999999,48.782618]},"properties":{"name":"Wisteria House Group Home","facility":"Nursing and residential care facilities","city":"duncan","region":"bc","country":"CA","population":null,"tier":"major","source":"ODHF"}},{"type":"Feature","geometry":{"type":"Point","coordinates":[-124.04333429999998,49.229161100000006]},"properties":{"name":"Woodgrove Manor","facility":"Nursing and residential care facilities","city":"nanaimo","region":"bc","country":"CA","population":null,"tier":"major","source":"ODHF"}},{"type":"Feature","geometry":{"type":"Point","coordinates":[-123.15844809999999,49.1592408]},"properties":{"name":"Woodrich","facility":"Nursing and residential care facilities","city":"richmond","region":"bc","country":"CA","population":null,"tier":"major","source":"ODHF"}},{"type":"Feature","geometry":{"type":"Point","coordinates":[-123.07777109999999,49.214385]},"properties":{"name":"Woodvan","facility":"Nursing and residential care facilities","city":"vancouver","region":"bc","country":"CA","population":null,"tier":"major","source":"ODHF"}},{"type":"Feature","geometry":{"type":"Point","coordinates":[-123.1592847,49.143749799999995]},"properties":{"name":"Woodwards Home","facility":"Nursing and residential care facilities","city":"richmond","region":"bc","country":"CA","population":null,"tier":"major","source":"ODHF"}},{"type":"Feature","geometry":{"type":"Point","coordinates":[-122.85866259999999,49.1883729]},"properties":{"name":"Yale House","facility":"Nursing and residential care facilities","city":"surrey","region":"bc","country":"CA","population":null,"tier":"major","source":"ODHF"}},{"type":"Feature","geometry":{"type":"Point","coordinates":[-123.119,49.275271999999994]},"properties":{"name":"Yaletown House","facility":"Nursing and residential care facilities","city":"vancouver","region":"bc","country":"CA","population":null,"tier":"major","source":"ODHF"}},{"type":"Feature","geometry":{"type":"Point","coordinates":[-123.15908529999999,49.230025399999995]},"properties":{"name":"Yew Residence","facility":"Nursing and residential care facilities","city":"vancouver","region":"bc","country":"CA","population":null,"tier":"standard","source":"ODHF"}},{"type":"Feature","geometry":{"type":"Point","coordinates":[-123.12,49.24058]},"properties":{"name":"Youville Residence","facility":"Nursing and residential care facilities","city":"vancouver","region":"bc","country":"CA","population":null,"tier":"standard","source":"ODHF"}},{"type":"Feature","geometry":{"type":"Point","coordinates":[-125.24531,50.009873]},"properties":{"name":"Yucalta Lodge","facility":"Nursing and residential care facilities","city":"campbell river","region":"bc","country":"CA","population":null,"tier":"major","source":"ODHF"}},{"type":"Feature","geometry":{"type":"Point","coordinates":[-122.72421499999999,49.1101454]},"properties":{"name":"Zion Park Manor","facility":"Nursing and residential care facilities","city":"surrey","region":"bc","country":"CA","population":null,"tier":"major","source":"ODHF"}},{"type":"Feature","geometry":{"type":"Point","coordinates":[-97.23552020000001,49.8779998]},"properties":{"name":"Deer Lodge Centre Inc.","facility":"Nursing and residential care facilities","city":"winnipeg","region":"mb","country":"CA","population":null,"tier":"major","source":"ODHF"}},{"type":"Feature","geometry":{"type":"Point","coordinates":[-101.240845,49.976116999999995]},"properties":{"name":"Elkwood Manor","facility":"Nursing and residential care facilities","city":"","region":"mb","country":"CA","population":null,"tier":"major","source":"ODHF"}},{"type":"Feature","geometry":{"type":"Point","coordinates":[-97.119886,49.868759000000004]},"properties":{"name":"Riverview Health Centre","facility":"Nursing and residential care facilities","city":"winnipeg","region":"mb","country":"CA","population":null,"tier":"major","source":"ODHF"}},{"type":"Feature","geometry":{"type":"Point","coordinates":[-95.97350420000001,49.955362799999996]},"properties":{"name":"Whitemouth Clinic","facility":"Nursing and residential care facilities","city":"whitemouth","region":"mb","country":"CA","population":null,"tier":"major","source":"ODHF"}},{"type":"Feature","geometry":{"type":"Point","coordinates":[-52.695163,47.576217]},"properties":{"name":"the Dr. Leonard a. Miller Centre","facility":"Nursing and residential care facilities","city":"st johns","region":"nl","country":"CA","population":null,"tier":"major","source":"ODHF"}},{"type":"Feature","geometry":{"type":"Point","coordinates":[-60.7655569,46.09560382]},"properties":{"name":"Alderwood","facility":"Nursing and residential care facilities","city":"baddeck","region":"ns","country":"CA","population":null,"tier":"major","source":"ODHF"}},{"type":"Feature","geometry":{"type":"Point","coordinates":[-65.50017693,44.73538941]},"properties":{"name":"Annapolis Royal Nursing Home Limited","facility":"Nursing and residential care facilities","city":"annapolis royal","region":"ns","country":"CA","population":null,"tier":"major","source":"ODHF"}},{"type":"Feature","geometry":{"type":"Point","coordinates":[-63.60822714,44.6328756]},"properties":{"name":"Arborstone Enhanced Care","facility":"Nursing and residential care facilities","city":"halifax","region":"ns","country":"CA","population":null,"tier":"major","source":"ODHF"}},{"type":"Feature","geometry":{"type":"Point","coordinates":[-66.1529628,44.19395069]},"properties":{"name":"AU LOGIS D'METEGHAN LTD.","facility":"Nursing and residential care facilities","city":"meteghan","region":"ns","country":"CA","population":null,"tier":"major","source":"ODHF"}},{"type":"Feature","geometry":{"type":"Point","coordinates":[-64.79483503,45.3462119]},"properties":{"name":"Bayview Memorial Health Centre","facility":"Nursing and residential care facilities","city":"advocate harbour","region":"ns","country":"CA","population":null,"tier":"major","source":"ODHF"}},{"type":"Feature","geometry":{"type":"Point","coordinates":[-63.49031476,44.67789912]},"properties":{"name":"Bissett Court","facility":"Nursing and residential care facilities","city":"cole harbour","region":"ns","country":"CA","population":null,"tier":"major","source":"ODHF"}},{"type":"Feature","geometry":{"type":"Point","coordinates":[-64.40682884,45.07640112]},"properties":{"name":"Blomidon Court","facility":"Nursing and residential care facilities","city":"greenwich","region":"ns","country":"CA","population":null,"tier":"major","source":"ODHF"}},{"type":"Feature","geometry":{"type":"Point","coordinates":[-60.1673939,46.1708223]},"properties":{"name":"Carefield Manor Ltd","facility":"Nursing and residential care facilities","city":"sydney","region":"ns","country":"CA","population":null,"tier":"major","source":"ODHF"}},{"type":"Feature","geometry":{"type":"Point","coordinates":[-63.27590922,45.35048296]},"properties":{"name":"Cedarstone Enhanced Care Limited","facility":"Nursing and residential care facilities","city":"truro","region":"ns","country":"CA","population":null,"tier":"major","source":"ODHF"}},{"type":"Feature","geometry":{"type":"Point","coordinates":[-60.19465838,46.12197357]},"properties":{"name":"Celtic Court","facility":"Nursing and residential care facilities","city":"sydney","region":"ns","country":"CA","population":null,"tier":"major","source":"ODHF"}},{"type":"Feature","geometry":{"type":"Point","coordinates":[-64.18990713,45.82402994]},"properties":{"name":"Centennial Villa","facility":"Nursing and residential care facilities","city":"amherst","region":"ns","country":"CA","population":null,"tier":"major","source":"ODHF"}},{"type":"Feature","geometry":{"type":"Point","coordinates":[-64.77821416,45.33572452]},"properties":{"name":"Chignecto Manor","facility":"Nursing and residential care facilities","city":"advocate harbour","region":"ns","country":"CA","population":null,"tier":"major","source":"ODHF"}},{"type":"Feature","geometry":{"type":"Point","coordinates":[-63.53262551,44.68353015]},"properties":{"name":"Clarmar Residential Care Facility","facility":"Nursing and residential care facilities","city":"dartmouth","region":"ns","country":"CA","population":null,"tier":"major","source":"ODHF"}},{"type":"Feature","geometry":{"type":"Point","coordinates":[-63.45367776,45.43524004]},"properties":{"name":"Debert Court","facility":"Nursing and residential care facilities","city":"debert","region":"ns","country":"CA","population":null,"tier":"major","source":"ODHF"}},{"type":"Feature","geometry":{"type":"Point","coordinates":[-60.20140324,46.05163944]},"properties":{"name":"Dutch Brook Guest Home","facility":"Nursing and residential care facilities","city":"dutch brook","region":"ns","country":"CA","population":null,"tier":"major","source":"ODHF"}},{"type":"Feature","geometry":{"type":"Point","coordinates":[-64.12698544,44.979763899999995]},"properties":{"name":"Dykeland Lodge","facility":"Nursing and residential care facilities","city":"windsor","region":"ns","country":"CA","population":null,"tier":"major","source":"ODHF"}},{"type":"Feature","geometry":{"type":"Point","coordinates":[-63.65756956,45.85652617]},"properties":{"name":"East Cumberland Lodge","facility":"Nursing and residential care facilities","city":"pugwash","region":"ns","country":"CA","population":null,"tier":"major","source":"ODHF"}},{"type":"Feature","geometry":{"type":"Point","coordinates":[-63.2772736,45.2580136]},"properties":{"name":"Elk Court","facility":"Nursing and residential care facilities","city":"brookfield","region":"ns","country":"CA","population":null,"tier":"major","source":"ODHF"}},{"type":"Feature","geometry":{"type":"Point","coordinates":[-64.54005837,45.07629159]},"properties":{"name":"Evergreen Home for Special Care","facility":"Nursing and residential care facilities","city":"kentville","region":"ns","country":"CA","population":null,"tier":"major","source":"ODHF"}},{"type":"Feature","geometry":{"type":"Point","coordinates":[-66.16954720000001,44.18382208]},"properties":{"name":"Foyer Celeste Inc","facility":"Nursing and residential care facilities","city":"meteghan","region":"ns","country":"CA","population":null,"tier":"major","source":"ODHF"}},{"type":"Feature","geometry":{"type":"Point","coordinates":[-64.18951872,45.82493255]},"properties":{"name":"Gables Lodge Limited","facility":"Nursing and residential care facilities","city":"amherst","region":"ns","country":"CA","population":null,"tier":"major","source":"ODHF"}},{"type":"Feature","geometry":{"type":"Point","coordinates":[-63.53063283,44.66571626]},"properties":{"name":"Glasgow Hall - Parklands at the Lakes Limited","facility":"Nursing and residential care facilities","city":"dartmouth","region":"ns","country":"CA","population":null,"tier":"major","source":"ODHF"}},{"type":"Feature","geometry":{"type":"Point","coordinates":[-62.64393570000001,45.57493525]},"properties":{"name":"Glen Haven Manor","facility":"Nursing and residential care facilities","city":"new glasgow","region":"ns","country":"CA","population":null,"tier":"major","source":"ODHF"}},{"type":"Feature","geometry":{"type":"Point","coordinates":[-64.72859639,45.03538522]},"properties":{"name":"Grand View Manor","facility":"Nursing and residential care facilities","city":"berwick","region":"ns","country":"CA","population":null,"tier":"major","source":"ODHF"}},{"type":"Feature","geometry":{"type":"Point","coordinates":[-64.12037375,44.98638355]},"properties":{"name":"Haliburton Place","facility":"Nursing and residential care facilities","city":"windsor","region":"ns","country":"CA","population":null,"tier":"major","source":"ODHF"}},{"type":"Feature","geometry":{"type":"Point","coordinates":[-64.30247321,44.377073700000004]},"properties":{"name":"Harbour View Haven","facility":"Nursing and residential care facilities","city":"lunenburg","region":"ns","country":"CA","population":null,"tier":"major","source":"ODHF"}},{"type":"Feature","geometry":{"type":"Point","coordinates":[-60.21381807,46.10704016]},"properties":{"name":"Harbourstone Enhanced Care Limited","facility":"Nursing and residential care facilities","city":"sydney","region":"ns","country":"CA","population":null,"tier":"major","source":"ODHF"}},{"type":"Feature","geometry":{"type":"Point","coordinates":[-62.53265876,44.920405]},"properties":{"name":"Harbourview Lodge Continuing Care Centre","facility":"Nursing and residential care facilities","city":"sheet harbour","region":"ns","country":"CA","population":null,"tier":"major","source":"ODHF"}},{"type":"Feature","geometry":{"type":"Point","coordinates":[-65.06681003,44.95050711]},"properties":{"name":"Heart of the Valley - Long Term Care Centre","facility":"Nursing and residential care facilities","city":"middleton","region":"ns","country":"CA","population":null,"tier":"major","source":"ODHF"}},{"type":"Feature","geometry":{"type":"Point","coordinates":[-62.641853399999995,45.58562993]},"properties":{"name":"High - Crest Home New Glasgow","facility":"Nursing and residential care facilities","city":"new glasgow","region":"ns","country":"CA","population":null,"tier":"major","source":"ODHF"}},{"type":"Feature","geometry":{"type":"Point","coordinates":[-62.64514469,45.58571686]},"properties":{"name":"High - Crest Place","facility":"Nursing and residential care facilities","city":"new glasgow","region":"ns","country":"CA","population":null,"tier":"major","source":"ODHF"}},{"type":"Feature","geometry":{"type":"Point","coordinates":[-61.98116323,45.14081795]},"properties":{"name":"High - Crest Sherbrooke Home for Special Care","facility":"Nursing and residential care facilities","city":"sherbrooke","region":"ns","country":"CA","population":null,"tier":"major","source":"ODHF"}},{"type":"Feature","geometry":{"type":"Point","coordinates":[-64.04933620000001,45.649513]},"properties":{"name":"High - Crest Springhill Home for Special Care Ltd","facility":"Nursing and residential care facilities","city":"springhill","region":"ns","country":"CA","population":null,"tier":"major","source":"ODHF"}},{"type":"Feature","geometry":{"type":"Point","coordinates":[-61.99047184,45.6176844]},"properties":{"name":"Highland Crest Residential Care Facility","facility":"Nursing and residential care facilities","city":"antigonish","region":"ns","country":"CA","population":null,"tier":"major","source":"ODHF"}},{"type":"Feature","geometry":{"type":"Point","coordinates":[-60.32216494,46.81096704]},"properties":{"name":"Highland Manor","facility":"Nursing and residential care facilities","city":"neils harbour","region":"ns","country":"CA","population":null,"tier":"major","source":"ODHF"}},{"type":"Feature","geometry":{"type":"Point","coordinates":[-64.52064795,44.36887146]},"properties":{"name":"Hillside Pines Home for Special Care","facility":"Nursing and residential care facilities","city":"bridgewater","region":"ns","country":"CA","population":null,"tier":"major","source":"ODHF"}},{"type":"Feature","geometry":{"type":"Point","coordinates":[-64.86372431,44.20916426]},"properties":{"name":"Hillsview Acres","facility":"Nursing and residential care facilities","city":"greenfield","region":"ns","country":"CA","population":null,"tier":"major","source":"ODHF"}},{"type":"Feature","geometry":{"type":"Point","coordinates":[-61.30384755,46.22671368]},"properties":{"name":"Inverary Manor","facility":"Nursing and residential care facilities","city":"inverness","region":"ns","country":"CA","population":null,"tier":"major","source":"ODHF"}},{"type":"Feature","geometry":{"type":"Point","coordinates":[-62.63141360000001,45.62311588]},"properties":{"name":"Ivey's Terrace Nursing Home","facility":"Nursing and residential care facilities","city":"trenton","region":"ns","country":"CA","population":null,"tier":"major","source":"ODHF"}},{"type":"Feature","geometry":{"type":"Point","coordinates":[-63.71091493,44.90232904]},"properties":{"name":"Ivy Meadows Continuing Care Centre","facility":"Nursing and residential care facilities","city":"beaverbank","region":"ns","country":"CA","population":null,"tier":"major","source":"ODHF"}},{"type":"Feature","geometry":{"type":"Point","coordinates":[-63.25979318,45.37554221]},"properties":{"name":"Karlaine Place","facility":"Nursing and residential care facilities","city":"bible hill","region":"ns","country":"CA","population":null,"tier":"major","source":"ODHF"}},{"type":"Feature","geometry":{"type":"Point","coordinates":[-64.666718,45.057382000000004]},"properties":{"name":"Kings Regional Health & Regional Rehabilitation Centre","facility":"Nursing and residential care facilities","city":"cambridge","region":"ns","country":"CA","population":null,"tier":"major","source":"ODHF"}},{"type":"Feature","geometry":{"type":"Point","coordinates":[-64.64425866,44.58428314]},"properties":{"name":"Lohnes Rest Home","facility":"Nursing and residential care facilities","city":"barss corner","region":"ns","country":"CA","population":null,"tier":"major","source":"ODHF"}},{"type":"Feature","geometry":{"type":"Point","coordinates":[-64.3771694,44.4477332]},"properties":{"name":"Mahone Nursing Home","facility":"Nursing and residential care facilities","city":"mahone bay","region":"ns","country":"CA","population":null,"tier":"major","source":"ODHF"}},{"type":"Feature","geometry":{"type":"Point","coordinates":[-60.08543333,46.24071186]},"properties":{"name":"Maple Hill Manor","facility":"Nursing and residential care facilities","city":"new waterford","region":"ns","country":"CA","population":null,"tier":"major","source":"ODHF"}},{"type":"Feature","geometry":{"type":"Point","coordinates":[-63.64920759,44.65374305]},"properties":{"name":"Maplestone Enhanced Care Limited","facility":"Nursing and residential care facilities","city":"halifax","region":"ns","country":"CA","population":null,"tier":"major","source":"ODHF"}},{"type":"Feature","geometry":{"type":"Point","coordinates":[-65.32470646,43.76568776]},"properties":{"name":"Mary's Abide-a-While Home Ltd","facility":"Nursing and residential care facilities","city":"shelburne","region":"ns","country":"CA","population":null,"tier":"major","source":"ODHF"}},{"type":"Feature","geometry":{"type":"Point","coordinates":[-63.61463688,44.63200392]},"properties":{"name":"Melville Gardens Nursing Home","facility":"Nursing and residential care facilities","city":"halifax","region":"ns","country":"CA","population":null,"tier":"major","source":"ODHF"}},{"type":"Feature","geometry":{"type":"Point","coordinates":[-63.61525121,44.62956069]},"properties":{"name":"Melville Lodge","facility":"Nursing and residential care facilities","city":"halifax","region":"ns","country":"CA","population":null,"tier":"major","source":"ODHF"}},{"type":"Feature","geometry":{"type":"Point","coordinates":[-61.50709367,45.40211233]},"properties":{"name":"Milford Haven Corporation","facility":"Nursing and residential care facilities","city":"guysborough","region":"ns","country":"CA","population":null,"tier":"major","source":"ODHF"}},{"type":"Feature","geometry":{"type":"Point","coordinates":[-60.21829662,46.23959752]},"properties":{"name":"Miner's Memorial Manor","facility":"Nursing and residential care facilities","city":"sydney mines","region":"ns","country":"CA","population":null,"tier":"major","source":"ODHF"}},{"type":"Feature","geometry":{"type":"Point","coordinates":[-63.64660355,45.08188105]},"properties":{"name":"Mitchell's Rest Home","facility":"Nursing and residential care facilities","city":"upper nine mile river","region":"ns","country":"CA","population":null,"tier":"major","source":"ODHF"}},{"type":"Feature","geometry":{"type":"Point","coordinates":[-65.29260802,44.84888674]},"properties":{"name":"Mountain Lea Lodge","facility":"Nursing and residential care facilities","city":"bridgetown north","region":"ns","country":"CA","population":null,"tier":"major","source":"ODHF"}},{"type":"Feature","geometry":{"type":"Point","coordinates":[-63.13996247,45.03997373]},"properties":{"name":"Musquodoboit Valley Home for Special Care Association","facility":"Nursing and residential care facilities","city":"middle musquodoboit","region":"ns","country":"CA","population":null,"tier":"major","source":"ODHF"}},{"type":"Feature","geometry":{"type":"Point","coordinates":[-60.26941415,46.20477157]},"properties":{"name":"My Cape Breton Home for Seniors - North Sydney","facility":"Nursing and residential care facilities","city":"north sydney","region":"ns","country":"CA","population":null,"tier":"major","source":"ODHF"}},{"type":"Feature","geometry":{"type":"Point","coordinates":[-60.22143907,46.11836193]},"properties":{"name":"My Cape Breton Home for Seniors - Sydney","facility":"Nursing and residential care facilities","city":"sydney","region":"ns","country":"CA","population":null,"tier":"major","source":"ODHF"}},{"type":"Feature","geometry":{"type":"Point","coordinates":[-64.72327232,45.03433004]},"properties":{"name":"New Visions Home for Seniors","facility":"Nursing and residential care facilities","city":"berwick","region":"ns","country":"CA","population":null,"tier":"major","source":"ODHF"}},{"type":"Feature","geometry":{"type":"Point","coordinates":[-65.01481319999999,44.37646364]},"properties":{"name":"North Queens Nursing Home","facility":"Nursing and residential care facilities","city":"caledonia","region":"ns","country":"CA","population":null,"tier":"major","source":"ODHF"}},{"type":"Feature","geometry":{"type":"Point","coordinates":[-60.26263014,46.19500767]},"properties":{"name":"Northside Community Guest Home","facility":"Nursing and residential care facilities","city":"north sydney","region":"ns","country":"CA","population":null,"tier":"major","source":"ODHF"}},{"type":"Feature","geometry":{"type":"Point","coordinates":[-114.04616000000001,52.467743999999996]},"properties":{"name":"Bentley Care Centre","facility":"Nursing and residential care facilities","city":"bentley","region":"ab","country":"CA","population":null,"tier":"major","source":"ODHF"}},{"type":"Feature","geometry":{"type":"Point","coordinates":[-64.18958683,45.82921455]},"properties":{"name":"Northumberland Hall Continuing Care Residence","facility":"Nursing and residential care facilities","city":"amherst","region":"ns","country":"CA","population":null,"tier":"standard","source":"ODHF"}},{"type":"Feature","geometry":{"type":"Point","coordinates":[-63.70626578,44.72371655]},"properties":{"name":"Northwoodcare Bedford Incorporated- Christina & Hedley g. Ivany Place","facility":"Nursing and residential care facilities","city":"bedford","region":"ns","country":"CA","population":null,"tier":"major","source":"ODHF"}},{"type":"Feature","geometry":{"type":"Point","coordinates":[-63.59204668,44.65718076]},"properties":{"name":"Northwoodcare Incorporated","facility":"Nursing and residential care facilities","city":"halifax","region":"ns","country":"CA","population":null,"tier":"major","source":"ODHF"}},{"type":"Feature","geometry":{"type":"Point","coordinates":[-63.54451843,44.65352971]},"properties":{"name":"Oakwood Terrace","facility":"Nursing and residential care facilities","city":"dartmouth","region":"ns","country":"CA","population":null,"tier":"major","source":"ODHF"}},{"type":"Feature","geometry":{"type":"Point","coordinates":[-64.50264685,45.07927263]},"properties":{"name":"Orchard Court Continuing Care Residence","facility":"Nursing and residential care facilities","city":"kentville","region":"ns","country":"CA","population":null,"tier":"standard","source":"ODHF"}},{"type":"Feature","geometry":{"type":"Point","coordinates":[-63.67207336,44.66338256]},"properties":{"name":"Parkstone Enhanced Care Limited","facility":"Nursing and residential care facilities","city":"halifax","region":"ns","country":"CA","population":null,"tier":"major","source":"ODHF"}},{"type":"Feature","geometry":{"type":"Point","coordinates":[-64.41615526,44.25792189]},"properties":{"name":"Peter's Place (Pjd Rehab Housing Inc.)","facility":"Nursing and residential care facilities","city":"pleasnantville","region":"ns","country":"CA","population":null,"tier":"major","source":"ODHF"}},{"type":"Feature","geometry":{"type":"Point","coordinates":[-63.65842992,44.66905884]},"properties":{"name":"Peter's Place Halifax - Pjd Rehab Housing Incorporated","facility":"Nursing and residential care facilities","city":"halifax","region":"ns","country":"CA","population":null,"tier":"major","source":"ODHF"}},{"type":"Feature","geometry":{"type":"Point","coordinates":[-65.80187492,43.63821368]},"properties":{"name":"PONT DU MARAIS HOME LTD","facility":"Nursing and residential care facilities","city":"lower west pubnico","region":"ns","country":"CA","population":null,"tier":"major","source":"ODHF"}},{"type":"Feature","geometry":{"type":"Point","coordinates":[-61.35377710000001,45.619351]},"properties":{"name":"Port Hawkesbury Nursing Home","facility":"Nursing and residential care facilities","city":"port hawkesbury","region":"ns","country":"CA","population":null,"tier":"major","source":"ODHF"}},{"type":"Feature","geometry":{"type":"Point","coordinates":[-63.53563314,44.69066361]},"properties":{"name":"Precision Health - 16 Rannoch Road","facility":"Nursing and residential care facilities","city":"dartmouth","region":"ns","country":"CA","population":null,"tier":"major","source":"ODHF"}},{"type":"Feature","geometry":{"type":"Point","coordinates":[-63.53708654,44.69142556]},"properties":{"name":"Precision Health - 24 Kincardine Street","facility":"Nursing and residential care facilities","city":"dartmouth","region":"ns","country":"CA","population":null,"tier":"major","source":"ODHF"}},{"type":"Feature","geometry":{"type":"Point","coordinates":[-63.65366567,44.65001241]},"properties":{"name":"Precision Health - Washmill Lake Drive Appartments","facility":"Nursing and residential care facilities","city":"halifax","region":"ns","country":"CA","population":null,"tier":"major","source":"ODHF"}},{"type":"Feature","geometry":{"type":"Point","coordinates":[-64.70679145,44.03617567]},"properties":{"name":"Queens Manor","facility":"Nursing and residential care facilities","city":"liverpool","region":"ns","country":"CA","population":null,"tier":"major","source":"ODHF"}},{"type":"Feature","geometry":{"type":"Point","coordinates":[-60.19425513,46.12356627]},"properties":{"name":"r.c. Macgillivray Guest Home","facility":"Nursing and residential care facilities","city":"sydney","region":"ns","country":"CA","population":null,"tier":"major","source":"ODHF"}},{"type":"Feature","geometry":{"type":"Point","coordinates":[-60.87480584,45.65842332]},"properties":{"name":"Richmond Villa","facility":"Nursing and residential care facilities","city":"st peters","region":"ns","country":"CA","population":null,"tier":"major","source":"ODHF"}},{"type":"Feature","geometry":{"type":"Point","coordinates":[-61.99132033,45.62516431]},"properties":{"name":"Rk Macdonald Nursing Home","facility":"Nursing and residential care facilities","city":"antigonish","region":"ns","country":"CA","population":null,"tier":"major","source":"ODHF"}},{"type":"Feature","geometry":{"type":"Point","coordinates":[-64.71115891,44.53721096]},"properties":{"name":"Rosedale Home for Special Care","facility":"Nursing and residential care facilities","city":"new germany","region":"ns","country":"CA","population":null,"tier":"major","source":"ODHF"}},{"type":"Feature","geometry":{"type":"Point","coordinates":[-65.30896095,43.74876507]},"properties":{"name":"Roseway Manor Inc.","facility":"Nursing and residential care facilities","city":"sandy point","region":"ns","country":"CA","population":null,"tier":"major","source":"ODHF"}},{"type":"Feature","geometry":{"type":"Point","coordinates":[-64.50550609,44.38345744]},"properties":{"name":"Ryan Hall","facility":"Nursing and residential care facilities","city":"bridgewater","region":"ns","country":"CA","population":null,"tier":"major","source":"ODHF"}},{"type":"Feature","geometry":{"type":"Point","coordinates":[-63.59419064,44.64791631]},"properties":{"name":"Saint Vincent's Nursing Home","facility":"Nursing and residential care facilities","city":"halifax","region":"ns","country":"CA","population":null,"tier":"major","source":"ODHF"}},{"type":"Feature","geometry":{"type":"Point","coordinates":[-65.28885285,44.84085709]},"properties":{"name":"Saunders Rest Home","facility":"Nursing and residential care facilities","city":"bridgetown","region":"ns","country":"CA","population":null,"tier":"major","source":"ODHF"}},{"type":"Feature","geometry":{"type":"Point","coordinates":[-63.92622043,44.62317275]},"properties":{"name":"Seabright Rest Home Ltd.","facility":"Nursing and residential care facilities","city":"seabright","region":"ns","country":"CA","population":null,"tier":"major","source":"ODHF"}},{"type":"Feature","geometry":{"type":"Point","coordinates":[-63.53505955,44.95087375]},"properties":{"name":"Serenity Lodge","facility":"Nursing and residential care facilities","city":"enfield","region":"ns","country":"CA","population":null,"tier":"major","source":"ODHF"}},{"type":"Feature","geometry":{"type":"Point","coordinates":[-64.23220467,44.54485891]},"properties":{"name":"Shoreham Village","facility":"Nursing and residential care facilities","city":"chester","region":"ns","country":"CA","population":null,"tier":"major","source":"ODHF"}},{"type":"Feature","geometry":{"type":"Point","coordinates":[-61.98085488,45.63114048]},"properties":{"name":"Sisters of St. Martha","facility":"Nursing and residential care facilities","city":"antgonish","region":"ns","country":"CA","population":null,"tier":"major","source":"ODHF"}},{"type":"Feature","geometry":{"type":"Point","coordinates":[-60.19756978,46.186236799999996]},"properties":{"name":"Southview Guest Home Ltd.","facility":"Nursing and residential care facilities","city":"sydney","region":"ns","country":"CA","population":null,"tier":"major","source":"ODHF"}},{"type":"Feature","geometry":{"type":"Point","coordinates":[-61.03191108,45.51104211]},"properties":{"name":"St. Anne Community and Nursing Care Centre","facility":"Nursing and residential care facilities","city":"arichat","region":"ns","country":"CA","population":null,"tier":"major","source":"ODHF"}},{"type":"Feature","geometry":{"type":"Point","coordinates":[-63.62351235,44.63301289]},"properties":{"name":"Sunshine Personal Home Care Inc.","facility":"Nursing and residential care facilities","city":"halifax","region":"ns","country":"CA","population":null,"tier":"major","source":"ODHF"}},{"type":"Feature","geometry":{"type":"Point","coordinates":[-59.977686899999995,46.19945045]},"properties":{"name":"Taigh Na Mara Facility","facility":"Nursing and residential care facilities","city":"glace bay","region":"ns","country":"CA","population":null,"tier":"major","source":"ODHF"}},{"type":"Feature","geometry":{"type":"Point","coordinates":[-60.23555151,46.21820836]},"properties":{"name":"Taigh Solas","facility":"Nursing and residential care facilities","city":"north sydney","region":"ns","country":"CA","population":null,"tier":"major","source":"ODHF"}},{"type":"Feature","geometry":{"type":"Point","coordinates":[-63.54545574,44.68431853]},"properties":{"name":"the Admiral Long Term Care Centre","facility":"Nursing and residential care facilities","city":"dartmouth","region":"ns","country":"CA","population":null,"tier":"major","source":"ODHF"}},{"type":"Feature","geometry":{"type":"Point","coordinates":[-63.15833345,44.78303535]},"properties":{"name":"the Birches","facility":"Nursing and residential care facilities","city":"musquodoboit harbour","region":"ns","country":"CA","population":null,"tier":"major","source":"ODHF"}},{"type":"Feature","geometry":{"type":"Point","coordinates":[-60.19770963,46.12106735]},"properties":{"name":"the Cove Guest Home","facility":"Nursing and residential care facilities","city":"sydney","region":"ns","country":"CA","population":null,"tier":"major","source":"ODHF"}},{"type":"Feature","geometry":{"type":"Point","coordinates":[-61.52808448,46.01450107]},"properties":{"name":"the Heritage House","facility":"Nursing and residential care facilities","city":"port hood","region":"ns","country":"CA","population":null,"tier":"major","source":"ODHF"}},{"type":"Feature","geometry":{"type":"Point","coordinates":[-63.52747659,44.95132751]},"properties":{"name":"the Magnolia","facility":"Nursing and residential care facilities","city":"enfield","region":"ns","country":"CA","population":null,"tier":"major","source":"ODHF"}},{"type":"Feature","geometry":{"type":"Point","coordinates":[-66.1030679,43.85050874]},"properties":{"name":"the Meadows - Tidal View Manor","facility":"Nursing and residential care facilities","city":"yarmouth","region":"ns","country":"CA","population":null,"tier":"major","source":"ODHF"}},{"type":"Feature","geometry":{"type":"Point","coordinates":[-63.27478112,45.34816341]},"properties":{"name":"the Mira","facility":"Nursing and residential care facilities","city":"truro","region":"ns","country":"CA","population":null,"tier":"major","source":"ODHF"}},{"type":"Feature","geometry":{"type":"Point","coordinates":[-63.65201397,44.76140286]},"properties":{"name":"the Sagewood Continuing Care Centre","facility":"Nursing and residential care facilities","city":"sackville","region":"ns","country":"CA","population":null,"tier":"major","source":"ODHF"}},{"type":"Feature","geometry":{"type":"Point","coordinates":[-64.96906184,44.97704128]},"properties":{"name":"Tibbetts Home for Special Care","facility":"Nursing and residential care facilities","city":"wilmot","region":"ns","country":"CA","population":null,"tier":"major","source":"ODHF"}},{"type":"Feature","geometry":{"type":"Point","coordinates":[-65.76329329,44.60922277]},"properties":{"name":"Tideview Terrace","facility":"Nursing and residential care facilities","city":"conway","region":"ns","country":"CA","population":null,"tier":"major","source":"ODHF"}},{"type":"Feature","geometry":{"type":"Point","coordinates":[-63.30136407,45.33779325]},"properties":{"name":"Townsview Estates","facility":"Nursing and residential care facilities","city":"millbrook 27","region":"ns","country":"CA","population":null,"tier":"major","source":"ODHF"}},{"type":"Feature","geometry":{"type":"Point","coordinates":[-62.667273,45.53959114]},"properties":{"name":"Valley View Villa","facility":"Nursing and residential care facilities","city":"stellarton","region":"ns","country":"CA","population":null,"tier":"major","source":"ODHF"}},{"type":"Feature","geometry":{"type":"Point","coordinates":[-64.21463348,45.82972917]},"properties":{"name":"Victoria Manor","facility":"Nursing and residential care facilities","city":"amherst","region":"ns","country":"CA","population":null,"tier":"major","source":"ODHF"}},{"type":"Feature","geometry":{"type":"Point","coordinates":[-64.13321305,44.99277128]},"properties":{"name":"Victoria Park Guest Home","facility":"Nursing and residential care facilities","city":"windsor","region":"ns","country":"CA","population":null,"tier":"major","source":"ODHF"}},{"type":"Feature","geometry":{"type":"Point","coordinates":[-66.15414223,44.19370413]},"properties":{"name":"Villa Acadienne","facility":"Nursing and residential care facilities","city":"meteghan","region":"ns","country":"CA","population":null,"tier":"major","source":"ODHF"}},{"type":"Feature","geometry":{"type":"Point","coordinates":[-66.11164311,43.8692446]},"properties":{"name":"Villa Saint Joseph-Du-Lac","facility":"Nursing and residential care facilities","city":"dayton","region":"ns","country":"CA","population":null,"tier":"major","source":"ODHF"}},{"type":"Feature","geometry":{"type":"Point","coordinates":[-63.2606517,45.3793295]},"properties":{"name":"Vimy Court","facility":"Nursing and residential care facilities","city":"bible hill","region":"ns","country":"CA","population":null,"tier":"major","source":"ODHF"}},{"type":"Feature","geometry":{"type":"Point","coordinates":[-64.49156123,45.07685084]},"properties":{"name":"Wedgewood House for Seniors Limited","facility":"Nursing and residential care facilities","city":"kentville","region":"ns","country":"CA","population":null,"tier":"major","source":"ODHF"}},{"type":"Feature","geometry":{"type":"Point","coordinates":[-64.17934846,45.84141239]},"properties":{"name":"White Birches Retirement Residence","facility":"Nursing and residential care facilities","city":"amherst","region":"ns","country":"CA","population":null,"tier":"standard","source":"ODHF"}},{"type":"Feature","geometry":{"type":"Point","coordinates":[-63.805761,44.744603999999995]},"properties":{"name":"White Hills Long Term Care Centre","facility":"Nursing and residential care facilities","city":"hammonds plains","region":"ns","country":"CA","population":null,"tier":"major","source":"ODHF"}},{"type":"Feature","geometry":{"type":"Point","coordinates":[-63.29718836,45.71116398]},"properties":{"name":"Willow Lodge","facility":"Nursing and residential care facilities","city":"tatamagouche","region":"ns","country":"CA","population":null,"tier":"major","source":"ODHF"}},{"type":"Feature","geometry":{"type":"Point","coordinates":[-63.40760294,45.088376000000004]},"properties":{"name":"Willows Manor Limited","facility":"Nursing and residential care facilities","city":"shubenacadie","region":"ns","country":"CA","population":null,"tier":"major","source":"ODHF"}},{"type":"Feature","geometry":{"type":"Point","coordinates":[-64.17090584,44.99494045]},"properties":{"name":"Windsor Elms Village for Continuing Care Society","facility":"Nursing and residential care facilities","city":"windsor","region":"ns","country":"CA","population":null,"tier":"major","source":"ODHF"}},{"type":"Feature","geometry":{"type":"Point","coordinates":[-64.37907249999999,45.08685070000001]},"properties":{"name":"Wolfville Elms","facility":"Nursing and residential care facilities","city":"wolfville","region":"ns","country":"CA","population":null,"tier":"major","source":"ODHF"}},{"type":"Feature","geometry":{"type":"Point","coordinates":[-64.37227286,45.08978053]},"properties":{"name":"Wolfville Nursing Home","facility":"Nursing and residential care facilities","city":"wolfville","region":"ns","country":"CA","population":null,"tier":"major","source":"ODHF"}},{"type":"Feature","geometry":{"type":"Point","coordinates":[-63.30189093,45.35569122]},"properties":{"name":"Wynn Park Villa","facility":"Nursing and residential care facilities","city":"truro","region":"ns","country":"CA","population":null,"tier":"major","source":"ODHF"}},{"type":"Feature","geometry":{"type":"Point","coordinates":[-89.32152099999999,48.48675977]},"properties":{"name":"3 c's Reintroduction Centre, the","facility":"Nursing and residential care facilities","city":"thunder bay","region":"on","country":"CA","population":null,"tier":"major","source":"ODHF"}},{"type":"Feature","geometry":{"type":"Point","coordinates":[-81.31161512,48.48601227]},"properties":{"name":"Access Better Living Inc.","facility":"Nursing and residential care facilities","city":"timmins","region":"on","country":"CA","population":null,"tier":"major","source":"ODHF"}},{"type":"Feature","geometry":{"type":"Point","coordinates":[-80.425449,46.136083]},"properties":{"name":"AIDE AUX SENIORS DE SUDBURY EST/SUDBURY EAST SENIORS SUPPORT INC.","facility":"Nursing and residential care facilities","city":"no\u00e3\u00ablville","region":"on","country":"CA","population":null,"tier":"major","source":"ODHF"}},{"type":"Feature","geometry":{"type":"Point","coordinates":[-83.56324898,46.263461799999995]},"properties":{"name":"Algoma Manor","facility":"Nursing and residential care facilities","city":"thessalon","region":"on","country":"CA","population":null,"tier":"major","source":"ODHF"}},{"type":"Feature","geometry":{"type":"Point","coordinates":[-78.71984132,46.31349257]},"properties":{"name":"Algonquin Nursing Home","facility":"Nursing and residential care facilities","city":"mattawa","region":"on","country":"CA","population":null,"tier":"major","source":"ODHF"}},{"type":"Feature","geometry":{"type":"Point","coordinates":[-89.25623467,48.44347166]},"properties":{"name":"Alpha Court Non-Profit Housing Inc.","facility":"Nursing and residential care facilities","city":"thunder bay","region":"on","country":"CA","population":null,"tier":"major","source":"ODHF"}},{"type":"Feature","geometry":{"type":"Point","coordinates":[-75.63938942,45.40349445]},"properties":{"name":"Alta Vista Manor","facility":"Nursing and residential care facilities","city":"ottawa","region":"on","country":"CA","population":null,"tier":"major","source":"ODHF"}},{"type":"Feature","geometry":{"type":"Point","coordinates":[-75.76081176,45.38886545]},"properties":{"name":"Amica at Westboro Park","facility":"Nursing and residential care facilities","city":"ottawa","region":"on","country":"CA","population":null,"tier":"major","source":"ODHF"}},{"type":"Feature","geometry":{"type":"Point","coordinates":[-79.92058532,46.37203452]},"properties":{"name":"AU CHATEAU","facility":"Nursing and residential care facilities","city":"west nipissing","region":"on","country":"CA","population":null,"tier":"major","source":"ODHF"}},{"type":"Feature","geometry":{"type":"Point","coordinates":[-75.5870252,45.45085876]},"properties":{"name":"Beacon Heights Retirement Residence","facility":"Nursing and residential care facilities","city":"ottawa","region":"on","country":"CA","population":null,"tier":"standard","source":"ODHF"}},{"type":"Feature","geometry":{"type":"Point","coordinates":[-75.56384389,45.43259036]},"properties":{"name":"Bearbrook Retirement Residence","facility":"Nursing and residential care facilities","city":"ottawa","region":"on","country":"CA","population":null,"tier":"standard","source":"ODHF"}},{"type":"Feature","geometry":{"type":"Point","coordinates":[-89.24131667,48.44135877]},"properties":{"name":"Bethammi Nursing Home","facility":"Nursing and residential care facilities","city":"thunder bay","region":"on","country":"CA","population":null,"tier":"major","source":"ODHF"}},{"type":"Feature","geometry":{"type":"Point","coordinates":[-75.67274113,45.38338775]},"properties":{"name":"Billings Lodge Retirement Community","facility":"Nursing and residential care facilities","city":"ottawa","region":"on","country":"CA","population":null,"tier":"major","source":"ODHF"}},{"type":"Feature","geometry":{"type":"Point","coordinates":[-75.67327503,45.38492745]},"properties":{"name":"Billingswood Manor","facility":"Nursing and residential care facilities","city":"ottawa","region":"on","country":"CA","population":null,"tier":"major","source":"ODHF"}},{"type":"Feature","geometry":{"type":"Point","coordinates":[-94.50497800000001,49.76559284]},"properties":{"name":"Birchwood Terrace","facility":"Nursing and residential care facilities","city":"kenora","region":"on","country":"CA","population":null,"tier":"major","source":"ODHF"}},{"type":"Feature","geometry":{"type":"Point","coordinates":[-75.54856219,45.43604286]},"properties":{"name":"Blackburn Senior Retirement Home","facility":"Nursing and residential care facilities","city":"ottawa","region":"on","country":"CA","population":null,"tier":"major","source":"ODHF"}},{"type":"Feature","geometry":{"type":"Point","coordinates":[-75.708815,45.413491]},"properties":{"name":"BRUY\u00c8RE - H\u00d4PITAL SAINT-VINCENT HOSPITAL","facility":"Nursing and residential care facilities","city":"ottawa","region":"on","country":"CA","population":null,"tier":"major","source":"ODHF"}},{"type":"Feature","geometry":{"type":"Point","coordinates":[-75.61778811,45.43271076]},"properties":{"name":"Camilla Gardens Retirement Home","facility":"Nursing and residential care facilities","city":"ottawa","region":"on","country":"CA","population":null,"tier":"major","source":"ODHF"}},{"type":"Feature","geometry":{"type":"Point","coordinates":[-79.44608166,46.31926603]},"properties":{"name":"Cassellholme","facility":"Nursing and residential care facilities","city":"north bay","region":"on","country":"CA","population":null,"tier":"major","source":"ODHF"}},{"type":"Feature","geometry":{"type":"Point","coordinates":[-84.31955276,46.55200831]},"properties":{"name":"Cedarwood Lodge","facility":"Nursing and residential care facilities","city":"sault ste marie","region":"on","country":"CA","population":null,"tier":"major","source":"ODHF"}},{"type":"Feature","geometry":{"type":"Point","coordinates":[-113.477577,53.5072809]},"properties":{"name":"the Good Samaritan Society \u0097 Dr. Gerald Zetter Care Centre","facility":"Nursing and residential care facilities","city":"edmonton","region":"ab","country":"CA","population":null,"tier":"major","source":"ODHF"}},{"type":"Feature","geometry":{"type":"Point","coordinates":[-75.66040993,45.44308406]},"properties":{"name":"CENTRE D'ACCUEIL CHAMPLAIN","facility":"Nursing and residential care facilities","city":"ottawa","region":"on","country":"CA","population":null,"tier":"major","source":"ODHF"}},{"type":"Feature","geometry":{"type":"Point","coordinates":[-74.89555409,45.63941613]},"properties":{"name":"CENTRE D'ACCUEIL MON CHEZ NOUS","facility":"Nursing and residential care facilities","city":"lefaivre","region":"on","country":"CA","population":null,"tier":"major","source":"ODHF"}},{"type":"Feature","geometry":{"type":"Point","coordinates":[-75.69116704,45.43059996]},"properties":{"name":"CENTRE DE SERVICES GUIGUES","facility":"Nursing and residential care facilities","city":"ottawa","region":"on","country":"CA","population":null,"tier":"major","source":"ODHF"}},{"type":"Feature","geometry":{"type":"Point","coordinates":[-75.52636768,45.44605817]},"properties":{"name":"Chapel Hill Retirement Residence","facility":"Nursing and residential care facilities","city":"ottawa","region":"on","country":"CA","population":null,"tier":"standard","source":"ODHF"}},{"type":"Feature","geometry":{"type":"Point","coordinates":[-83.414963,47.84117]},"properties":{"name":"Chapleau General Hospital","facility":"Nursing and residential care facilities","city":"chapleau","region":"on","country":"CA","population":null,"tier":"major","source":"ODHF"}},{"type":"Feature","geometry":{"type":"Point","coordinates":[-79.44891816,46.32411793]},"properties":{"name":"Chartwell Barclay House Retirement Residence","facility":"Nursing and residential care facilities","city":"north bay","region":"on","country":"CA","population":null,"tier":"standard","source":"ODHF"}},{"type":"Feature","geometry":{"type":"Point","coordinates":[-75.52244358,45.47099417]},"properties":{"name":"CHARTWELL BELCOURT RESIDENCE POUR RETRAIT\u00c9S","facility":"Nursing and residential care facilities","city":"ottawa","region":"on","country":"CA","population":null,"tier":"standard","source":"ODHF"}},{"type":"Feature","geometry":{"type":"Point","coordinates":[-81.33032493,48.48577307]},"properties":{"name":"Chartwell Chateau Georgian Retirement Residence","facility":"Nursing and residential care facilities","city":"timmins","region":"on","country":"CA","population":null,"tier":"standard","source":"ODHF"}},{"type":"Feature","geometry":{"type":"Point","coordinates":[-84.32534525,46.5149724]},"properties":{"name":"Chartwell Collegiate Heights Retirement Residence","facility":"Nursing and residential care facilities","city":"sault ste marie","region":"on","country":"CA","population":null,"tier":"standard","source":"ODHF"}},{"type":"Feature","geometry":{"type":"Point","coordinates":[-75.72455914,45.39043205]},"properties":{"name":"Chartwell Duke of Devonshire Retirement Residence","facility":"Nursing and residential care facilities","city":"ottawa","region":"on","country":"CA","population":null,"tier":"standard","source":"ODHF"}},{"type":"Feature","geometry":{"type":"Point","coordinates":[-89.25289087,48.41801316]},"properties":{"name":"Chartwell Glacier Ridge Retirement Residence","facility":"Nursing and residential care facilities","city":"thunder bay","region":"on","country":"CA","population":null,"tier":"standard","source":"ODHF"}},{"type":"Feature","geometry":{"type":"Point","coordinates":[-89.25930628,48.46195217]},"properties":{"name":"Chartwell Hilldale Retirement Residence","facility":"Nursing and residential care facilities","city":"thunder bay","region":"on","country":"CA","population":null,"tier":"standard","source":"ODHF"}},{"type":"Feature","geometry":{"type":"Point","coordinates":[-75.64156412,45.44081286]},"properties":{"name":"CHARTWELL H\u00c9RITAGE RESIDENCE POUR RETRAIT\u00c9S","facility":"Nursing and residential care facilities","city":"ottawa","region":"on","country":"CA","population":null,"tier":"standard","source":"ODHF"}},{"type":"Feature","geometry":{"type":"Point","coordinates":[-89.25576126,48.37697526]},"properties":{"name":"Chartwell Isabella Retirement Residence","facility":"Nursing and residential care facilities","city":"thunder bay","region":"on","country":"CA","population":null,"tier":"standard","source":"ODHF"}},{"type":"Feature","geometry":{"type":"Point","coordinates":[-75.68676793,45.39947355]},"properties":{"name":"Chartwell Lord Lansdowne Retirement Residence","facility":"Nursing and residential care facilities","city":"ottawa","region":"on","country":"CA","population":null,"tier":"standard","source":"ODHF"}},{"type":"Feature","geometry":{"type":"Point","coordinates":[-81.14115202,46.42492066]},"properties":{"name":"Chartwell Meadowbrook Retirement Community","facility":"Nursing and residential care facilities","city":"sudbury","region":"on","country":"CA","population":null,"tier":"major","source":"ODHF"}},{"type":"Feature","geometry":{"type":"Point","coordinates":[-75.67705673,45.43982596]},"properties":{"name":"Chartwell New Edinburgh Square Retirement Residence","facility":"Nursing and residential care facilities","city":"ottawa","region":"on","country":"CA","population":null,"tier":"standard","source":"ODHF"}},{"type":"Feature","geometry":{"type":"Point","coordinates":[-75.67279853,45.43062676]},"properties":{"name":"Chartwell Rideau Place Retirement Residence","facility":"Nursing and residential care facilities","city":"ottawa","region":"on","country":"CA","population":null,"tier":"standard","source":"ODHF"}},{"type":"Feature","geometry":{"type":"Point","coordinates":[-75.68149693,45.43758816]},"properties":{"name":"Chartwell Rockcliffe Retirement Residence","facility":"Nursing and residential care facilities","city":"ottawa","region":"on","country":"CA","population":null,"tier":"standard","source":"ODHF"}},{"type":"Feature","geometry":{"type":"Point","coordinates":[-81.00297678,46.45963938]},"properties":{"name":"Chartwell Southwind Retirement Residence","facility":"Nursing and residential care facilities","city":"sudbury","region":"on","country":"CA","population":null,"tier":"standard","source":"ODHF"}},{"type":"Feature","geometry":{"type":"Point","coordinates":[-89.20749116,48.46526737]},"properties":{"name":"Chartwell Thunder Bay Retirement Residence","facility":"Nursing and residential care facilities","city":"thunder bay","region":"on","country":"CA","population":null,"tier":"standard","source":"ODHF"}},{"type":"Feature","geometry":{"type":"Point","coordinates":[-80.94676907,46.50942279]},"properties":{"name":"Chartwell Westmount on William Retirement Residence","facility":"Nursing and residential care facilities","city":"sudbury","region":"on","country":"CA","population":null,"tier":"standard","source":"ODHF"}},{"type":"Feature","geometry":{"type":"Point","coordinates":[-75.63376962,45.44484246]},"properties":{"name":"Cite Parkway Retirement Residence","facility":"Nursing and residential care facilities","city":"ottawa","region":"on","country":"CA","population":null,"tier":"standard","source":"ODHF"}},{"type":"Feature","geometry":{"type":"Point","coordinates":[-75.68678253,45.39488455]},"properties":{"name":"Colonel by","facility":"Nursing and residential care facilities","city":"ottawa","region":"on","country":"CA","population":null,"tier":"major","source":"ODHF"}},{"type":"Feature","geometry":{"type":"Point","coordinates":[-120.25010959999999,55.74558929999999]},"properties":{"name":"115th Residence","facility":"Nursing and residential care facilities","city":"dawson creek","region":"bc","country":"CA","population":null,"tier":"standard","source":"ODHF"}},{"type":"Feature","geometry":{"type":"Point","coordinates":[-89.24535107,48.42902176]},"properties":{"name":"Crossroads Centre Inc.","facility":"Nursing and residential care facilities","city":"thunder bay","region":"on","country":"CA","population":null,"tier":"major","source":"ODHF"}},{"type":"Feature","geometry":{"type":"Point","coordinates":[-123.0812712,49.024152799999996]},"properties":{"name":"11a Home","facility":"Nursing and residential care facilities","city":"delta","region":"bc","country":"CA","population":null,"tier":"major","source":"ODHF"}},{"type":"Feature","geometry":{"type":"Point","coordinates":[-75.40637035,45.51561708]},"properties":{"name":"Cumberland Lodge","facility":"Nursing and residential care facilities","city":"ottawa","region":"on","country":"CA","population":null,"tier":"major","source":"ODHF"}},{"type":"Feature","geometry":{"type":"Point","coordinates":[-123.0404142,49.3209903]},"properties":{"name":"1220 East 14th","facility":"Nursing and residential care facilities","city":"north vancouver","region":"bc","country":"CA","population":null,"tier":"major","source":"ODHF"}},{"type":"Feature","geometry":{"type":"Point","coordinates":[-122.60623740000001,49.2244182]},"properties":{"name":"122nd Avenue Home","facility":"Nursing and residential care facilities","city":"maple ridge","region":"bc","country":"CA","population":null,"tier":"major","source":"ODHF"}},{"type":"Feature","geometry":{"type":"Point","coordinates":[-122.64270729999998,49.2259116]},"properties":{"name":"123rd Home","facility":"Nursing and residential care facilities","city":"maple ridge","region":"bc","country":"CA","population":null,"tier":"major","source":"ODHF"}},{"type":"Feature","geometry":{"type":"Point","coordinates":[-122.85258200000001,49.038953]},"properties":{"name":"13333 - 20th Avenue","facility":"Nursing and residential care facilities","city":"surrey","region":"bc","country":"CA","population":null,"tier":"major","source":"ODHF"}},{"type":"Feature","geometry":{"type":"Point","coordinates":[-120.242,55.759787]},"properties":{"name":"1416 Residence","facility":"Nursing and residential care facilities","city":"dawson creek","region":"bc","country":"CA","population":null,"tier":"standard","source":"ODHF"}},{"type":"Feature","geometry":{"type":"Point","coordinates":[-119.255517,50.273778]},"properties":{"name":"17th Street Home","facility":"Nursing and residential care facilities","city":"vernon","region":"bc","country":"CA","population":null,"tier":"major","source":"ODHF"}},{"type":"Feature","geometry":{"type":"Point","coordinates":[-125.27372,50.025908]},"properties":{"name":"1985 Treelane Road","facility":"Nursing and residential care facilities","city":"campbell river","region":"bc","country":"CA","population":null,"tier":"major","source":"ODHF"}},{"type":"Feature","geometry":{"type":"Point","coordinates":[-125.27363000000001,50.026306]},"properties":{"name":"1990 Treelane Road","facility":"Nursing and residential care facilities","city":"campbell river","region":"bc","country":"CA","population":null,"tier":"major","source":"ODHF"}},{"type":"Feature","geometry":{"type":"Point","coordinates":[-122.62366429999999,49.1658526]},"properties":{"name":"216a Street","facility":"Nursing and residential care facilities","city":"langley","region":"bc","country":"CA","population":null,"tier":"major","source":"ODHF"}},{"type":"Feature","geometry":{"type":"Point","coordinates":[-81.02674901,46.6119611]},"properties":{"name":"Elizabeth Centre","facility":"Nursing and residential care facilities","city":"sudbury","region":"on","country":"CA","population":null,"tier":"major","source":"ODHF"}},{"type":"Feature","geometry":{"type":"Point","coordinates":[-122.5944504,49.2346071]},"properties":{"name":"227th Home","facility":"Nursing and residential care facilities","city":"maple ridge","region":"bc","country":"CA","population":null,"tier":"major","source":"ODHF"}},{"type":"Feature","geometry":{"type":"Point","coordinates":[-75.73827195,45.38364335]},"properties":{"name":"Embassy West Senior Living","facility":"Nursing and residential care facilities","city":"ottawa","region":"on","country":"CA","population":null,"tier":"major","source":"ODHF"}},{"type":"Feature","geometry":{"type":"Point","coordinates":[-75.67543973,45.40108045]},"properties":{"name":"Empathy House of Recovery","facility":"Nursing and residential care facilities","city":"ottawa","region":"on","country":"CA","population":null,"tier":"major","source":"ODHF"}},{"type":"Feature","geometry":{"type":"Point","coordinates":[-119.2529612,50.7177569]},"properties":{"name":"25th Avenue Group Home","facility":"Nursing and residential care facilities","city":"salmon arm","region":"bc","country":"CA","population":null,"tier":"major","source":"ODHF"}},{"type":"Feature","geometry":{"type":"Point","coordinates":[-117.64612350000002,49.2759644]},"properties":{"name":"29th Street House","facility":"Nursing and residential care facilities","city":"castlegar","region":"bc","country":"CA","population":null,"tier":"major","source":"ODHF"}},{"type":"Feature","geometry":{"type":"Point","coordinates":[-119.25112720000001,50.708591999999996]},"properties":{"name":"30th Street Group Home","facility":"Nursing and residential care facilities","city":"salmon arm","region":"bc","country":"CA","population":null,"tier":"major","source":"ODHF"}},{"type":"Feature","geometry":{"type":"Point","coordinates":[-123.03276229999999,49.2551157]},"properties":{"name":"3381 Worthington","facility":"Nursing and residential care facilities","city":"vancouver","region":"bc","country":"CA","population":null,"tier":"major","source":"ODHF"}},{"type":"Feature","geometry":{"type":"Point","coordinates":[-80.93753367,46.50713379]},"properties":{"name":"Extendicare Falconbridge","facility":"Nursing and residential care facilities","city":"sudbury","region":"on","country":"CA","population":null,"tier":"major","source":"ODHF"}},{"type":"Feature","geometry":{"type":"Point","coordinates":[-82.41017831,49.41769224]},"properties":{"name":"Extendicare Kapuskasing","facility":"Nursing and residential care facilities","city":"kapuskasing","region":"on","country":"CA","population":null,"tier":"major","source":"ODHF"}},{"type":"Feature","geometry":{"type":"Point","coordinates":[-80.02268375,48.15597609]},"properties":{"name":"Extendicare Kirkland Lake","facility":"Nursing and residential care facilities","city":"kirkland lake","region":"on","country":"CA","population":null,"tier":"major","source":"ODHF"}},{"type":"Feature","geometry":{"type":"Point","coordinates":[-119.24342720000001,50.266467600000006]},"properties":{"name":"35th Avenue Home","facility":"Nursing and residential care facilities","city":"vernon","region":"bc","country":"CA","population":null,"tier":"major","source":"ODHF"}},{"type":"Feature","geometry":{"type":"Point","coordinates":[-75.61084101,45.44640676]},"properties":{"name":"Extendicare Laurier Manor","facility":"Nursing and residential care facilities","city":"ottawa","region":"on","country":"CA","population":null,"tier":"major","source":"ODHF"}},{"type":"Feature","geometry":{"type":"Point","coordinates":[-84.30335325,46.5350635]},"properties":{"name":"Extendicare Maple View of Sault Ste. Marie","facility":"Nursing and residential care facilities","city":"sault ste marie","region":"on","country":"CA","population":null,"tier":"major","source":"ODHF"}},{"type":"Feature","geometry":{"type":"Point","coordinates":[-123.09494450000001,49.236459499999995]},"properties":{"name":"38th Avenue Group Home","facility":"Nursing and residential care facilities","city":"vancouver","region":"bc","country":"CA","population":null,"tier":"major","source":"ODHF"}},{"type":"Feature","geometry":{"type":"Point","coordinates":[-81.37922804,48.47746467]},"properties":{"name":"Extendicare Timmins","facility":"Nursing and residential care facilities","city":"timmins","region":"on","country":"CA","population":null,"tier":"major","source":"ODHF"}},{"type":"Feature","geometry":{"type":"Point","coordinates":[-79.63014404,47.4407208]},"properties":{"name":"Extendicare Tri-Town","facility":"Nursing and residential care facilities","city":"temiskaming shores","region":"on","country":"CA","population":null,"tier":"major","source":"ODHF"}},{"type":"Feature","geometry":{"type":"Point","coordinates":[-84.32443156,46.5295084]},"properties":{"name":"Extendicare Van Daele","facility":"Nursing and residential care facilities","city":"sault ste marie","region":"on","country":"CA","population":null,"tier":"major","source":"ODHF"}},{"type":"Feature","geometry":{"type":"Point","coordinates":[-123.07004099999999,49.2279307]},"properties":{"name":"47th Avenue Residence","facility":"Nursing and residential care facilities","city":"vancouver","region":"bc","country":"CA","population":null,"tier":"standard","source":"ODHF"}},{"type":"Feature","geometry":{"type":"Point","coordinates":[-81.00771419,46.47514368]},"properties":{"name":"Extendicare York","facility":"Nursing and residential care facilities","city":"sudbury","region":"on","country":"CA","population":null,"tier":"major","source":"ODHF"}},{"type":"Feature","geometry":{"type":"Point","coordinates":[-84.3119845,46.552122100000005]},"properties":{"name":"f. j. Davey Home","facility":"Nursing and residential care facilities","city":"sault ste marie","region":"on","country":"CA","population":null,"tier":"major","source":"ODHF"}},{"type":"Feature","geometry":{"type":"Point","coordinates":[-115.74874709999999,49.5156951]},"properties":{"name":"4th Street Home","facility":"Nursing and residential care facilities","city":"cranbrook","region":"bc","country":"CA","population":null,"tier":"major","source":"ODHF"}},{"type":"Feature","geometry":{"type":"Point","coordinates":[-122.41584499999999,49.107193]},"properties":{"name":"58th Avenue Home","facility":"Nursing and residential care facilities","city":"abbotsford","region":"bc","country":"CA","population":null,"tier":"major","source":"ODHF"}},{"type":"Feature","geometry":{"type":"Point","coordinates":[-122.747127,49.110777]},"properties":{"name":"5960 Angus Place","facility":"Nursing and residential care facilities","city":"surrey","region":"bc","country":"CA","population":null,"tier":"major","source":"ODHF"}},{"type":"Feature","geometry":{"type":"Point","coordinates":[-122.69183500000001,49.110683200000004]},"properties":{"name":"5984 - 191a Street","facility":"Nursing and residential care facilities","city":"surrey","region":"bc","country":"CA","population":null,"tier":"major","source":"ODHF"}},{"type":"Feature","geometry":{"type":"Point","coordinates":[-80.92711026,46.48424888]},"properties":{"name":"Finlandia Hoivakoti Nursing Home","facility":"Nursing and residential care facilities","city":"sudbury","region":"on","country":"CA","population":null,"tier":"major","source":"ODHF"}},{"type":"Feature","geometry":{"type":"Point","coordinates":[-75.5586327,45.45881737]},"properties":{"name":"Forest Valley Terrace by Symphony","facility":"Nursing and residential care facilities","city":"ottawa","region":"on","country":"CA","population":null,"tier":"major","source":"ODHF"}},{"type":"Feature","geometry":{"type":"Point","coordinates":[-123.029207,49.222888]},"properties":{"name":"6655a and 6655b Arlington Street","facility":"Nursing and residential care facilities","city":"vancouver","region":"bc","country":"CA","population":null,"tier":"major","source":"ODHF"}},{"type":"Feature","geometry":{"type":"Point","coordinates":[-123.02946499999999,49.222640999999996]},"properties":{"name":"6699 Arlington","facility":"Nursing and residential care facilities","city":"vancouver","region":"bc","country":"CA","population":null,"tier":"major","source":"ODHF"}},{"type":"Feature","geometry":{"type":"Point","coordinates":[-83.67961927,49.684844700000006]},"properties":{"name":"FOYER DES PIONNIERS","facility":"Nursing and residential care facilities","city":"hearst","region":"on","country":"CA","population":null,"tier":"major","source":"ODHF"}},{"type":"Feature","geometry":{"type":"Point","coordinates":[-115.7749363,49.5020649]},"properties":{"name":"7th Street","facility":"Nursing and residential care facilities","city":"cranbrook","region":"bc","country":"CA","population":null,"tier":"major","source":"ODHF"}},{"type":"Feature","geometry":{"type":"Point","coordinates":[-122.5823423,49.162358700000006]},"properties":{"name":"88th","facility":"Nursing and residential care facilities","city":"langley","region":"bc","country":"CA","population":null,"tier":"major","source":"ODHF"}},{"type":"Feature","geometry":{"type":"Point","coordinates":[-75.68321333,45.43785466]},"properties":{"name":"Garry j. Armstrong Home","facility":"Nursing and residential care facilities","city":"ottawa","region":"on","country":"CA","population":null,"tier":"major","source":"ODHF"}},{"type":"Feature","geometry":{"type":"Point","coordinates":[-122.8710548,49.2565375]},"properties":{"name":"917 Foster","facility":"Nursing and residential care facilities","city":"coquitlam","region":"bc","country":"CA","population":null,"tier":"major","source":"ODHF"}},{"type":"Feature","geometry":{"type":"Point","coordinates":[-120.83400870000001,56.23371650000001]},"properties":{"name":"92a Street House","facility":"Nursing and residential care facilities","city":"fort st john","region":"bc","country":"CA","population":null,"tier":"major","source":"ODHF"}},{"type":"Feature","geometry":{"type":"Point","coordinates":[-123.1212091,49.13373789999999]},"properties":{"name":"9511 Steveston Highway","facility":"Nursing and residential care facilities","city":"richmond","region":"bc","country":"CA","population":null,"tier":"major","source":"ODHF"}},{"type":"Feature","geometry":{"type":"Point","coordinates":[-75.68635693,45.39876525]},"properties":{"name":"Glebe Centre","facility":"Nursing and residential care facilities","city":"ottawa","region":"on","country":"CA","population":null,"tier":"major","source":"ODHF"}},{"type":"Feature","geometry":{"type":"Point","coordinates":[-120.24938600000002,55.7674715]},"properties":{"name":"95th Avenue Residence","facility":"Nursing and residential care facilities","city":"dawson creek","region":"bc","country":"CA","population":null,"tier":"standard","source":"ODHF"}},{"type":"Feature","geometry":{"type":"Point","coordinates":[-81.34352493,48.48606627]},"properties":{"name":"Golden Manor","facility":"Nursing and residential care facilities","city":"timmins","region":"on","country":"CA","population":null,"tier":"major","source":"ODHF"}},{"type":"Feature","geometry":{"type":"Point","coordinates":[-75.68767054,45.44025126]},"properties":{"name":"Governor's Walk Retirement Residence","facility":"Nursing and residential care facilities","city":"ottawa","region":"on","country":"CA","population":null,"tier":"standard","source":"ODHF"}},{"type":"Feature","geometry":{"type":"Point","coordinates":[-123.71503999999999,48.850301]},"properties":{"name":"Abbott House","facility":"Nursing and residential care facilities","city":"duncan","region":"bc","country":"CA","population":null,"tier":"major","source":"ODHF"}},{"type":"Feature","geometry":{"type":"Point","coordinates":[-84.31709876,46.54935421]},"properties":{"name":"Great Northern Retirement Home","facility":"Nursing and residential care facilities","city":"sault ste marie","region":"on","country":"CA","population":null,"tier":"major","source":"ODHF"}},{"type":"Feature","geometry":{"type":"Point","coordinates":[-123.34299999999999,48.4418999]},"properties":{"name":"Aberdeen Hospital - Victoria","facility":"Nursing and residential care facilities","city":"victoria","region":"bc","country":"CA","population":null,"tier":"major","source":"ODHF"}},{"type":"Feature","geometry":{"type":"Point","coordinates":[-123.62358,48.649871000000005]},"properties":{"name":"Acacia Ty Mawr","facility":"Nursing and residential care facilities","city":"shawnigan lake","region":"bc","country":"CA","population":null,"tier":"major","source":"ODHF"}},{"type":"Feature","geometry":{"type":"Point","coordinates":[-130.33,54.304055000000005]},"properties":{"name":"Acropolis Manor","facility":"Nursing and residential care facilities","city":"prince rupert","region":"bc","country":"CA","population":null,"tier":"major","source":"ODHF"}},{"type":"Feature","geometry":{"type":"Point","coordinates":[-123.3317071,48.435026799999996]},"properties":{"name":"Adanac House","facility":"Nursing and residential care facilities","city":"victoria","region":"bc","country":"CA","population":null,"tier":"major","source":"ODHF"}},{"type":"Feature","geometry":{"type":"Point","coordinates":[-123.02459579999999,49.2770771]},"properties":{"name":"Adanac Park Lodge","facility":"Nursing and residential care facilities","city":"vancouver","region":"bc","country":"CA","population":null,"tier":"major","source":"ODHF"}},{"type":"Feature","geometry":{"type":"Point","coordinates":[-122.9836654,49.2756077]},"properties":{"name":"Adrian House","facility":"Nursing and residential care facilities","city":"burnaby","region":"bc","country":"CA","population":null,"tier":"major","source":"ODHF"}},{"type":"Feature","geometry":{"type":"Point","coordinates":[-121.7681608,49.2335015]},"properties":{"name":"Agassiz Seniors Community","facility":"Nursing and residential care facilities","city":"agassiz","region":"bc","country":"CA","population":null,"tier":"major","source":"ODHF"}},{"type":"Feature","geometry":{"type":"Point","coordinates":[-123.06553829999999,49.2461756]},"properties":{"name":"Alder House","facility":"Nursing and residential care facilities","city":"vancouver","region":"bc","country":"CA","population":null,"tier":"major","source":"ODHF"}},{"type":"Feature","geometry":{"type":"Point","coordinates":[-120.3833093,50.701097999999995]},"properties":{"name":"Alexis Home","facility":"Nursing and residential care facilities","city":"kamloops","region":"bc","country":"CA","population":null,"tier":"major","source":"ODHF"}},{"type":"Feature","geometry":{"type":"Point","coordinates":[-127.17154,54.776614]},"properties":{"name":"Alfred Adult Residential","facility":"Nursing and residential care facilities","city":"smithers","region":"bc","country":"CA","population":null,"tier":"major","source":"ODHF"}},{"type":"Feature","geometry":{"type":"Point","coordinates":[-82.6490677,46.37822187]},"properties":{"name":"Hillside Park Retirement Residence","facility":"Nursing and residential care facilities","city":"elliot lake","region":"on","country":"CA","population":null,"tier":"standard","source":"ODHF"}},{"type":"Feature","geometry":{"type":"Point","coordinates":[-122.81308100000001,49.2551287]},"properties":{"name":"Alice Lake Place Group Home","facility":"Nursing and residential care facilities","city":"coquitlam","region":"bc","country":"CA","population":null,"tier":"major","source":"ODHF"}},{"type":"Feature","geometry":{"type":"Point","coordinates":[-89.27025117,48.38712316]},"properties":{"name":"Hogarth Riverview Manor","facility":"Nursing and residential care facilities","city":"thunder bay","region":"on","country":"CA","population":null,"tier":"major","source":"ODHF"}},{"type":"Feature","geometry":{"type":"Point","coordinates":[-75.68318573,45.39004145]},"properties":{"name":"Hospice at May Court (the)","facility":"Nursing and residential care facilities","city":"ottawa","region":"on","country":"CA","population":null,"tier":"limited","source":"ODHF"}},{"type":"Feature","geometry":{"type":"Point","coordinates":[-123.02145549999999,49.2343917]},"properties":{"name":"Altesse","facility":"Nursing and residential care facilities","city":"burnaby","region":"bc","country":"CA","population":null,"tier":"major","source":"ODHF"}},{"type":"Feature","geometry":{"type":"Point","coordinates":[-123.53761999999999,48.392091]},"properties":{"name":"Amadeus Residence","facility":"Nursing and residential care facilities","city":"victoria","region":"bc","country":"CA","population":null,"tier":"standard","source":"ODHF"}},{"type":"Feature","geometry":{"type":"Point","coordinates":[-123.40378319999999,48.658924299999995]},"properties":{"name":"Amelia House","facility":"Nursing and residential care facilities","city":"sidney","region":"bc","country":"CA","population":null,"tier":"major","source":"ODHF"}},{"type":"Feature","geometry":{"type":"Point","coordinates":[-123.101,49.33829]},"properties":{"name":"Amica at Edgemont Village","facility":"Nursing and residential care facilities","city":"north vancouver","region":"bc","country":"CA","population":null,"tier":"major","source":"ODHF"}},{"type":"Feature","geometry":{"type":"Point","coordinates":[-123.3692,48.410418]},"properties":{"name":"Amica Douglas House","facility":"Nursing and residential care facilities","city":"victoria","region":"bc","country":"CA","population":null,"tier":"major","source":"ODHF"}},{"type":"Feature","geometry":{"type":"Point","coordinates":[-123.135713,49.331385100000006]},"properties":{"name":"Amica Lions Gate","facility":"Nursing and residential care facilities","city":"west vancouver","region":"bc","country":"CA","population":null,"tier":"major","source":"ODHF"}},{"type":"Feature","geometry":{"type":"Point","coordinates":[-123.41963,48.453413]},"properties":{"name":"Amica on the Gorge","facility":"Nursing and residential care facilities","city":"victoria","region":"bc","country":"CA","population":null,"tier":"major","source":"ODHF"}},{"type":"Feature","geometry":{"type":"Point","coordinates":[-123.1332044,49.328571600000004]},"properties":{"name":"Amica West Vancouver","facility":"Nursing and residential care facilities","city":"west vancouver","region":"bc","country":"CA","population":null,"tier":"major","source":"ODHF"}},{"type":"Feature","geometry":{"type":"Point","coordinates":[-122.7979716,49.031330600000004]},"properties":{"name":"Amica White Rock","facility":"Nursing and residential care facilities","city":"surrey","region":"bc","country":"CA","population":null,"tier":"major","source":"ODHF"}},{"type":"Feature","geometry":{"type":"Point","coordinates":[-114.4712943,53.1092291]},"properties":{"name":"Breton Health Centre","facility":"Nursing and residential care facilities","city":"breton","region":"ab","country":"CA","population":null,"tier":"major","source":"ODHF"}},{"type":"Feature","geometry":{"type":"Point","coordinates":[-123.079,49.263484000000005]},"properties":{"name":"Ananda House","facility":"Nursing and residential care facilities","city":"vancouver","region":"bc","country":"CA","population":null,"tier":"major","source":"ODHF"}},{"type":"Feature","geometry":{"type":"Point","coordinates":[-75.51997248,45.47293607]},"properties":{"name":"Jardin Royal Garden Inc.","facility":"Nursing and residential care facilities","city":"ottawa","region":"on","country":"CA","population":null,"tier":"major","source":"ODHF"}},{"type":"Feature","geometry":{"type":"Point","coordinates":[-125.22528,49.961599]},"properties":{"name":"Apple Gate Respite Home","facility":"Nursing and residential care facilities","city":"campbell river","region":"bc","country":"CA","population":null,"tier":"major","source":"ODHF"}},{"type":"Feature","geometry":{"type":"Point","coordinates":[-124.04279,49.241761]},"properties":{"name":"Applecross","facility":"Nursing and residential care facilities","city":"nanaimo","region":"bc","country":"CA","population":null,"tier":"major","source":"ODHF"}},{"type":"Feature","geometry":{"type":"Point","coordinates":[-94.47858969,49.75990494]},"properties":{"name":"Kenora Association for Community Living","facility":"Nursing and residential care facilities","city":"kenora","region":"on","country":"CA","population":null,"tier":"major","source":"ODHF"}},{"type":"Feature","geometry":{"type":"Point","coordinates":[-122.47097990000002,49.2051508]},"properties":{"name":"Arborwynd","facility":"Nursing and residential care facilities","city":"maple ridge","region":"bc","country":"CA","population":null,"tier":"major","source":"ODHF"}},{"type":"Feature","geometry":{"type":"Point","coordinates":[-123.38538700000001,48.4473046]},"properties":{"name":"ARC EN CIEL","facility":"Nursing and residential care facilities","city":"victoria","region":"bc","country":"CA","population":null,"tier":"major","source":"ODHF"}},{"type":"Feature","geometry":{"type":"Point","coordinates":[-122.75686340000001,49.110294399999994]},"properties":{"name":"Archway House","facility":"Nursing and residential care facilities","city":"surrey","region":"bc","country":"CA","population":null,"tier":"major","source":"ODHF"}},{"type":"Feature","geometry":{"type":"Point","coordinates":[-122.297122,49.158058000000004]},"properties":{"name":"Argyll Lodge","facility":"Nursing and residential care facilities","city":"surrey","region":"bc","country":"CA","population":null,"tier":"major","source":"ODHF"}},{"type":"Feature","geometry":{"type":"Point","coordinates":[-124.32359,49.316385]},"properties":{"name":"Arrowsmith Lodge","facility":"Nursing and residential care facilities","city":"parksville","region":"bc","country":"CA","population":null,"tier":"major","source":"ODHF"}},{"type":"Feature","geometry":{"type":"Point","coordinates":[-80.93311137,46.52276689]},"properties":{"name":"Lasalle Residence for Seniors","facility":"Nursing and residential care facilities","city":"sudbury","region":"on","country":"CA","population":null,"tier":"standard","source":"ODHF"}},{"type":"Feature","geometry":{"type":"Point","coordinates":[-119.953199,49.220572]},"properties":{"name":"Ashnola at the Crossing","facility":"Nursing and residential care facilities","city":"keremeos","region":"bc","country":"CA","population":null,"tier":"major","source":"ODHF"}},{"type":"Feature","geometry":{"type":"Point","coordinates":[-75.50373128,45.48979007]},"properties":{"name":"Les Promenades","facility":"Nursing and residential care facilities","city":"ottawa","region":"on","country":"CA","population":null,"tier":"major","source":"ODHF"}},{"type":"Feature","geometry":{"type":"Point","coordinates":[-122.789768,49.037309]},"properties":{"name":"Aster House","facility":"Nursing and residential care facilities","city":"surrey","region":"bc","country":"CA","population":null,"tier":"major","source":"ODHF"}},{"type":"Feature","geometry":{"type":"Point","coordinates":[-83.78857256,46.303036799999994]},"properties":{"name":"Light-Haven Home Inc.","facility":"Nursing and residential care facilities","city":"bruce mines","region":"on","country":"CA","population":null,"tier":"major","source":"ODHF"}},{"type":"Feature","geometry":{"type":"Point","coordinates":[-123.0769909,49.0730448]},"properties":{"name":"Augustine House","facility":"Nursing and residential care facilities","city":"delta","region":"bc","country":"CA","population":null,"tier":"major","source":"ODHF"}},{"type":"Feature","geometry":{"type":"Point","coordinates":[-124.02451,49.214290000000005]},"properties":{"name":"Avenir Memory Care at Nanaimo","facility":"Nursing and residential care facilities","city":"nanaimo","region":"bc","country":"CA","population":null,"tier":"major","source":"ODHF"}},{"type":"Feature","geometry":{"type":"Point","coordinates":[-119.461716,49.894147]},"properties":{"name":"Avonlea Care Centre Ltd","facility":"Nursing and residential care facilities","city":"kelowna","region":"bc","country":"CA","population":null,"tier":"major","source":"ODHF"}},{"type":"Feature","geometry":{"type":"Point","coordinates":[-117.651421,49.282833000000004]},"properties":{"name":"Axis House Castlegar","facility":"Nursing and residential care facilities","city":"castlegar","region":"bc","country":"CA","population":null,"tier":"major","source":"ODHF"}},{"type":"Feature","geometry":{"type":"Point","coordinates":[-75.559988,45.46043427]},"properties":{"name":"Madonna Care Community","facility":"Nursing and residential care facilities","city":"ottawa","region":"on","country":"CA","population":null,"tier":"major","source":"ODHF"}},{"type":"Feature","geometry":{"type":"Point","coordinates":[-82.87745628,49.52903373]},"properties":{"name":"MAISON ARC-EN-CIEL CENTRE DE REHABILITATION DU NORD DE L'ONTARIO INC.","facility":"Nursing and residential care facilities","city":"opasatika","region":"on","country":"CA","population":null,"tier":"major","source":"ODHF"}},{"type":"Feature","geometry":{"type":"Point","coordinates":[-122.10002140000002,52.1100783]},"properties":{"name":"Axis House Williams Lake","facility":"Nursing and residential care facilities","city":"williams lake","region":"bc","country":"CA","population":null,"tier":"major","source":"ODHF"}},{"type":"Feature","geometry":{"type":"Point","coordinates":[-75.66212013,45.43481376]},"properties":{"name":"MAISON FRATERNIT\u00c9 - FRATERNITY HOUSE","facility":"Nursing and residential care facilities","city":"ottawa","region":"on","country":"CA","population":null,"tier":"major","source":"ODHF"}},{"type":"Feature","geometry":{"type":"Point","coordinates":[-83.66989437,49.6830758]},"properties":{"name":"MAISON RENAISSANCE DE LA REHABILITATION","facility":"Nursing and residential care facilities","city":"jogues","region":"on","country":"CA","population":null,"tier":"major","source":"ODHF"}},{"type":"Feature","geometry":{"type":"Point","coordinates":[-123.72716000000001,48.378338]},"properties":{"name":"Ayre Manor","facility":"Nursing and residential care facilities","city":"sooke","region":"bc","country":"CA","population":null,"tier":"major","source":"ODHF"}},{"type":"Feature","geometry":{"type":"Point","coordinates":[-123.1552752,49.163382]},"properties":{"name":"Azure Group Home","facility":"Nursing and residential care facilities","city":"richmond","region":"bc","country":"CA","population":null,"tier":"major","source":"ODHF"}},{"type":"Feature","geometry":{"type":"Point","coordinates":[-75.62821042,45.44785486]},"properties":{"name":"Manoir Marochel","facility":"Nursing and residential care facilities","city":"ottawa","region":"on","country":"CA","population":null,"tier":"major","source":"ODHF"}},{"type":"Feature","geometry":{"type":"Point","coordinates":[-122.698825,49.11592]},"properties":{"name":"Bakerview Court","facility":"Nursing and residential care facilities","city":"surrey","region":"bc","country":"CA","population":null,"tier":"major","source":"ODHF"}},{"type":"Feature","geometry":{"type":"Point","coordinates":[-75.65366022,45.41117415]},"properties":{"name":"Maplewood Retirement Community","facility":"Nursing and residential care facilities","city":"ottawa","region":"on","country":"CA","population":null,"tier":"major","source":"ODHF"}},{"type":"Feature","geometry":{"type":"Point","coordinates":[-123.1187682,49.2611939]},"properties":{"name":"Banfield Pavilion - Vancouver General Hospital","facility":"Nursing and residential care facilities","city":"vancouver","region":"bc","country":"CA","population":null,"tier":"major","source":"ODHF"}},{"type":"Feature","geometry":{"type":"Point","coordinates":[-122.29643200000001,49.1580908]},"properties":{"name":"Bannister Drive Residence","facility":"Nursing and residential care facilities","city":"mission","region":"bc","country":"CA","population":null,"tier":"standard","source":"ODHF"}},{"type":"Feature","geometry":{"type":"Point","coordinates":[-123.03337890000002,49.24762]},"properties":{"name":"Banyan House","facility":"Nursing and residential care facilities","city":"vancouver","region":"bc","country":"CA","population":null,"tier":"major","source":"ODHF"}},{"type":"Feature","geometry":{"type":"Point","coordinates":[-84.33693736,46.5396691]},"properties":{"name":"Mauno Kaihla Koti","facility":"Nursing and residential care facilities","city":"sault ste marie","region":"on","country":"CA","population":null,"tier":"major","source":"ODHF"}},{"type":"Feature","geometry":{"type":"Point","coordinates":[-122.75463,49.2648821]},"properties":{"name":"Barberry Lodge","facility":"Nursing and residential care facilities","city":"port coquitlam","region":"bc","country":"CA","population":null,"tier":"major","source":"ODHF"}},{"type":"Feature","geometry":{"type":"Point","coordinates":[-122.768542,49.269878999999996]},"properties":{"name":"Barclay Care Home Ltd.","facility":"Nursing and residential care facilities","city":"port coquitlam","region":"bc","country":"CA","population":null,"tier":"major","source":"ODHF"}},{"type":"Feature","geometry":{"type":"Point","coordinates":[-123.0398721,49.3286133]},"properties":{"name":"Barlynn House","facility":"Nursing and residential care facilities","city":"north vancouver","region":"bc","country":"CA","population":null,"tier":"major","source":"ODHF"}},{"type":"Feature","geometry":{"type":"Point","coordinates":[-120.1290682,51.1768649]},"properties":{"name":"Barriere House","facility":"Nursing and residential care facilities","city":"barriere","region":"bc","country":"CA","population":null,"tier":"major","source":"ODHF"}},{"type":"Feature","geometry":{"type":"Point","coordinates":[-75.64059562,45.44672936]},"properties":{"name":"Montfort","facility":"Nursing and residential care facilities","city":"ottawa","region":"on","country":"CA","population":null,"tier":"major","source":"ODHF"}},{"type":"Feature","geometry":{"type":"Point","coordinates":[-121.99470649999999,49.1007302]},"properties":{"name":"Bayshore Home","facility":"Nursing and residential care facilities","city":"chilliwack","region":"bc","country":"CA","population":null,"tier":"major","source":"ODHF"}},{"type":"Feature","geometry":{"type":"Point","coordinates":[-86.95431135,49.70375969]},"properties":{"name":"Municipality of Greenstone - Geraldton Site","facility":"Nursing and residential care facilities","city":"geraldton","region":"on","country":"CA","population":null,"tier":"major","source":"ODHF"}},{"type":"Feature","geometry":{"type":"Point","coordinates":[-123.3670916,48.418065500000004]},"properties":{"name":"Beacon Hill Villa","facility":"Nursing and residential care facilities","city":"victoria","region":"bc","country":"CA","population":null,"tier":"major","source":"ODHF"}},{"type":"Feature","geometry":{"type":"Point","coordinates":[-123.37239,48.415112]},"properties":{"name":"Beckley Farm Lodge","facility":"Nursing and residential care facilities","city":"victoria","region":"bc","country":"CA","population":null,"tier":"major","source":"ODHF"}},{"type":"Feature","geometry":{"type":"Point","coordinates":[-78.71357712,46.31096797]},"properties":{"name":"Nipissing Mental Health Housing and Support Services","facility":"Nursing and residential care facilities","city":"mattawa","region":"on","country":"CA","population":null,"tier":"major","source":"ODHF"}},{"type":"Feature","geometry":{"type":"Point","coordinates":[-122.62204960000001,49.221283500000006]},"properties":{"name":"Beckman House","facility":"Nursing and residential care facilities","city":"maple ridge","region":"bc","country":"CA","population":null,"tier":"major","source":"ODHF"}},{"type":"Feature","geometry":{"type":"Point","coordinates":[-123.36752,48.460699]},"properties":{"name":"Bed & Breakfast","facility":"Nursing and residential care facilities","city":"victoria","region":"bc","country":"CA","population":null,"tier":"major","source":"ODHF"}},{"type":"Feature","geometry":{"type":"Point","coordinates":[-79.46837557,46.31399013]},"properties":{"name":"North Bay Recovery Home","facility":"Nursing and residential care facilities","city":"north bay","region":"on","country":"CA","population":null,"tier":"major","source":"ODHF"}},{"type":"Feature","geometry":{"type":"Point","coordinates":[-82.43174902,49.42402834]},"properties":{"name":"North Centennial Manor","facility":"Nursing and residential care facilities","city":"kapuskasing","region":"on","country":"CA","population":null,"tier":"major","source":"ODHF"}},{"type":"Feature","geometry":{"type":"Point","coordinates":[-122.6645132,49.0741414]},"properties":{"name":"Belmont Residence","facility":"Nursing and residential care facilities","city":"langley","region":"bc","country":"CA","population":null,"tier":"standard","source":"ODHF"}},{"type":"Feature","geometry":{"type":"Point","coordinates":[-123.006,49.312278000000006]},"properties":{"name":"Berkley Care Centre","facility":"Nursing and residential care facilities","city":"north vancouver","region":"bc","country":"CA","population":null,"tier":"major","source":"ODHF"}},{"type":"Feature","geometry":{"type":"Point","coordinates":[-79.67929206,47.50477871]},"properties":{"name":"Northdale Manor","facility":"Nursing and residential care facilities","city":"temiskaming shores","region":"on","country":"CA","population":null,"tier":"major","source":"ODHF"}},{"type":"Feature","geometry":{"type":"Point","coordinates":[-123.06200000000001,49.271921999999996]},"properties":{"name":"Berman House","facility":"Nursing and residential care facilities","city":"vancouver","region":"bc","country":"CA","population":null,"tier":"major","source":"ODHF"}},{"type":"Feature","geometry":{"type":"Point","coordinates":[-79.8655049,47.8219425]},"properties":{"name":"Northview Nursing Home","facility":"Nursing and residential care facilities","city":"englehart","region":"on","country":"CA","population":null,"tier":"major","source":"ODHF"}},{"type":"Feature","geometry":{"type":"Point","coordinates":[-93.82244384,51.01327044]},"properties":{"name":"Northwood Lodge","facility":"Nursing and residential care facilities","city":"red lake","region":"on","country":"CA","population":null,"tier":"major","source":"ODHF"}},{"type":"Feature","geometry":{"type":"Point","coordinates":[-123.33305,48.475333]},"properties":{"name":"Berwick House","facility":"Nursing and residential care facilities","city":"victoria","region":"bc","country":"CA","population":null,"tier":"major","source":"ODHF"}},{"type":"Feature","geometry":{"type":"Point","coordinates":[-124.00388000000001,49.21002]},"properties":{"name":"Berwick on the Lake","facility":"Nursing and residential care facilities","city":"nanaimo","region":"bc","country":"CA","population":null,"tier":"major","source":"ODHF"}},{"type":"Feature","geometry":{"type":"Point","coordinates":[-75.65901782,45.39973435]},"properties":{"name":"Oakpark Retirement Community","facility":"Nursing and residential care facilities","city":"ottawa","region":"on","country":"CA","population":null,"tier":"major","source":"ODHF"}},{"type":"Feature","geometry":{"type":"Point","coordinates":[-120.3369705,50.6578036]},"properties":{"name":"Berwick on the Park","facility":"Nursing and residential care facilities","city":"kamloops","region":"bc","country":"CA","population":null,"tier":"major","source":"ODHF"}},{"type":"Feature","geometry":{"type":"Point","coordinates":[-75.62273151,45.43018586]},"properties":{"name":"Ogilvie Villa","facility":"Nursing and residential care facilities","city":"ottawa","region":"on","country":"CA","population":null,"tier":"major","source":"ODHF"}},{"type":"Feature","geometry":{"type":"Point","coordinates":[-123.3868419,48.5035189]},"properties":{"name":"Berwick Royal Oak","facility":"Nursing and residential care facilities","city":"victoria","region":"bc","country":"CA","population":null,"tier":"major","source":"ODHF"}},{"type":"Feature","geometry":{"type":"Point","coordinates":[-122.74014299999999,49.108379]},"properties":{"name":"Bethayne House","facility":"Nursing and residential care facilities","city":"surrey","region":"bc","country":"CA","population":null,"tier":"major","source":"ODHF"}},{"type":"Feature","geometry":{"type":"Point","coordinates":[-122.3183114,49.0710888]},"properties":{"name":"Bethesda Chilcotin Home","facility":"Nursing and residential care facilities","city":"abbotsford","region":"bc","country":"CA","population":null,"tier":"major","source":"ODHF"}},{"type":"Feature","geometry":{"type":"Point","coordinates":[-122.32210049999999,49.047716799999996]},"properties":{"name":"Bethesda Clearbrook Home","facility":"Nursing and residential care facilities","city":"abbotsford","region":"bc","country":"CA","population":null,"tier":"major","source":"ODHF"}},{"type":"Feature","geometry":{"type":"Point","coordinates":[-75.75220245,45.39602545]},"properties":{"name":"Ottawa Salus Corporation","facility":"Nursing and residential care facilities","city":"ottawa","region":"on","country":"CA","population":null,"tier":"major","source":"ODHF"}},{"type":"Feature","geometry":{"type":"Point","coordinates":[-122.65501270000001,49.1727066]},"properties":{"name":"Bethesda Langley Home","facility":"Nursing and residential care facilities","city":"langley","region":"bc","country":"CA","population":null,"tier":"major","source":"ODHF"}},{"type":"Feature","geometry":{"type":"Point","coordinates":[-123.1400007,49.1598783]},"properties":{"name":"Bethesda Richmond Home","facility":"Nursing and residential care facilities","city":"richmond","region":"bc","country":"CA","population":null,"tier":"major","source":"ODHF"}},{"type":"Feature","geometry":{"type":"Point","coordinates":[-123.1915231,49.134028799999996]},"properties":{"name":"Bethesda South Richmond Home","facility":"Nursing and residential care facilities","city":"richmond","region":"bc","country":"CA","population":null,"tier":"major","source":"ODHF"}},{"type":"Feature","geometry":{"type":"Point","coordinates":[-84.28446604,46.5167198]},"properties":{"name":"Pathways Retirement Residence","facility":"Nursing and residential care facilities","city":"sault ste marie","region":"on","country":"CA","population":null,"tier":"standard","source":"ODHF"}},{"type":"Feature","geometry":{"type":"Point","coordinates":[-79.63267084,47.4453711]},"properties":{"name":"Pavilion Women's Centre","facility":"Nursing and residential care facilities","city":"temiskaming shores","region":"on","country":"CA","population":null,"tier":"major","source":"ODHF"}},{"type":"Feature","geometry":{"type":"Point","coordinates":[-122.77015800000001,49.1989643]},"properties":{"name":"Bethesda Surrey Home","facility":"Nursing and residential care facilities","city":"surrey","region":"bc","country":"CA","population":null,"tier":"major","source":"ODHF"}},{"type":"Feature","geometry":{"type":"Point","coordinates":[-122.770159,49.199194]},"properties":{"name":"Bethesda West Abbotsford Home","facility":"Nursing and residential care facilities","city":"abbotsford","region":"bc","country":"CA","population":null,"tier":"major","source":"ODHF"}},{"type":"Feature","geometry":{"type":"Point","coordinates":[-79.44197936,46.31889133]},"properties":{"name":"People for Equal Partnership in Mental Health (Pep)","facility":"Nursing and residential care facilities","city":"north bay","region":"on","country":"CA","population":null,"tier":"major","source":"ODHF"}},{"type":"Feature","geometry":{"type":"Point","coordinates":[-123.18091969999999,49.1399135]},"properties":{"name":"Bethesda West Richmond","facility":"Nursing and residential care facilities","city":"richmond","region":"bc","country":"CA","population":null,"tier":"major","source":"ODHF"}},{"type":"Feature","geometry":{"type":"Point","coordinates":[-84.27552334,46.523490100000004]},"properties":{"name":"Phoenix Rising Non-Profit Homes and Women's Centre Inc.","facility":"Nursing and residential care facilities","city":"sault ste marie","region":"on","country":"CA","population":null,"tier":"major","source":"ODHF"}},{"type":"Feature","geometry":{"type":"Point","coordinates":[-94.46311879,49.77992374]},"properties":{"name":"Pinecrest Home","facility":"Nursing and residential care facilities","city":"kenora","region":"on","country":"CA","population":null,"tier":"major","source":"ODHF"}},{"type":"Feature","geometry":{"type":"Point","coordinates":[-80.98200638,46.51756439]},"properties":{"name":"Pioneer Manor","facility":"Nursing and residential care facilities","city":"sudbury","region":"on","country":"CA","population":null,"tier":"major","source":"ODHF"}},{"type":"Feature","geometry":{"type":"Point","coordinates":[-89.25595747,48.41777116]},"properties":{"name":"Pioneer Ridge","facility":"Nursing and residential care facilities","city":"thunder bay","region":"on","country":"CA","population":null,"tier":"major","source":"ODHF"}},{"type":"Feature","geometry":{"type":"Point","coordinates":[-119.14936540000001,50.2203239]},"properties":{"name":"Birch Lodge","facility":"Nursing and residential care facilities","city":"coldstream","region":"bc","country":"CA","population":null,"tier":"major","source":"ODHF"}},{"type":"Feature","geometry":{"type":"Point","coordinates":[-123.1682267,49.1553185]},"properties":{"name":"Birch Station","facility":"Nursing and residential care facilities","city":"richmond","region":"bc","country":"CA","population":null,"tier":"major","source":"ODHF"}},{"type":"Feature","geometry":{"type":"Point","coordinates":[-75.47078027,45.47500507]},"properties":{"name":"Portobello Manor","facility":"Nursing and residential care facilities","city":"ottawa","region":"on","country":"CA","population":null,"tier":"major","source":"ODHF"}},{"type":"Feature","geometry":{"type":"Point","coordinates":[-122.8011,53.999924]},"properties":{"name":"Birchview Residences","facility":"Nursing and residential care facilities","city":"prince george","region":"bc","country":"CA","population":null,"tier":"standard","source":"ODHF"}},{"type":"Feature","geometry":{"type":"Point","coordinates":[-92.8352797,49.783303000000004]},"properties":{"name":"Princess Court","facility":"Nursing and residential care facilities","city":"dryden","region":"on","country":"CA","population":null,"tier":"major","source":"ODHF"}},{"type":"Feature","geometry":{"type":"Point","coordinates":[-123.15100000000001,49.250434000000006]},"properties":{"name":"Birchwood House","facility":"Nursing and residential care facilities","city":"vancouver","region":"bc","country":"CA","population":null,"tier":"major","source":"ODHF"}},{"type":"Feature","geometry":{"type":"Point","coordinates":[-128.54583,54.51651999999999]},"properties":{"name":"Birchwood Place","facility":"Nursing and residential care facilities","city":"thornhill","region":"bc","country":"CA","population":null,"tier":"major","source":"ODHF"}},{"type":"Feature","geometry":{"type":"Point","coordinates":[-120.3440301,50.761655499999996]},"properties":{"name":"Bissette","facility":"Nursing and residential care facilities","city":"kamloops","region":"bc","country":"CA","population":null,"tier":"major","source":"ODHF"}},{"type":"Feature","geometry":{"type":"Point","coordinates":[-123.1791189,49.2572761]},"properties":{"name":"Blenheim Lodge","facility":"Nursing and residential care facilities","city":"vancouver","region":"bc","country":"CA","population":null,"tier":"major","source":"ODHF"}},{"type":"Feature","geometry":{"type":"Point","coordinates":[-75.50317318,45.47890827]},"properties":{"name":"Queenswood Villa","facility":"Nursing and residential care facilities","city":"ottawa","region":"on","country":"CA","population":null,"tier":"major","source":"ODHF"}},{"type":"Feature","geometry":{"type":"Point","coordinates":[-123.3503798,48.4659403]},"properties":{"name":"Blenkinsop Home","facility":"Nursing and residential care facilities","city":"victoria","region":"bc","country":"CA","population":null,"tier":"major","source":"ODHF"}},{"type":"Feature","geometry":{"type":"Point","coordinates":[-123.00026399999999,49.3249901]},"properties":{"name":"Blueridge House","facility":"Nursing and residential care facilities","city":"north vancouver","region":"bc","country":"CA","population":null,"tier":"major","source":"ODHF"}},{"type":"Feature","geometry":{"type":"Point","coordinates":[-93.38953726,48.61757858]},"properties":{"name":"Riverside Health Care Facilities Inc. \u0097 Rainycrest Home for the Aged","facility":"Nursing and residential care facilities","city":"fort frances","region":"on","country":"CA","population":null,"tier":"major","source":"ODHF"}},{"type":"Feature","geometry":{"type":"Point","coordinates":[-80.99677148,46.49554268]},"properties":{"name":"Red Oak Villa","facility":"Nursing and residential care facilities","city":"sudbury","region":"on","country":"CA","population":null,"tier":"major","source":"ODHF"}},{"type":"Feature","geometry":{"type":"Point","coordinates":[-81.01002818,46.46335238]},"properties":{"name":"Regent Manor","facility":"Nursing and residential care facilities","city":"sudbury","region":"on","country":"CA","population":null,"tier":"major","source":"ODHF"}},{"type":"Feature","geometry":{"type":"Point","coordinates":[-124.5073861,49.8490901]},"properties":{"name":"Bowness Residence","facility":"Nursing and residential care facilities","city":"powell river","region":"bc","country":"CA","population":null,"tier":"standard","source":"ODHF"}},{"type":"Feature","geometry":{"type":"Point","coordinates":[-64.78447129999999,46.104989]},"properties":{"name":"Residence Lefebvre","facility":"Nursing and residential care facilities","city":"moonbeam","region":"on","country":"CA","population":null,"tier":"standard","source":"ODHF"}},{"type":"Feature","geometry":{"type":"Point","coordinates":[-122.42523600000001,49.0586]},"properties":{"name":"Bradner House","facility":"Nursing and residential care facilities","city":"abbotsford","region":"bc","country":"CA","population":null,"tier":"major","source":"ODHF"}},{"type":"Feature","geometry":{"type":"Point","coordinates":[-119.5812088,49.4712603]},"properties":{"name":"Braemore Lodge","facility":"Nursing and residential care facilities","city":"penticton","region":"bc","country":"CA","population":null,"tier":"major","source":"ODHF"}},{"type":"Feature","geometry":{"type":"Point","coordinates":[-119.4354247,49.920084100000004]},"properties":{"name":"Brandt's Creek Mews","facility":"Nursing and residential care facilities","city":"kelowna","region":"bc","country":"CA","population":null,"tier":"major","source":"ODHF"}},{"type":"Feature","geometry":{"type":"Point","coordinates":[-123.4509233,48.5794252]},"properties":{"name":"Brentwood House","facility":"Nursing and residential care facilities","city":"brentwood bay","region":"bc","country":"CA","population":null,"tier":"major","source":"ODHF"}},{"type":"Feature","geometry":{"type":"Point","coordinates":[-91.81206083,53.38660717]},"properties":{"name":"Reverend Tommy Beardy Memorial Wee Che He Wayo-Gamik","facility":"Nursing and residential care facilities","city":"muskrat dam","region":"on","country":"CA","population":null,"tier":"major","source":"ODHF"}},{"type":"Feature","geometry":{"type":"Point","coordinates":[-123.075,49.253717]},"properties":{"name":"Bridge House","facility":"Nursing and residential care facilities","city":"vancouver","region":"bc","country":"CA","population":null,"tier":"major","source":"ODHF"}},{"type":"Feature","geometry":{"type":"Point","coordinates":[-123.0766187,49.32904620000001]},"properties":{"name":"Bridgit House","facility":"Nursing and residential care facilities","city":"north vancouver","region":"bc","country":"CA","population":null,"tier":"major","source":"ODHF"}},{"type":"Feature","geometry":{"type":"Point","coordinates":[-123.0652695,49.2751821]},"properties":{"name":"Britannia Lodge","facility":"Nursing and residential care facilities","city":"vancouver","region":"bc","country":"CA","population":null,"tier":"major","source":"ODHF"}},{"type":"Feature","geometry":{"type":"Point","coordinates":[-123.0656713,49.242116700000004]},"properties":{"name":"Broadway House","facility":"Nursing and residential care facilities","city":"vancouver","region":"bc","country":"CA","population":null,"tier":"major","source":"ODHF"}},{"type":"Feature","geometry":{"type":"Point","coordinates":[-75.65146542,45.40214085]},"properties":{"name":"Roger's House for Palliative Care","facility":"Nursing and residential care facilities","city":"ottawa","region":"on","country":"CA","population":null,"tier":"limited","source":"ODHF"}},{"type":"Feature","geometry":{"type":"Point","coordinates":[-80.46973105,48.53944263]},"properties":{"name":"Rosedale Centre","facility":"Nursing and residential care facilities","city":"matheson","region":"on","country":"CA","population":null,"tier":"major","source":"ODHF"}},{"type":"Feature","geometry":{"type":"Point","coordinates":[-123.13437250000001,49.2674372]},"properties":{"name":"Broadway Pentecostal Lodge","facility":"Nursing and residential care facilities","city":"vancouver","region":"bc","country":"CA","population":null,"tier":"major","source":"ODHF"}},{"type":"Feature","geometry":{"type":"Point","coordinates":[-123.51876000000001,48.454613]},"properties":{"name":"Brock Home","facility":"Nursing and residential care facilities","city":"victoria","region":"bc","country":"CA","population":null,"tier":"major","source":"ODHF"}},{"type":"Feature","geometry":{"type":"Point","coordinates":[-120.39999250000001,50.6997303]},"properties":{"name":"Brocklehurst Gemstone Care Centre","facility":"Nursing and residential care facilities","city":"kamloops","region":"bc","country":"CA","population":null,"tier":"major","source":"ODHF"}},{"type":"Feature","geometry":{"type":"Point","coordinates":[-75.54547069,45.48316947]},"properties":{"name":"R\u00c9SIDENCE SAINT-LOUIS","facility":"Nursing and residential care facilities","city":"ottawa","region":"on","country":"CA","population":null,"tier":"major","source":"ODHF"}},{"type":"Feature","geometry":{"type":"Point","coordinates":[-122.681031,49.114096999999994]},"properties":{"name":"Brookside Lodge","facility":"Nursing and residential care facilities","city":"surrey","region":"bc","country":"CA","population":null,"tier":"major","source":"ODHF"}},{"type":"Feature","geometry":{"type":"Point","coordinates":[-122.66904469999999,49.0716323]},"properties":{"name":"Brookswood Court","facility":"Nursing and residential care facilities","city":"langley","region":"bc","country":"CA","population":null,"tier":"major","source":"ODHF"}},{"type":"Feature","geometry":{"type":"Point","coordinates":[-119.4932628,49.881454299999994]},"properties":{"name":"Brookvale Care Centre Ltd","facility":"Nursing and residential care facilities","city":"kelowna","region":"bc","country":"CA","population":null,"tier":"major","source":"ODHF"}},{"type":"Feature","geometry":{"type":"Point","coordinates":[-119.58942590000001,49.478003799999996]},"properties":{"name":"Bruce House","facility":"Nursing and residential care facilities","city":"penticton","region":"bc","country":"CA","population":null,"tier":"major","source":"ODHF"}},{"type":"Feature","geometry":{"type":"Point","coordinates":[-122.6782902,49.1035697]},"properties":{"name":"Brydon House","facility":"Nursing and residential care facilities","city":"langley","region":"bc","country":"CA","population":null,"tier":"major","source":"ODHF"}},{"type":"Feature","geometry":{"type":"Point","coordinates":[-122.95099280000001,49.2268549]},"properties":{"name":"Buckingham House","facility":"Nursing and residential care facilities","city":"burnaby","region":"bc","country":"CA","population":null,"tier":"major","source":"ODHF"}},{"type":"Feature","geometry":{"type":"Point","coordinates":[-122.803626,49.0242352]},"properties":{"name":"Buena Vista Lodge Ltd","facility":"Nursing and residential care facilities","city":"white rock","region":"bc","country":"CA","population":null,"tier":"major","source":"ODHF"}},{"type":"Feature","geometry":{"type":"Point","coordinates":[-127.15818999999999,54.779299]},"properties":{"name":"Bulkley Lodge","facility":"Nursing and residential care facilities","city":"smithers","region":"bc","country":"CA","population":null,"tier":"major","source":"ODHF"}},{"type":"Feature","geometry":{"type":"Point","coordinates":[-124.77893999999999,49.241642999999996]},"properties":{"name":"Burde Street Residence","facility":"Nursing and residential care facilities","city":"port alberni","region":"bc","country":"CA","population":null,"tier":"standard","source":"ODHF"}},{"type":"Feature","geometry":{"type":"Point","coordinates":[-122.77613999999998,53.908657]},"properties":{"name":"Burden Residential Home","facility":"Nursing and residential care facilities","city":"prince george","region":"bc","country":"CA","population":null,"tier":"major","source":"ODHF"}},{"type":"Feature","geometry":{"type":"Point","coordinates":[-123.39956000000001,48.460042]},"properties":{"name":"Burnside Home","facility":"Nursing and residential care facilities","city":"victoria","region":"bc","country":"CA","population":null,"tier":"major","source":"ODHF"}},{"type":"Feature","geometry":{"type":"Point","coordinates":[-123.09299999999999,49.256752]},"properties":{"name":"Byron House","facility":"Nursing and residential care facilities","city":"vancouver","region":"bc","country":"CA","population":null,"tier":"major","source":"ODHF"}},{"type":"Feature","geometry":{"type":"Point","coordinates":[-75.68555823,45.40566275]},"properties":{"name":"Sobriety House","facility":"Nursing and residential care facilities","city":"ottawa","region":"on","country":"CA","population":null,"tier":"major","source":"ODHF"}},{"type":"Feature","geometry":{"type":"Point","coordinates":[-123.085,49.332392]},"properties":{"name":"c & e Home","facility":"Nursing and residential care facilities","city":"north vancouver","region":"bc","country":"CA","population":null,"tier":"major","source":"ODHF"}},{"type":"Feature","geometry":{"type":"Point","coordinates":[-80.68247105,48.76584185]},"properties":{"name":"South Centennial Manor","facility":"Nursing and residential care facilities","city":"iroquois falls","region":"on","country":"CA","population":null,"tier":"major","source":"ODHF"}},{"type":"Feature","geometry":{"type":"Point","coordinates":[-122.9062557,49.1204814]},"properties":{"name":"Cabeldu","facility":"Nursing and residential care facilities","city":"delta","region":"bc","country":"CA","population":null,"tier":"major","source":"ODHF"}},{"type":"Feature","geometry":{"type":"Point","coordinates":[-123.1054368,49.257774600000005]},"properties":{"name":"Camille House","facility":"Nursing and residential care facilities","city":"vancouver","region":"bc","country":"CA","population":null,"tier":"major","source":"ODHF"}},{"type":"Feature","geometry":{"type":"Point","coordinates":[-122.80605,53.900245999999996]},"properties":{"name":"Campbell","facility":"Nursing and residential care facilities","city":"prince george","region":"bc","country":"CA","population":null,"tier":"major","source":"ODHF"}},{"type":"Feature","geometry":{"type":"Point","coordinates":[-89.25160776,48.38274726]},"properties":{"name":"Southbridge Lakehead","facility":"Nursing and residential care facilities","city":"thunder bay","region":"on","country":"CA","population":null,"tier":"major","source":"ODHF"}},{"type":"Feature","geometry":{"type":"Point","coordinates":[-89.27416157,48.37456045]},"properties":{"name":"Southbridge Pinewood","facility":"Nursing and residential care facilities","city":"thunder bay","region":"on","country":"CA","population":null,"tier":"major","source":"ODHF"}},{"type":"Feature","geometry":{"type":"Point","coordinates":[-89.21555166,48.45042517]},"properties":{"name":"Southbridge Roseview","facility":"Nursing and residential care facilities","city":"thunder bay","region":"on","country":"CA","population":null,"tier":"major","source":"ODHF"}},{"type":"Feature","geometry":{"type":"Point","coordinates":[-122.6634862,49.225466499999996]},"properties":{"name":"Campbell Home","facility":"Nursing and residential care facilities","city":"maple ridge","region":"bc","country":"CA","population":null,"tier":"major","source":"ODHF"}},{"type":"Feature","geometry":{"type":"Point","coordinates":[-122.62949099999999,49.2241206]},"properties":{"name":"Campbell House","facility":"Nursing and residential care facilities","city":"maple ridge","region":"bc","country":"CA","population":null,"tier":"major","source":"ODHF"}},{"type":"Feature","geometry":{"type":"Point","coordinates":[-81.22005300000001,48.478149]},"properties":{"name":"Spruce Hill Lodge","facility":"Nursing and residential care facilities","city":"timmins","region":"on","country":"CA","population":null,"tier":"major","source":"ODHF"}},{"type":"Feature","geometry":{"type":"Point","coordinates":[-81.183418,46.575821000000005]},"properties":{"name":"St. Gabriel's Villa of Sudbury","facility":"Nursing and residential care facilities","city":"sudbury","region":"on","country":"CA","population":null,"tier":"major","source":"ODHF"}},{"type":"Feature","geometry":{"type":"Point","coordinates":[-123.70701000000001,48.783462]},"properties":{"name":"Campbell Street Group Home","facility":"Nursing and residential care facilities","city":"duncan","region":"bc","country":"CA","population":null,"tier":"major","source":"ODHF"}},{"type":"Feature","geometry":{"type":"Point","coordinates":[-89.222677,48.438058000000005]},"properties":{"name":"St. Joseph\u0092s Care Group \u0097 St. Joseph\u0092s Hospital","facility":"Nursing and residential care facilities","city":"thunder bay","region":"on","country":"CA","population":null,"tier":"major","source":"ODHF"}},{"type":"Feature","geometry":{"type":"Point","coordinates":[-123.15589569999999,49.169821500000005]},"properties":{"name":"Camsell House","facility":"Nursing and residential care facilities","city":"richmond","region":"bc","country":"CA","population":null,"tier":"major","source":"ODHF"}},{"type":"Feature","geometry":{"type":"Point","coordinates":[-120.25726,55.750662]},"properties":{"name":"Canalta Residence","facility":"Nursing and residential care facilities","city":"dawson creek","region":"bc","country":"CA","population":null,"tier":"standard","source":"ODHF"}},{"type":"Feature","geometry":{"type":"Point","coordinates":[-80.96677167,46.46661488]},"properties":{"name":"St. Joseph's Villa, Sudbury","facility":"Nursing and residential care facilities","city":"sudbury","region":"on","country":"CA","population":null,"tier":"major","source":"ODHF"}},{"type":"Feature","geometry":{"type":"Point","coordinates":[-123.13,49.329066]},"properties":{"name":"Capilano Care Centre","facility":"Nursing and residential care facilities","city":"west vancouver","region":"bc","country":"CA","population":null,"tier":"major","source":"ODHF"}},{"type":"Feature","geometry":{"type":"Point","coordinates":[-81.32892253,48.47675827]},"properties":{"name":"St. Mary's Gardens","facility":"Nursing and residential care facilities","city":"timmins","region":"on","country":"CA","population":null,"tier":"major","source":"ODHF"}},{"type":"Feature","geometry":{"type":"Point","coordinates":[-123.107354,49.3511]},"properties":{"name":"Capilano House","facility":"Nursing and residential care facilities","city":"north vancouver","region":"bc","country":"CA","population":null,"tier":"major","source":"ODHF"}},{"type":"Feature","geometry":{"type":"Point","coordinates":[-123.1074121,49.35321029999999]},"properties":{"name":"Capilano Road","facility":"Nursing and residential care facilities","city":"north vancouver","region":"bc","country":"CA","population":null,"tier":"major","source":"ODHF"}},{"type":"Feature","geometry":{"type":"Point","coordinates":[-119.46211329999998,49.9086172]},"properties":{"name":"Caramillo Heights","facility":"Nursing and residential care facilities","city":"kelowna","region":"bc","country":"CA","population":null,"tier":"major","source":"ODHF"}},{"type":"Feature","geometry":{"type":"Point","coordinates":[-123.4007389,48.4825802]},"properties":{"name":"Carey House","facility":"Nursing and residential care facilities","city":"victoria","region":"bc","country":"CA","population":null,"tier":"major","source":"ODHF"}},{"type":"Feature","geometry":{"type":"Point","coordinates":[-75.52958419,45.47161517]},"properties":{"name":"Symphony Senior Living Orleans","facility":"Nursing and residential care facilities","city":"ottawa","region":"on","country":"CA","population":null,"tier":"major","source":"ODHF"}},{"type":"Feature","geometry":{"type":"Point","coordinates":[-80.01468335,48.15345549]},"properties":{"name":"Teck Pioneer Residence","facility":"Nursing and residential care facilities","city":"kirkland lake","region":"on","country":"CA","population":null,"tier":"standard","source":"ODHF"}},{"type":"Feature","geometry":{"type":"Point","coordinates":[-79.63082324,47.438790000000004]},"properties":{"name":"Temiskaming Lodge","facility":"Nursing and residential care facilities","city":"temiskaming shores","region":"on","country":"CA","population":null,"tier":"major","source":"ODHF"}},{"type":"Feature","geometry":{"type":"Point","coordinates":[-81.01101148,46.46167978]},"properties":{"name":"the Amberwood Suites","facility":"Nursing and residential care facilities","city":"sudbury","region":"on","country":"CA","population":null,"tier":"major","source":"ODHF"}},{"type":"Feature","geometry":{"type":"Point","coordinates":[-83.414961,47.841251]},"properties":{"name":"the Bignucolo Residence","facility":"Nursing and residential care facilities","city":"chapleau","region":"on","country":"CA","population":null,"tier":"standard","source":"ODHF"}},{"type":"Feature","geometry":{"type":"Point","coordinates":[-122.14175300000001,52.131127899999996]},"properties":{"name":"Cariboo Place","facility":"Nursing and residential care facilities","city":"williams lake","region":"bc","country":"CA","population":null,"tier":"major","source":"ODHF"}},{"type":"Feature","geometry":{"type":"Point","coordinates":[-123.0128497,49.2550436]},"properties":{"name":"Carlton Gardens Care Centre","facility":"Nursing and residential care facilities","city":"burnaby","region":"bc","country":"CA","population":null,"tier":"major","source":"ODHF"}},{"type":"Feature","geometry":{"type":"Point","coordinates":[-123.00458859999999,49.318318700000006]},"properties":{"name":"Carnation House","facility":"Nursing and residential care facilities","city":"north vancouver","region":"bc","country":"CA","population":null,"tier":"major","source":"ODHF"}},{"type":"Feature","geometry":{"type":"Point","coordinates":[-75.67868603,45.43901116]},"properties":{"name":"the Edinburgh","facility":"Nursing and residential care facilities","city":"ottawa","region":"on","country":"CA","population":null,"tier":"major","source":"ODHF"}},{"type":"Feature","geometry":{"type":"Point","coordinates":[-123.0917117,49.2488302]},"properties":{"name":"Carolina House","facility":"Nursing and residential care facilities","city":"vancouver","region":"bc","country":"CA","population":null,"tier":"major","source":"ODHF"}},{"type":"Feature","geometry":{"type":"Point","coordinates":[-122.98940559999998,49.209682799999996]},"properties":{"name":"Carson House","facility":"Nursing and residential care facilities","city":"burnaby","region":"bc","country":"CA","population":null,"tier":"major","source":"ODHF"}},{"type":"Feature","geometry":{"type":"Point","coordinates":[-122.8528962,49.241712]},"properties":{"name":"Cartier House Care Centre","facility":"Nursing and residential care facilities","city":"coquitlam","region":"bc","country":"CA","population":null,"tier":"major","source":"ODHF"}},{"type":"Feature","geometry":{"type":"Point","coordinates":[-123.35158,48.47379]},"properties":{"name":"Cartref","facility":"Nursing and residential care facilities","city":"victoria","region":"bc","country":"CA","population":null,"tier":"major","source":"ODHF"}},{"type":"Feature","geometry":{"type":"Point","coordinates":[-123.98626000000002,49.177513]},"properties":{"name":"Caspers Way Home","facility":"Nursing and residential care facilities","city":"nanaimo","region":"bc","country":"CA","population":null,"tier":"major","source":"ODHF"}},{"type":"Feature","geometry":{"type":"Point","coordinates":[-117.6459263,49.2682638]},"properties":{"name":"Castlegar House","facility":"Nursing and residential care facilities","city":"castlegar","region":"bc","country":"CA","population":null,"tier":"major","source":"ODHF"}},{"type":"Feature","geometry":{"type":"Point","coordinates":[-117.6624447,49.2881065]},"properties":{"name":"Castleview Care Centre","facility":"Nursing and residential care facilities","city":"castlegar","region":"bc","country":"CA","population":null,"tier":"major","source":"ODHF"}},{"type":"Feature","geometry":{"type":"Point","coordinates":[-122.8758933,49.270163700000005]},"properties":{"name":"Catherine House","facility":"Nursing and residential care facilities","city":"coquitlam","region":"bc","country":"CA","population":null,"tier":"major","source":"ODHF"}},{"type":"Feature","geometry":{"type":"Point","coordinates":[-75.72755805,45.40088385]},"properties":{"name":"the Salvation Army Ottawa Grace Manor","facility":"Nursing and residential care facilities","city":"ottawa","region":"on","country":"CA","population":null,"tier":"major","source":"ODHF"}},{"type":"Feature","geometry":{"type":"Point","coordinates":[-116.49528980000001,49.0886024]},"properties":{"name":"Cdscl 25th Avenue","facility":"Nursing and residential care facilities","city":"creston","region":"bc","country":"CA","population":null,"tier":"major","source":"ODHF"}},{"type":"Feature","geometry":{"type":"Point","coordinates":[-116.5151824,49.0881948]},"properties":{"name":"Cdscl Orchard House","facility":"Nursing and residential care facilities","city":"creston","region":"bc","country":"CA","population":null,"tier":"major","source":"ODHF"}},{"type":"Feature","geometry":{"type":"Point","coordinates":[-81.06941921,46.47788927]},"properties":{"name":"the Walford on the Park (Copper Cliff)","facility":"Nursing and residential care facilities","city":"sudbury","region":"on","country":"CA","population":null,"tier":"major","source":"ODHF"}},{"type":"Feature","geometry":{"type":"Point","coordinates":[-80.99596918,46.46283498]},"properties":{"name":"the Walford Sudbury","facility":"Nursing and residential care facilities","city":"sudbury","region":"on","country":"CA","population":null,"tier":"major","source":"ODHF"}},{"type":"Feature","geometry":{"type":"Point","coordinates":[-89.23848547,48.44013227]},"properties":{"name":"the Walford Thunder Bay","facility":"Nursing and residential care facilities","city":"thunder bay","region":"on","country":"CA","population":null,"tier":"major","source":"ODHF"}},{"type":"Feature","geometry":{"type":"Point","coordinates":[-81.32532123,48.49152857]},"properties":{"name":"the Walford Timmins","facility":"Nursing and residential care facilities","city":"timmins","region":"on","country":"CA","population":null,"tier":"major","source":"ODHF"}},{"type":"Feature","geometry":{"type":"Point","coordinates":[-116.504221,49.089596]},"properties":{"name":"Cdscl Purcell Place","facility":"Nursing and residential care facilities","city":"creston","region":"bc","country":"CA","population":null,"tier":"major","source":"ODHF"}},{"type":"Feature","geometry":{"type":"Point","coordinates":[-123.6009,48.698088]},"properties":{"name":"Cedars at Cobble Hill","facility":"Nursing and residential care facilities","city":"cobble hill","region":"bc","country":"CA","population":null,"tier":"major","source":"ODHF"}},{"type":"Feature","geometry":{"type":"Point","coordinates":[-89.26654026,48.37813265]},"properties":{"name":"Thunder Bay Seaway Non-Profit Apartments","facility":"Nursing and residential care facilities","city":"thunder bay","region":"on","country":"CA","population":null,"tier":"major","source":"ODHF"}},{"type":"Feature","geometry":{"type":"Point","coordinates":[-122.56696709999999,49.2169929]},"properties":{"name":"Cedarvale (East)","facility":"Nursing and residential care facilities","city":"maple ridge","region":"bc","country":"CA","population":null,"tier":"major","source":"ODHF"}},{"type":"Feature","geometry":{"type":"Point","coordinates":[-81.20553009,48.48503318]},"properties":{"name":"Timmins Finnish Seniors Home Inc.","facility":"Nursing and residential care facilities","city":"timmins","region":"on","country":"CA","population":null,"tier":"major","source":"ODHF"}},{"type":"Feature","geometry":{"type":"Point","coordinates":[-123.04,49.326053]},"properties":{"name":"Cedarview Lodge","facility":"Nursing and residential care facilities","city":"north vancouver","region":"bc","country":"CA","population":null,"tier":"major","source":"ODHF"}},{"type":"Feature","geometry":{"type":"Point","coordinates":[-122.77991000000002,49.186507]},"properties":{"name":"Celebration & Rainbow Manor","facility":"Nursing and residential care facilities","city":"surrey","region":"bc","country":"CA","population":null,"tier":"major","source":"ODHF"}},{"type":"Feature","geometry":{"type":"Point","coordinates":[-123.1119351,49.28313320000001]},"properties":{"name":"Central City Lodge","facility":"Nursing and residential care facilities","city":"vancouver","region":"bc","country":"CA","population":null,"tier":"major","source":"ODHF"}},{"type":"Feature","geometry":{"type":"Point","coordinates":[-119.4818967,49.8775979]},"properties":{"name":"Central Okanagan Hospice House","facility":"Nursing and residential care facilities","city":"kelowna","region":"bc","country":"CA","population":null,"tier":"limited","source":"ODHF"}},{"type":"Feature","geometry":{"type":"Point","coordinates":[-123.40321999999999,48.563340999999994]},"properties":{"name":"Central Saanich House","facility":"Nursing and residential care facilities","city":"saanichton","region":"bc","country":"CA","population":null,"tier":"major","source":"ODHF"}},{"type":"Feature","geometry":{"type":"Point","coordinates":[-74.68694690000001,45.0031277]},"properties":{"name":"Tsiionkwanonhsote","facility":"Nursing and residential care facilities","city":"akwesasne","region":"on","country":"CA","population":null,"tier":"major","source":"ODHF"}},{"type":"Feature","geometry":{"type":"Point","coordinates":[-123.73317,48.790277]},"properties":{"name":"Cerwydden Care Centre","facility":"Nursing and residential care facilities","city":"duncan","region":"bc","country":"CA","population":null,"tier":"major","source":"ODHF"}},{"type":"Feature","geometry":{"type":"Point","coordinates":[-121.97334359999999,49.1367191]},"properties":{"name":"Chadsey House","facility":"Nursing and residential care facilities","city":"chilliwack","region":"bc","country":"CA","population":null,"tier":"major","source":"ODHF"}},{"type":"Feature","geometry":{"type":"Point","coordinates":[-123.04799999999999,49.222657]},"properties":{"name":"Champlain House","facility":"Nursing and residential care facilities","city":"vancouver","region":"bc","country":"CA","population":null,"tier":"major","source":"ODHF"}},{"type":"Feature","geometry":{"type":"Point","coordinates":[-123.03143259999999,49.2735362]},"properties":{"name":"Charles Street Group Home","facility":"Nursing and residential care facilities","city":"vancouver","region":"bc","country":"CA","population":null,"tier":"major","source":"ODHF"}},{"type":"Feature","geometry":{"type":"Point","coordinates":[-122.96239469999999,49.2718494]},"properties":{"name":"Charlford House","facility":"Nursing and residential care facilities","city":"burnaby","region":"bc","country":"CA","population":null,"tier":"major","source":"ODHF"}},{"type":"Feature","geometry":{"type":"Point","coordinates":[-123.92464,49.129687]},"properties":{"name":"Chartwell Malaspina Care Residence","facility":"Nursing and residential care facilities","city":"nanaimo","region":"bc","country":"CA","population":null,"tier":"standard","source":"ODHF"}},{"type":"Feature","geometry":{"type":"Point","coordinates":[-75.60310711,45.44481406]},"properties":{"name":"Villa Elmsmere Villa","facility":"Nursing and residential care facilities","city":"ottawa","region":"on","country":"CA","population":null,"tier":"major","source":"ODHF"}},{"type":"Feature","geometry":{"type":"Point","coordinates":[-81.0205333,49.06971147]},"properties":{"name":"Villa Minto","facility":"Nursing and residential care facilities","city":"cochrane","region":"on","country":"CA","population":null,"tier":"major","source":"ODHF"}},{"type":"Feature","geometry":{"type":"Point","coordinates":[-75.68690653,45.41027515]},"properties":{"name":"Villagia in the Glebe","facility":"Nursing and residential care facilities","city":"ottawa","region":"on","country":"CA","population":null,"tier":"major","source":"ODHF"}},{"type":"Feature","geometry":{"type":"Point","coordinates":[-122.6241638,49.0849489]},"properties":{"name":"Chelsey House 2003 Ltd","facility":"Nursing and residential care facilities","city":"langley","region":"bc","country":"CA","population":null,"tier":"major","source":"ODHF"}},{"type":"Feature","geometry":{"type":"Point","coordinates":[-75.65898873,45.43735776]},"properties":{"name":"Wabano Centre for Aboriginal Health","facility":"Nursing and residential care facilities","city":"ottawa","region":"on","country":"CA","population":null,"tier":"major","source":"ODHF"}},{"type":"Feature","geometry":{"type":"Point","coordinates":[-122.84933400000001,49.205653000000005]},"properties":{"name":"Cherington Place","facility":"Nursing and residential care facilities","city":"surrey","region":"bc","country":"CA","population":null,"tier":"major","source":"ODHF"}},{"type":"Feature","geometry":{"type":"Point","coordinates":[-123.0889024,49.2366929]},"properties":{"name":"Chester House","facility":"Nursing and residential care facilities","city":"vancouver","region":"bc","country":"CA","population":null,"tier":"major","source":"ODHF"}},{"type":"Feature","geometry":{"type":"Point","coordinates":[-123.0685534,49.0860239]},"properties":{"name":"Chestnut House","facility":"Nursing and residential care facilities","city":"delta","region":"bc","country":"CA","population":null,"tier":"major","source":"ODHF"}},{"type":"Feature","geometry":{"type":"Point","coordinates":[-87.10460125,48.78045446]},"properties":{"name":"Wilkes Terrace","facility":"Nursing and residential care facilities","city":"terrace bay","region":"on","country":"CA","population":null,"tier":"major","source":"ODHF"}},{"type":"Feature","geometry":{"type":"Point","coordinates":[-91.91875908,50.10591688]},"properties":{"name":"William a. 'Bill' George Extended Care Facility","facility":"Nursing and residential care facilities","city":"sioux lookout","region":"on","country":"CA","population":null,"tier":"major","source":"ODHF"}},{"type":"Feature","geometry":{"type":"Point","coordinates":[-121.959427,49.128984]},"properties":{"name":"Chilliwack Lifestyles Willow Manor","facility":"Nursing and residential care facilities","city":"chilliwack","region":"bc","country":"CA","population":null,"tier":"major","source":"ODHF"}},{"type":"Feature","geometry":{"type":"Point","coordinates":[-84.32332985,46.510063099999996]},"properties":{"name":"Women in Crisis (Algoma) Inc.","facility":"Nursing and residential care facilities","city":"sault ste marie","region":"on","country":"CA","population":null,"tier":"major","source":"ODHF"}},{"type":"Feature","geometry":{"type":"Point","coordinates":[-123.15100000000001,49.831259]},"properties":{"name":"Chopra Addiction & Wellness Center","facility":"Nursing and residential care facilities","city":"squamish","region":"bc","country":"CA","population":null,"tier":"major","source":"ODHF"}},{"type":"Feature","geometry":{"type":"Point","coordinates":[-122.897278,49.152412]},"properties":{"name":"Christel House","facility":"Nursing and residential care facilities","city":"delta","region":"bc","country":"CA","population":null,"tier":"major","source":"ODHF"}},{"type":"Feature","geometry":{"type":"Point","coordinates":[-123.51899999999999,49.4045]},"properties":{"name":"Christenson Village","facility":"Nursing and residential care facilities","city":"gibsons","region":"bc","country":"CA","population":null,"tier":"major","source":"ODHF"}},{"type":"Feature","geometry":{"type":"Point","coordinates":[-120.2317,55.767858999999994]},"properties":{"name":"City View","facility":"Nursing and residential care facilities","city":"dawson creek","region":"bc","country":"CA","population":null,"tier":"major","source":"ODHF"}},{"type":"Feature","geometry":{"type":"Point","coordinates":[-75.69601434,45.43220386]},"properties":{"name":"\u00c9LISABETH-BRUY\u00c8RE RESIDENCE","facility":"Nursing and residential care facilities","city":"ottawa","region":"on","country":"CA","population":null,"tier":"standard","source":"ODHF"}},{"type":"Feature","geometry":{"type":"Point","coordinates":[-122.680175,49.063559999999995]},"properties":{"name":"Classic Homestead - South","facility":"Nursing and residential care facilities","city":"langley","region":"bc","country":"CA","population":null,"tier":"major","source":"ODHF"}},{"type":"Feature","geometry":{"type":"Point","coordinates":[-123.46226000000001,48.680171]},"properties":{"name":"Clayton House","facility":"Nursing and residential care facilities","city":"north saanich","region":"bc","country":"CA","population":null,"tier":"major","source":"ODHF"}},{"type":"Feature","geometry":{"type":"Point","coordinates":[-63.773516,46.419768]},"properties":{"name":"Summerset Manor","facility":"Nursing and residential care facilities","city":"summerside","region":"pe","country":"CA","population":null,"tier":"major","source":"ODHF"}},{"type":"Feature","geometry":{"type":"Point","coordinates":[-123.3542325,48.409673299999994]},"properties":{"name":"Clover Point Care","facility":"Nursing and residential care facilities","city":"victoria","region":"bc","country":"CA","population":null,"tier":"major","source":"ODHF"}},{"type":"Feature","geometry":{"type":"Point","coordinates":[-123.0461745,49.3130596]},"properties":{"name":"Cloverley House","facility":"Nursing and residential care facilities","city":"north vancouver","region":"bc","country":"CA","population":null,"tier":"major","source":"ODHF"}},{"type":"Feature","geometry":{"type":"Point","coordinates":[-123.08862979999999,49.253953499999994]},"properties":{"name":"Coast Magnolia House","facility":"Nursing and residential care facilities","city":"vancouver","region":"bc","country":"CA","population":null,"tier":"major","source":"ODHF"}},{"type":"Feature","geometry":{"type":"Point","coordinates":[-123.181,49.269211]},"properties":{"name":"Coast West","facility":"Nursing and residential care facilities","city":"vancouver","region":"bc","country":"CA","population":null,"tier":"major","source":"ODHF"}},{"type":"Feature","geometry":{"type":"Point","coordinates":[-122.88780449999999,49.252184299999996]},"properties":{"name":"Cochrane House","facility":"Nursing and residential care facilities","city":"coquitlam","region":"bc","country":"CA","population":null,"tier":"major","source":"ODHF"}},{"type":"Feature","geometry":{"type":"Point","coordinates":[-123.0254987,49.3504116]},"properties":{"name":"Coleman Street Group Home","facility":"Nursing and residential care facilities","city":"north vancouver","region":"bc","country":"CA","population":null,"tier":"major","source":"ODHF"}},{"type":"Feature","geometry":{"type":"Point","coordinates":[-123.026247,49.2393253]},"properties":{"name":"Collingwood House","facility":"Nursing and residential care facilities","city":"vancouver","region":"bc","country":"CA","population":null,"tier":"major","source":"ODHF"}},{"type":"Feature","geometry":{"type":"Point","coordinates":[-116.03316770000002,50.5076471]},"properties":{"name":"Columbia Garden Care Village","facility":"Nursing and residential care facilities","city":"invermere","region":"bc","country":"CA","population":null,"tier":"major","source":"ODHF"}},{"type":"Feature","geometry":{"type":"Point","coordinates":[-122.8939774,49.2258399]},"properties":{"name":"Columbia House","facility":"Nursing and residential care facilities","city":"new westminster","region":"bc","country":"CA","population":null,"tier":"major","source":"ODHF"}},{"type":"Feature","geometry":{"type":"Point","coordinates":[-123.12100000000001,49.208775]},"properties":{"name":"Columbus Residence","facility":"Nursing and residential care facilities","city":"vancouver","region":"bc","country":"CA","population":null,"tier":"standard","source":"ODHF"}},{"type":"Feature","geometry":{"type":"Point","coordinates":[-125.24302949999999,50.016425]},"properties":{"name":"Colwyn House","facility":"Nursing and residential care facilities","city":"campbell river","region":"bc","country":"CA","population":null,"tier":"major","source":"ODHF"}},{"type":"Feature","geometry":{"type":"Point","coordinates":[-73.42199140000001,45.5042501]},"properties":{"name":"CENTRE D'H\u00c9BERGEMENT CHAMPLAIN RIVE-SUD","facility":"Nursing and residential care facilities","city":"saint-hubert","region":"qc","country":"CA","population":null,"tier":"major","source":"ODHF"}},{"type":"Feature","geometry":{"type":"Point","coordinates":[-71.9632667,46.061141]},"properties":{"name":"CENTRE D'H\u00c9BERGEMENT DU ROSEAU","facility":"Nursing and residential care facilities","city":"victoriaville","region":"qc","country":"CA","population":null,"tier":"major","source":"ODHF"}},{"type":"Feature","geometry":{"type":"Point","coordinates":[-74.0061506,45.7829075]},"properties":{"name":"CENTRE D'YOUVILLE","facility":"Nursing and residential care facilities","city":"saint-j\u00e9rome","region":"qc","country":"CA","population":null,"tier":"major","source":"ODHF"}},{"type":"Feature","geometry":{"type":"Point","coordinates":[-118.1896244,50.9881555]},"properties":{"name":"Community Connections Eighth Street Home","facility":"Nursing and residential care facilities","city":"revelstoke","region":"bc","country":"CA","population":null,"tier":"major","source":"ODHF"}},{"type":"Feature","geometry":{"type":"Point","coordinates":[-118.20353859999999,51.002857399999996]},"properties":{"name":"Community Connections Second Street Home","facility":"Nursing and residential care facilities","city":"revelstoke","region":"bc","country":"CA","population":null,"tier":"major","source":"ODHF"}},{"type":"Feature","geometry":{"type":"Point","coordinates":[-122.9808733,49.2136422]},"properties":{"name":"Community Living Society - Neville House","facility":"Nursing and residential care facilities","city":"burnaby","region":"bc","country":"CA","population":null,"tier":"major","source":"ODHF"}},{"type":"Feature","geometry":{"type":"Point","coordinates":[-122.85146780000001,49.2637783]},"properties":{"name":"Como Lake House","facility":"Nursing and residential care facilities","city":"coquitlam","region":"bc","country":"CA","population":null,"tier":"major","source":"ODHF"}},{"type":"Feature","geometry":{"type":"Point","coordinates":[-124.99338999999999,49.702595]},"properties":{"name":"Comox Valley Seniors Village","facility":"Nursing and residential care facilities","city":"courtenay","region":"bc","country":"CA","population":null,"tier":"major","source":"ODHF"}},{"type":"Feature","geometry":{"type":"Point","coordinates":[-119.4033009,50.0482249]},"properties":{"name":"Connect Lake Country","facility":"Nursing and residential care facilities","city":"lake country","region":"bc","country":"CA","population":null,"tier":"major","source":"ODHF"}},{"type":"Feature","geometry":{"type":"Point","coordinates":[-122.6343005,49.219900700000004]},"properties":{"name":"Cook Avenue","facility":"Nursing and residential care facilities","city":"maple ridge","region":"bc","country":"CA","population":null,"tier":"major","source":"ODHF"}},{"type":"Feature","geometry":{"type":"Point","coordinates":[-122.828694,49.150452]},"properties":{"name":"Coopershawk Court","facility":"Nursing and residential care facilities","city":"surrey","region":"bc","country":"CA","population":null,"tier":"major","source":"ODHF"}},{"type":"Feature","geometry":{"type":"Point","coordinates":[-122.80623,53.93008100000001]},"properties":{"name":"Corless Crescent","facility":"Nursing and residential care facilities","city":"prince george","region":"bc","country":"CA","population":null,"tier":"major","source":"ODHF"}},{"type":"Feature","geometry":{"type":"Point","coordinates":[-119.4793851,49.8923387]},"properties":{"name":"Coronation Home","facility":"Nursing and residential care facilities","city":"kelowna","region":"bc","country":"CA","population":null,"tier":"major","source":"ODHF"}},{"type":"Feature","geometry":{"type":"Point","coordinates":[-123.06,49.29107]},"properties":{"name":"Cottage Hospice","facility":"Nursing and residential care facilities","city":"vancouver","region":"bc","country":"CA","population":null,"tier":"limited","source":"ODHF"}},{"type":"Feature","geometry":{"type":"Point","coordinates":[-123.14416840000001,49.162096999999996]},"properties":{"name":"Courtyard Gardens","facility":"Nursing and residential care facilities","city":"richmond","region":"bc","country":"CA","population":null,"tier":"major","source":"ODHF"}},{"type":"Feature","geometry":{"type":"Point","coordinates":[-123.34522,48.422818]},"properties":{"name":"Craigdarroch Care Home","facility":"Nursing and residential care facilities","city":"victoria","region":"bc","country":"CA","population":null,"tier":"major","source":"ODHF"}},{"type":"Feature","geometry":{"type":"Point","coordinates":[-122.8673672,49.18459910000001]},"properties":{"name":"Crawford Manor (\"a\")","facility":"Nursing and residential care facilities","city":"surrey","region":"bc","country":"CA","population":null,"tier":"major","source":"ODHF"}},{"type":"Feature","geometry":{"type":"Point","coordinates":[-119.3223493,50.2465633]},"properties":{"name":"Creekside Landing","facility":"Nursing and residential care facilities","city":"vernon","region":"bc","country":"CA","population":null,"tier":"major","source":"ODHF"}},{"type":"Feature","geometry":{"type":"Point","coordinates":[-122.76523600000002,49.024671000000005]},"properties":{"name":"Crescent Gardens","facility":"Nursing and residential care facilities","city":"surrey","region":"bc","country":"CA","population":null,"tier":"major","source":"ODHF"}},{"type":"Feature","geometry":{"type":"Point","coordinates":[-122.8476199,49.1806892]},"properties":{"name":"Cresst - South Fraser","facility":"Nursing and residential care facilities","city":"surrey","region":"bc","country":"CA","population":null,"tier":"major","source":"ODHF"}},{"type":"Feature","geometry":{"type":"Point","coordinates":[-116.51571470000002,49.1043599]},"properties":{"name":"Crest View Care Village","facility":"Nursing and residential care facilities","city":"creston","region":"bc","country":"CA","population":null,"tier":"major","source":"ODHF"}},{"type":"Feature","geometry":{"type":"Point","coordinates":[-122.8997933,49.1593008]},"properties":{"name":"Crestlene Lodge Ltd","facility":"Nursing and residential care facilities","city":"delta","region":"bc","country":"CA","population":null,"tier":"major","source":"ODHF"}},{"type":"Feature","geometry":{"type":"Point","coordinates":[-123.41436999999999,48.47524]},"properties":{"name":"Cridge Brain Injury Residence, the","facility":"Nursing and residential care facilities","city":"victoria","region":"bc","country":"CA","population":null,"tier":"standard","source":"ODHF"}},{"type":"Feature","geometry":{"type":"Point","coordinates":[-122.825181,49.162594]},"properties":{"name":"Cristina Home","facility":"Nursing and residential care facilities","city":"surrey","region":"bc","country":"CA","population":null,"tier":"major","source":"ODHF"}},{"type":"Feature","geometry":{"type":"Point","coordinates":[-124.52295900000001,49.8366104]},"properties":{"name":"Crofton House","facility":"Nursing and residential care facilities","city":"powell river","region":"bc","country":"CA","population":null,"tier":"major","source":"ODHF"}},{"type":"Feature","geometry":{"type":"Point","coordinates":[-123.16799999999999,49.23535]},"properties":{"name":"Crofton Manor","facility":"Nursing and residential care facilities","city":"vancouver","region":"bc","country":"CA","population":null,"tier":"major","source":"ODHF"}},{"type":"Feature","geometry":{"type":"Point","coordinates":[-123.1833749,49.267943599999995]},"properties":{"name":"Crossroads","facility":"Nursing and residential care facilities","city":"vancouver","region":"bc","country":"CA","population":null,"tier":"major","source":"ODHF"}},{"type":"Feature","geometry":{"type":"Point","coordinates":[-122.82799270000001,49.284775]},"properties":{"name":"Crossroads Inlet Centre Hospice","facility":"Nursing and residential care facilities","city":"port moody","region":"bc","country":"CA","population":null,"tier":"limited","source":"ODHF"}},{"type":"Feature","geometry":{"type":"Point","coordinates":[-122.793128,49.053692]},"properties":{"name":"Croydon Villa","facility":"Nursing and residential care facilities","city":"surrey","region":"bc","country":"CA","population":null,"tier":"major","source":"ODHF"}},{"type":"Feature","geometry":{"type":"Point","coordinates":[-122.91851159999999,49.2320214]},"properties":{"name":"Cumberland House","facility":"Nursing and residential care facilities","city":"burnaby","region":"bc","country":"CA","population":null,"tier":"major","source":"ODHF"}},{"type":"Feature","geometry":{"type":"Point","coordinates":[-124.9536777,49.6903919]},"properties":{"name":"Cummings Home","facility":"Nursing and residential care facilities","city":"courtenay","region":"bc","country":"CA","population":null,"tier":"major","source":"ODHF"}},{"type":"Feature","geometry":{"type":"Point","coordinates":[-123.1511773,49.1559857]},"properties":{"name":"Curzon House","facility":"Nursing and residential care facilities","city":"richmond","region":"bc","country":"CA","population":null,"tier":"major","source":"ODHF"}},{"type":"Feature","geometry":{"type":"Point","coordinates":[-73.2065199,45.5658927]},"properties":{"name":"CH CHAMPLAIN-BELOEIL","facility":"Nursing and residential care facilities","city":"beloeil","region":"qc","country":"CA","population":null,"tier":"major","source":"ODHF"}},{"type":"Feature","geometry":{"type":"Point","coordinates":[-122.975187,49.247584]},"properties":{"name":"Dania Home","facility":"Nursing and residential care facilities","city":"burnaby","region":"bc","country":"CA","population":null,"tier":"major","source":"ODHF"}},{"type":"Feature","geometry":{"type":"Point","coordinates":[-71.2358273,46.8026923]},"properties":{"name":"CH NOTRE-DAME DU CHEMIN INC.","facility":"Nursing and residential care facilities","city":"qu\u00e9bec","region":"qc","country":"CA","population":null,"tier":"major","source":"ODHF"}},{"type":"Feature","geometry":{"type":"Point","coordinates":[-119.48152859999999,49.8869222]},"properties":{"name":"David Lloyd Jones Home","facility":"Nursing and residential care facilities","city":"kelowna","region":"bc","country":"CA","population":null,"tier":"major","source":"ODHF"}},{"type":"Feature","geometry":{"type":"Point","coordinates":[-122.78296999999999,53.87534599999999]},"properties":{"name":"Davis Drive","facility":"Nursing and residential care facilities","city":"prince george","region":"bc","country":"CA","population":null,"tier":"major","source":"ODHF"}},{"type":"Feature","geometry":{"type":"Point","coordinates":[-122.683004,49.227708]},"properties":{"name":"Davison","facility":"Nursing and residential care facilities","city":"pitt meadows","region":"bc","country":"CA","population":null,"tier":"major","source":"ODHF"}},{"type":"Feature","geometry":{"type":"Point","coordinates":[-122.85037369999999,49.2487285]},"properties":{"name":"Decaire House","facility":"Nursing and residential care facilities","city":"coquitlam","region":"bc","country":"CA","population":null,"tier":"major","source":"ODHF"}},{"type":"Feature","geometry":{"type":"Point","coordinates":[-122.9643376,49.22851970000001]},"properties":{"name":"Deer Lake House","facility":"Nursing and residential care facilities","city":"burnaby","region":"bc","country":"CA","population":null,"tier":"major","source":"ODHF"}},{"type":"Feature","geometry":{"type":"Point","coordinates":[-123.64988000000001,48.838219]},"properties":{"name":"Deertrail Cottage","facility":"Nursing and residential care facilities","city":"duncan","region":"bc","country":"CA","population":null,"tier":"major","source":"ODHF"}},{"type":"Feature","geometry":{"type":"Point","coordinates":[-117.2877274,49.4813964]},"properties":{"name":"Delbruck House","facility":"Nursing and residential care facilities","city":"nelson","region":"bc","country":"CA","population":null,"tier":"major","source":"ODHF"}},{"type":"Feature","geometry":{"type":"Point","coordinates":[-122.90048829999999,49.1377685]},"properties":{"name":"Delta House","facility":"Nursing and residential care facilities","city":"delta","region":"bc","country":"CA","population":null,"tier":"major","source":"ODHF"}},{"type":"Feature","geometry":{"type":"Point","coordinates":[-122.9145102,49.1699318]},"properties":{"name":"Delta Lodge","facility":"Nursing and residential care facilities","city":"delta","region":"bc","country":"CA","population":null,"tier":"major","source":"ODHF"}},{"type":"Feature","geometry":{"type":"Point","coordinates":[-125.25371000000001,50.029604]},"properties":{"name":"Discovery Harbour Care Centre","facility":"Nursing and residential care facilities","city":"campbell river","region":"bc","country":"CA","population":null,"tier":"major","source":"ODHF"}},{"type":"Feature","geometry":{"type":"Point","coordinates":[-119.22541000000001,50.279050299999994]},"properties":{"name":"Dixon Place Home","facility":"Nursing and residential care facilities","city":"vernon","region":"bc","country":"CA","population":null,"tier":"major","source":"ODHF"}},{"type":"Feature","geometry":{"type":"Point","coordinates":[-119.26515159999998,50.2665627]},"properties":{"name":"Dobie House","facility":"Nursing and residential care facilities","city":"vernon","region":"bc","country":"CA","population":null,"tier":"major","source":"ODHF"}},{"type":"Feature","geometry":{"type":"Point","coordinates":[-123.7179264,48.781263]},"properties":{"name":"Dogwood House","facility":"Nursing and residential care facilities","city":"duncan","region":"bc","country":"CA","population":null,"tier":"major","source":"ODHF"}},{"type":"Feature","geometry":{"type":"Point","coordinates":[-123.118,49.218578]},"properties":{"name":"Dogwood Lodge","facility":"Nursing and residential care facilities","city":"vancouver","region":"bc","country":"CA","population":null,"tier":"major","source":"ODHF"}},{"type":"Feature","geometry":{"type":"Point","coordinates":[-123.0371915,49.2203849]},"properties":{"name":"Doman House","facility":"Nursing and residential care facilities","city":"vancouver","region":"bc","country":"CA","population":null,"tier":"major","source":"ODHF"}},{"type":"Feature","geometry":{"type":"Point","coordinates":[-123.37027579999999,48.4110201]},"properties":{"name":"Douglas Care Community","facility":"Nursing and residential care facilities","city":"victoria","region":"bc","country":"CA","population":null,"tier":"major","source":"ODHF"}},{"type":"Feature","geometry":{"type":"Point","coordinates":[-124.03401000000001,49.234198]},"properties":{"name":"Dover House Intermediate Care Facility","facility":"Nursing and residential care facilities","city":"nanaimo","region":"bc","country":"CA","population":null,"tier":"major","source":"ODHF"}},{"type":"Feature","geometry":{"type":"Point","coordinates":[-119.2497058,50.2746532]},"properties":{"name":"down's Residence","facility":"Nursing and residential care facilities","city":"vernon","region":"bc","country":"CA","population":null,"tier":"standard","source":"ODHF"}},{"type":"Feature","geometry":{"type":"Point","coordinates":[-123.13,49.281727000000004]},"properties":{"name":"Dr. Peter Aids Foundation (Residence)","facility":"Nursing and residential care facilities","city":"vancouver","region":"bc","country":"CA","population":null,"tier":"standard","source":"ODHF"}},{"type":"Feature","geometry":{"type":"Point","coordinates":[-120.38434450000001,50.6590596]},"properties":{"name":"Dufferin Group Home","facility":"Nursing and residential care facilities","city":"kamloops","region":"bc","country":"CA","population":null,"tier":"major","source":"ODHF"}},{"type":"Feature","geometry":{"type":"Point","coordinates":[-123.0497683,49.2393317]},"properties":{"name":"Duke House","facility":"Nursing and residential care facilities","city":"vancouver","region":"bc","country":"CA","population":null,"tier":"major","source":"ODHF"}},{"type":"Feature","geometry":{"type":"Point","coordinates":[-122.48601000000001,52.979626]},"properties":{"name":"Dunrovin Park Lodge","facility":"Nursing and residential care facilities","city":"quesnel","region":"bc","country":"CA","population":null,"tier":"major","source":"ODHF"}},{"type":"Feature","geometry":{"type":"Point","coordinates":[-123.38556000000001,48.514907]},"properties":{"name":"Dustin House","facility":"Nursing and residential care facilities","city":"victoria","region":"bc","country":"CA","population":null,"tier":"major","source":"ODHF"}},{"type":"Feature","geometry":{"type":"Point","coordinates":[-122.9538731,49.2748071]},"properties":{"name":"Duthie Avenue","facility":"Nursing and residential care facilities","city":"burnaby","region":"bc","country":"CA","population":null,"tier":"major","source":"ODHF"}},{"type":"Feature","geometry":{"type":"Point","coordinates":[-124.01516000000001,49.199663]},"properties":{"name":"Dwelling Place","facility":"Nursing and residential care facilities","city":"nanaimo","region":"bc","country":"CA","population":null,"tier":"major","source":"ODHF"}},{"type":"Feature","geometry":{"type":"Point","coordinates":[-122.1625031,52.1190375]},"properties":{"name":"Eagle Crescent","facility":"Nursing and residential care facilities","city":"williams lake","region":"bc","country":"CA","population":null,"tier":"major","source":"ODHF"}},{"type":"Feature","geometry":{"type":"Point","coordinates":[-123.36825,48.466336]},"properties":{"name":"Eagle Rock Heights","facility":"Nursing and residential care facilities","city":"victoria","region":"bc","country":"CA","population":null,"tier":"major","source":"ODHF"}},{"type":"Feature","geometry":{"type":"Point","coordinates":[-123.09868429999999,49.2383527]},"properties":{"name":"East 36th House","facility":"Nursing and residential care facilities","city":"vancouver","region":"bc","country":"CA","population":null,"tier":"major","source":"ODHF"}},{"type":"Feature","geometry":{"type":"Point","coordinates":[-123.05252279999999,49.229687299999995]},"properties":{"name":"East 45th Group Home","facility":"Nursing and residential care facilities","city":"vancouver","region":"bc","country":"CA","population":null,"tier":"major","source":"ODHF"}},{"type":"Feature","geometry":{"type":"Point","coordinates":[-123.0920388,49.2146808]},"properties":{"name":"East 61st Community House","facility":"Nursing and residential care facilities","city":"vancouver","region":"bc","country":"CA","population":null,"tier":"major","source":"ODHF"}},{"type":"Feature","geometry":{"type":"Point","coordinates":[-122.9903615,49.2739211]},"properties":{"name":"Eastlawn","facility":"Nursing and residential care facilities","city":"burnaby","region":"bc","country":"CA","population":null,"tier":"major","source":"ODHF"}},{"type":"Feature","geometry":{"type":"Point","coordinates":[-121.9419001,49.167238299999994]},"properties":{"name":"Eden Care Centre","facility":"Nursing and residential care facilities","city":"chilliwack","region":"bc","country":"CA","population":null,"tier":"major","source":"ODHF"}},{"type":"Feature","geometry":{"type":"Point","coordinates":[-123.98388999999999,49.191744]},"properties":{"name":"Eden Gardens","facility":"Nursing and residential care facilities","city":"nanaimo","region":"bc","country":"CA","population":null,"tier":"major","source":"ODHF"}},{"type":"Feature","geometry":{"type":"Point","coordinates":[-123.0948838,49.3328531]},"properties":{"name":"Edgemont House","facility":"Nursing and residential care facilities","city":"north vancouver","region":"bc","country":"CA","population":null,"tier":"major","source":"ODHF"}},{"type":"Feature","geometry":{"type":"Point","coordinates":[-123.99763,49.189984]},"properties":{"name":"Edgewood","facility":"Nursing and residential care facilities","city":"nanaimo","region":"bc","country":"CA","population":null,"tier":"major","source":"ODHF"}},{"type":"Feature","geometry":{"type":"Point","coordinates":[-122.94124359999999,49.2252184]},"properties":{"name":"Edmonds House","facility":"Nursing and residential care facilities","city":"burnaby","region":"bc","country":"CA","population":null,"tier":"major","source":"ODHF"}},{"type":"Feature","geometry":{"type":"Point","coordinates":[-122.797706,49.048515]},"properties":{"name":"Ehn Canada White Rock Mental Health Services Inc","facility":"Nursing and residential care facilities","city":"surrey","region":"bc","country":"CA","population":null,"tier":"major","source":"ODHF"}},{"type":"Feature","geometry":{"type":"Point","coordinates":[-125.7581811,54.2341003]},"properties":{"name":"Eighth Avenue Group Home","facility":"Nursing and residential care facilities","city":"burns lake","region":"bc","country":"CA","population":null,"tier":"major","source":"ODHF"}},{"type":"Feature","geometry":{"type":"Point","coordinates":[-122.90575,49.148371999999995]},"properties":{"name":"Eightieth Avenue House","facility":"Nursing and residential care facilities","city":"delta","region":"bc","country":"CA","population":null,"tier":"major","source":"ODHF"}},{"type":"Feature","geometry":{"type":"Point","coordinates":[-122.82293700000001,49.055582]},"properties":{"name":"Elgin House","facility":"Nursing and residential care facilities","city":"surrey","region":"bc","country":"CA","population":null,"tier":"major","source":"ODHF"}},{"type":"Feature","geometry":{"type":"Point","coordinates":[-123.38444890000001,48.447182299999994]},"properties":{"name":"Elivan","facility":"Nursing and residential care facilities","city":"victoria","region":"bc","country":"CA","population":null,"tier":"major","source":"ODHF"}},{"type":"Feature","geometry":{"type":"Point","coordinates":[-123.0445436,49.2845069]},"properties":{"name":"Emerald Place","facility":"Nursing and residential care facilities","city":"vancouver","region":"bc","country":"CA","population":null,"tier":"major","source":"ODHF"}},{"type":"Feature","geometry":{"type":"Point","coordinates":[-123.1119351,49.28313320000001]},"properties":{"name":"Emerge Addiction Recovery Program","facility":"Nursing and residential care facilities","city":"vancouver","region":"bc","country":"CA","population":null,"tier":"major","source":"ODHF"}},{"type":"Feature","geometry":{"type":"Point","coordinates":[-122.99794729999999,49.213623600000005]},"properties":{"name":"Emily House","facility":"Nursing and residential care facilities","city":"burnaby","region":"bc","country":"CA","population":null,"tier":"major","source":"ODHF"}},{"type":"Feature","geometry":{"type":"Point","coordinates":[-123.0898037,49.0260605]},"properties":{"name":"English Bluff","facility":"Nursing and residential care facilities","city":"delta","region":"bc","country":"CA","population":null,"tier":"major","source":"ODHF"}},{"type":"Feature","geometry":{"type":"Point","coordinates":[-119.47799840000002,49.827363]},"properties":{"name":"Eso Court","facility":"Nursing and residential care facilities","city":"kelowna","region":"bc","country":"CA","population":null,"tier":"major","source":"ODHF"}},{"type":"Feature","geometry":{"type":"Point","coordinates":[-124.529,49.850590000000004]},"properties":{"name":"Evergreen Care Unit","facility":"Nursing and residential care facilities","city":"powell river","region":"bc","country":"CA","population":null,"tier":"major","source":"ODHF"}},{"type":"Feature","geometry":{"type":"Point","coordinates":[-122.78985300000001,49.155213]},"properties":{"name":"Evergreen Hamlets at Fleetwood","facility":"Nursing and residential care facilities","city":"surrey","region":"bc","country":"CA","population":null,"tier":"major","source":"ODHF"}},{"type":"Feature","geometry":{"type":"Point","coordinates":[-122.8848789,49.2662976]},"properties":{"name":"Evergreen House","facility":"Nursing and residential care facilities","city":"coquitlam","region":"bc","country":"CA","population":null,"tier":"major","source":"ODHF"}},{"type":"Feature","geometry":{"type":"Point","coordinates":[-122.3450986,49.053649799999995]},"properties":{"name":"Evergreen Residence","facility":"Nursing and residential care facilities","city":"abbotsford","region":"bc","country":"CA","population":null,"tier":"standard","source":"ODHF"}},{"type":"Feature","geometry":{"type":"Point","coordinates":[-125.24818,50.007318]},"properties":{"name":"Evergreen Seniors Home","facility":"Nursing and residential care facilities","city":"campbell river","region":"bc","country":"CA","population":null,"tier":"major","source":"ODHF"}},{"type":"Feature","geometry":{"type":"Point","coordinates":[-115.7573544,49.5052761]},"properties":{"name":"f.w. Green Memorial Home","facility":"Nursing and residential care facilities","city":"cranbrook","region":"bc","country":"CA","population":null,"tier":"major","source":"ODHF"}},{"type":"Feature","geometry":{"type":"Point","coordinates":[-123.0058287,49.2152662]},"properties":{"name":"Fair Haven Burnaby Lodge","facility":"Nursing and residential care facilities","city":"burnaby","region":"bc","country":"CA","population":null,"tier":"major","source":"ODHF"}},{"type":"Feature","geometry":{"type":"Point","coordinates":[-123.05136940000001,49.225367799999994]},"properties":{"name":"Fair Haven Homes Vancouver Lodge","facility":"Nursing and residential care facilities","city":"vancouver","region":"bc","country":"CA","population":null,"tier":"major","source":"ODHF"}},{"type":"Feature","geometry":{"type":"Point","coordinates":[-123.49386000000001,48.446099]},"properties":{"name":"Fairway Home","facility":"Nursing and residential care facilities","city":"victoria","region":"bc","country":"CA","population":null,"tier":"major","source":"ODHF"}},{"type":"Feature","geometry":{"type":"Point","coordinates":[-123.12899999999999,49.267340000000004]},"properties":{"name":"False Creek Residence","facility":"Nursing and residential care facilities","city":"vancouver","region":"bc","country":"CA","population":null,"tier":"standard","source":"ODHF"}},{"type":"Feature","geometry":{"type":"Point","coordinates":[-119.3907555,49.901886100000006]},"properties":{"name":"Felix Road","facility":"Nursing and residential care facilities","city":"kelowna","region":"bc","country":"CA","population":null,"tier":"major","source":"ODHF"}},{"type":"Feature","geometry":{"type":"Point","coordinates":[-123.3258787,48.4758034]},"properties":{"name":"Feltham","facility":"Nursing and residential care facilities","city":"victoria","region":"bc","country":"CA","population":null,"tier":"major","source":"ODHF"}},{"type":"Feature","geometry":{"type":"Point","coordinates":[-122.32755049999999,49.0552957]},"properties":{"name":"Ferguson Home","facility":"Nursing and residential care facilities","city":"abbotsford","region":"bc","country":"CA","population":null,"tier":"major","source":"ODHF"}},{"type":"Feature","geometry":{"type":"Point","coordinates":[-122.868452,49.100283000000005]},"properties":{"name":"Fifty Fourth Avenue Home","facility":"Nursing and residential care facilities","city":"surrey","region":"bc","country":"CA","population":null,"tier":"major","source":"ODHF"}},{"type":"Feature","geometry":{"type":"Point","coordinates":[-123.06074540000002,49.20822879999999]},"properties":{"name":"Finnish Home","facility":"Nursing and residential care facilities","city":"vancouver","region":"bc","country":"CA","population":null,"tier":"major","source":"ODHF"}},{"type":"Feature","geometry":{"type":"Point","coordinates":[-123.01274879999998,49.25405]},"properties":{"name":"Finnish Manor","facility":"Nursing and residential care facilities","city":"burnaby","region":"bc","country":"CA","population":null,"tier":"major","source":"ODHF"}},{"type":"Feature","geometry":{"type":"Point","coordinates":[-124.79915,49.250749]},"properties":{"name":"Fir Park Village","facility":"Nursing and residential care facilities","city":"port alberni","region":"bc","country":"CA","population":null,"tier":"major","source":"ODHF"}},{"type":"Feature","geometry":{"type":"Point","coordinates":[-121.291632,51.63807]},"properties":{"name":"Fischer Place","facility":"Nursing and residential care facilities","city":"100 mile house","region":"bc","country":"CA","population":null,"tier":"major","source":"ODHF"}},{"type":"Feature","geometry":{"type":"Point","coordinates":[-122.62836750000001,49.0915519]},"properties":{"name":"Five Corners Residence","facility":"Nursing and residential care facilities","city":"langley","region":"bc","country":"CA","population":null,"tier":"standard","source":"ODHF"}},{"type":"Feature","geometry":{"type":"Point","coordinates":[-122.82061999999999,54.005809]},"properties":{"name":"Flamingo Road","facility":"Nursing and residential care facilities","city":"prince george","region":"bc","country":"CA","population":null,"tier":"major","source":"ODHF"}},{"type":"Feature","geometry":{"type":"Point","coordinates":[-122.8114257,49.2634222]},"properties":{"name":"Fleet Street Group Home","facility":"Nursing and residential care facilities","city":"coquitlam","region":"bc","country":"CA","population":null,"tier":"major","source":"ODHF"}},{"type":"Feature","geometry":{"type":"Point","coordinates":[-122.77644199999999,49.173384000000006]},"properties":{"name":"Fleetwood House","facility":"Nursing and residential care facilities","city":"surrey","region":"bc","country":"CA","population":null,"tier":"major","source":"ODHF"}},{"type":"Feature","geometry":{"type":"Point","coordinates":[-122.778049,49.153895]},"properties":{"name":"Fleetwood Place","facility":"Nursing and residential care facilities","city":"surrey","region":"bc","country":"CA","population":null,"tier":"major","source":"ODHF"}},{"type":"Feature","geometry":{"type":"Point","coordinates":[-122.5919793,49.2216885]},"properties":{"name":"Fletcher 1","facility":"Nursing and residential care facilities","city":"maple ridge","region":"bc","country":"CA","population":null,"tier":"major","source":"ODHF"}},{"type":"Feature","geometry":{"type":"Point","coordinates":[-122.99260509999999,49.234934499999994]},"properties":{"name":"Forglen 5450","facility":"Nursing and residential care facilities","city":"burnaby","region":"bc","country":"CA","population":null,"tier":"major","source":"ODHF"}},{"type":"Feature","geometry":{"type":"Point","coordinates":[-123.32226000000001,48.443712]},"properties":{"name":"Forrester House","facility":"Nursing and residential care facilities","city":"victoria","region":"bc","country":"CA","population":null,"tier":"major","source":"ODHF"}},{"type":"Feature","geometry":{"type":"Point","coordinates":[-123.1845142,49.268865000000005]},"properties":{"name":"Fourth and Alma","facility":"Nursing and residential care facilities","city":"vancouver","region":"bc","country":"CA","population":null,"tier":"major","source":"ODHF"}},{"type":"Feature","geometry":{"type":"Point","coordinates":[-73.10887220000001,46.046135299999996]},"properties":{"name":"H\u00d4PITAL GENERAL DE SOREL","facility":"Nursing and residential care facilities","city":"sorel-tracy","region":"qc","country":"CA","population":null,"tier":"major","source":"ODHF"}},{"type":"Feature","geometry":{"type":"Point","coordinates":[-122.8662457,49.23926289999999]},"properties":{"name":"Foyer Maillard","facility":"Nursing and residential care facilities","city":"coquitlam","region":"bc","country":"CA","population":null,"tier":"major","source":"ODHF"}},{"type":"Feature","geometry":{"type":"Point","coordinates":[-123.1472723,49.149711200000006]},"properties":{"name":"Francis House","facility":"Nursing and residential care facilities","city":"richmond","region":"bc","country":"CA","population":null,"tier":"major","source":"ODHF"}},{"type":"Feature","geometry":{"type":"Point","coordinates":[-122.6516108,49.0887548]},"properties":{"name":"Fraser Supported Community Living","facility":"Nursing and residential care facilities","city":"langley city","region":"bc","country":"CA","population":null,"tier":"major","source":"ODHF"}},{"type":"Feature","geometry":{"type":"Point","coordinates":[-122.4160247,49.1239695]},"properties":{"name":"Fraser Valley Detox and Treatment Centre","facility":"Nursing and residential care facilities","city":"abbotsford","region":"bc","country":"CA","population":null,"tier":"major","source":"ODHF"}},{"type":"Feature","geometry":{"type":"Point","coordinates":[-122.9715652,49.2134802]},"properties":{"name":"Fraserside Residence","facility":"Nursing and residential care facilities","city":"burnaby","region":"bc","country":"CA","population":null,"tier":"standard","source":"ODHF"}},{"type":"Feature","geometry":{"type":"Point","coordinates":[-73.633826,45.492871]},"properties":{"name":"JEWISH ELDERCARE CENTRE","facility":"Nursing and residential care facilities","city":"montr\u00e9al","region":"qc","country":"CA","population":null,"tier":"major","source":"ODHF"}},{"type":"Feature","geometry":{"type":"Point","coordinates":[-123.11747659999999,49.1398092]},"properties":{"name":"Fraserview Intermediate Care Lodge","facility":"Nursing and residential care facilities","city":"richmond","region":"bc","country":"CA","population":null,"tier":"major","source":"ODHF"}},{"type":"Feature","geometry":{"type":"Point","coordinates":[-123.04401750000001,49.3416966]},"properties":{"name":"Frederick Road","facility":"Nursing and residential care facilities","city":"north vancouver","region":"bc","country":"CA","population":null,"tier":"major","source":"ODHF"}},{"type":"Feature","geometry":{"type":"Point","coordinates":[-120.85713,56.248114]},"properties":{"name":"Fsj Acl Four-Plex","facility":"Nursing and residential care facilities","city":"fort st john","region":"bc","country":"CA","population":null,"tier":"major","source":"ODHF"}},{"type":"Feature","geometry":{"type":"Point","coordinates":[-120.34084270000001,50.672905799999995]},"properties":{"name":"Garden Manor Rest Home","facility":"Nursing and residential care facilities","city":"kamloops","region":"bc","country":"CA","population":null,"tier":"major","source":"ODHF"}},{"type":"Feature","geometry":{"type":"Point","coordinates":[-123.60683999999999,48.681633000000005]},"properties":{"name":"Gate House Adult Care","facility":"Nursing and residential care facilities","city":"cobble hill","region":"bc","country":"CA","population":null,"tier":"major","source":"ODHF"}},{"type":"Feature","geometry":{"type":"Point","coordinates":[-124.98625190000001,49.7129894]},"properties":{"name":"Gatehouse","facility":"Nursing and residential care facilities","city":"courtenay","region":"bc","country":"CA","population":null,"tier":"major","source":"ODHF"}},{"type":"Feature","geometry":{"type":"Point","coordinates":[-122.14311550000001,52.1383395]},"properties":{"name":"Gateway Crisis Stabilization Unit","facility":"Nursing and residential care facilities","city":"williams lake","region":"bc","country":"CA","population":null,"tier":"major","source":"ODHF"}},{"type":"Feature","geometry":{"type":"Point","coordinates":[-123.99909,49.196739]},"properties":{"name":"Gateway House","facility":"Nursing and residential care facilities","city":"nanaimo","region":"bc","country":"CA","population":null,"tier":"major","source":"ODHF"}},{"type":"Feature","geometry":{"type":"Point","coordinates":[-122.7543,53.905864]},"properties":{"name":"Gateway Lodge Complex Care","facility":"Nursing and residential care facilities","city":"prince george","region":"bc","country":"CA","population":null,"tier":"major","source":"ODHF"}},{"type":"Feature","geometry":{"type":"Point","coordinates":[-120.38293429999999,50.7086212]},"properties":{"name":"Gaumont Residence","facility":"Nursing and residential care facilities","city":"kamloops","region":"bc","country":"CA","population":null,"tier":"standard","source":"ODHF"}},{"type":"Feature","geometry":{"type":"Point","coordinates":[-122.78039140000001,49.2542391]},"properties":{"name":"Gemini House","facility":"Nursing and residential care facilities","city":"port coquitlam","region":"bc","country":"CA","population":null,"tier":"major","source":"ODHF"}},{"type":"Feature","geometry":{"type":"Point","coordinates":[-122.91648799999999,49.233602000000005]},"properties":{"name":"George Derby Centre","facility":"Nursing and residential care facilities","city":"burnaby","region":"bc","country":"CA","population":null,"tier":"major","source":"ODHF"}},{"type":"Feature","geometry":{"type":"Point","coordinates":[-123.121144,49.21877]},"properties":{"name":"George Pearson Centre","facility":"Nursing and residential care facilities","city":"vancouver","region":"bc","country":"CA","population":null,"tier":"major","source":"ODHF"}},{"type":"Feature","geometry":{"type":"Point","coordinates":[-123.0876367,49.0905341]},"properties":{"name":"Georgia House","facility":"Nursing and residential care facilities","city":"delta","region":"bc","country":"CA","population":null,"tier":"major","source":"ODHF"}},{"type":"Feature","geometry":{"type":"Point","coordinates":[-123.0651145,49.2098793]},"properties":{"name":"German Canadian Care Home","facility":"Nursing and residential care facilities","city":"vancouver","region":"bc","country":"CA","population":null,"tier":"major","source":"ODHF"}},{"type":"Feature","geometry":{"type":"Point","coordinates":[-122.9733811,49.2089907]},"properties":{"name":"Gilley House","facility":"Nursing and residential care facilities","city":"burnaby","region":"bc","country":"CA","population":null,"tier":"major","source":"ODHF"}},{"type":"Feature","geometry":{"type":"Point","coordinates":[-124.38006999999999,49.341871999999995]},"properties":{"name":"Gilley Residence","facility":"Nursing and residential care facilities","city":"parksville","region":"bc","country":"CA","population":null,"tier":"standard","source":"ODHF"}},{"type":"Feature","geometry":{"type":"Point","coordinates":[-120.7861348,50.107526299999996]},"properties":{"name":"Gillis House","facility":"Nursing and residential care facilities","city":"merritt","region":"bc","country":"CA","population":null,"tier":"major","source":"ODHF"}},{"type":"Feature","geometry":{"type":"Point","coordinates":[-124.96433999999999,49.690363]},"properties":{"name":"Glacier View Lodge","facility":"Nursing and residential care facilities","city":"courtenay","region":"bc","country":"CA","population":null,"tier":"major","source":"ODHF"}},{"type":"Feature","geometry":{"type":"Point","coordinates":[-123.0635011,49.24299439999999]},"properties":{"name":"Gladstone House ( l & t Services)","facility":"Nursing and residential care facilities","city":"vancouver","region":"bc","country":"CA","population":null,"tier":"major","source":"ODHF"}},{"type":"Feature","geometry":{"type":"Point","coordinates":[-123.0623051,49.2356384]},"properties":{"name":"Gladstone Street Group Home","facility":"Nursing and residential care facilities","city":"vancouver","region":"bc","country":"CA","population":null,"tier":"major","source":"ODHF"}},{"type":"Feature","geometry":{"type":"Point","coordinates":[-119.4400778,49.9163179]},"properties":{"name":"Glenmore Lodge","facility":"Nursing and residential care facilities","city":"kelowna","region":"bc","country":"CA","population":null,"tier":"major","source":"ODHF"}},{"type":"Feature","geometry":{"type":"Point","coordinates":[-71.2579152,46.8109218]},"properties":{"name":"R\u00c9SIDENCE CHRIST-ROI","facility":"Nursing and residential care facilities","city":"vanier","region":"qc","country":"CA","population":null,"tier":"major","source":"ODHF"}},{"type":"Feature","geometry":{"type":"Point","coordinates":[-123.77905,48.743009]},"properties":{"name":"Glenora Farm 1 (Big House)","facility":"Nursing and residential care facilities","city":"duncan","region":"bc","country":"CA","population":null,"tier":"major","source":"ODHF"}},{"type":"Feature","geometry":{"type":"Point","coordinates":[-121.75817859999998,49.2308549]},"properties":{"name":"Glenwood Seniors Community","facility":"Nursing and residential care facilities","city":"agassiz","region":"bc","country":"CA","population":null,"tier":"major","source":"ODHF"}},{"type":"Feature","geometry":{"type":"Point","coordinates":[-124.52165090000001,49.8396688]},"properties":{"name":"Golden Avenue Residence","facility":"Nursing and residential care facilities","city":"powell river","region":"bc","country":"CA","population":null,"tier":"standard","source":"ODHF"}},{"type":"Feature","geometry":{"type":"Point","coordinates":[-125.206101,49.9486852]},"properties":{"name":"Golden Grove Care Facility","facility":"Nursing and residential care facilities","city":"campbell river","region":"bc","country":"CA","population":null,"tier":"major","source":"ODHF"}},{"type":"Feature","geometry":{"type":"Point","coordinates":[-108.28433999999999,52.720038]},"properties":{"name":"Battlefords District Care Centre","facility":"Nursing and residential care facilities","city":"battleford","region":"sk","country":"CA","population":null,"tier":"major","source":"ODHF"}},{"type":"Feature","geometry":{"type":"Point","coordinates":[-105.13443999999998,49.393536]},"properties":{"name":"Bengough Health Centre","facility":"Nursing and residential care facilities","city":"bengough","region":"sk","country":"CA","population":null,"tier":"major","source":"ODHF"}},{"type":"Feature","geometry":{"type":"Point","coordinates":[-105.318248,52.476943000000006]},"properties":{"name":"Bethany Pioneer Village","facility":"Nursing and residential care facilities","city":"middle lake","region":"sk","country":"CA","population":null,"tier":"major","source":"ODHF"}},{"type":"Feature","geometry":{"type":"Point","coordinates":[-101.79285,49.177734]},"properties":{"name":"Border-Line Housing Company","facility":"Nursing and residential care facilities","city":"carnduff","region":"sk","country":"CA","population":null,"tier":"major","source":"ODHF"}},{"type":"Feature","geometry":{"type":"Point","coordinates":[-102.573208,50.376551]},"properties":{"name":"Broadview Centennial Lodge","facility":"Nursing and residential care facilities","city":"broadview","region":"sk","country":"CA","population":null,"tier":"major","source":"ODHF"}},{"type":"Feature","geometry":{"type":"Point","coordinates":[-101.705453,50.840139]},"properties":{"name":"Centennial Special Care Home","facility":"Nursing and residential care facilities","city":"langenburg","region":"sk","country":"CA","population":null,"tier":"major","source":"ODHF"}},{"type":"Feature","geometry":{"type":"Point","coordinates":[-106.68282099999999,52.141159]},"properties":{"name":"Central Haven Special Care Home","facility":"Nursing and residential care facilities","city":"saskatoon","region":"sk","country":"CA","population":null,"tier":"major","source":"ODHF"}},{"type":"Feature","geometry":{"type":"Point","coordinates":[-105.02585800000001,51.851296999999995]},"properties":{"name":"Central Parkland Lodge","facility":"Nursing and residential care facilities","city":"lanigan","region":"sk","country":"CA","population":null,"tier":"major","source":"ODHF"}},{"type":"Feature","geometry":{"type":"Point","coordinates":[-106.620778,52.086490000000005]},"properties":{"name":"Circle Drive Special Care Home","facility":"Nursing and residential care facilities","city":"saskatoon","region":"sk","country":"CA","population":null,"tier":"major","source":"ODHF"}},{"type":"Feature","geometry":{"type":"Point","coordinates":[-105.737803,52.48680699999999]},"properties":{"name":"Cudworth Nursing Home/Health Centre","facility":"Nursing and residential care facilities","city":"cudworth","region":"sk","country":"CA","population":null,"tier":"major","source":"ODHF"}},{"type":"Feature","geometry":{"type":"Point","coordinates":[-102.263573,53.956179000000006]},"properties":{"name":"Cumberland House Addiction Services","facility":"Nursing and residential care facilities","city":"cumberland house","region":"sk","country":"CA","population":null,"tier":"major","source":"ODHF"}},{"type":"Feature","geometry":{"type":"Point","coordinates":[-106.77263700000002,52.346835]},"properties":{"name":"Dalmeny Spruce Manor Special Care Home","facility":"Nursing and residential care facilities","city":"dalmeny","region":"sk","country":"CA","population":null,"tier":"major","source":"ODHF"}},{"type":"Feature","geometry":{"type":"Point","coordinates":[-119.25913899999999,50.2830685]},"properties":{"name":"Good Samaritan Canada Heron Grove","facility":"Nursing and residential care facilities","city":"vernon","region":"bc","country":"CA","population":null,"tier":"major","source":"ODHF"}},{"type":"Feature","geometry":{"type":"Point","coordinates":[-119.59626399999999,49.485198]},"properties":{"name":"Good Samaritan Canada Village by the Station","facility":"Nursing and residential care facilities","city":"penticton","region":"bc","country":"CA","population":null,"tier":"major","source":"ODHF"}},{"type":"Feature","geometry":{"type":"Point","coordinates":[-103.80149,50.770243]},"properties":{"name":"Echo Lodge Special Care Home","facility":"Nursing and residential care facilities","city":"fort quappelle","region":"sk","country":"CA","population":null,"tier":"major","source":"ODHF"}},{"type":"Feature","geometry":{"type":"Point","coordinates":[-108.03273899999999,51.198192]},"properties":{"name":"Elrose Health Centre","facility":"Nursing and residential care facilities","city":"elrose","region":"sk","country":"CA","population":null,"tier":"major","source":"ODHF"}},{"type":"Feature","geometry":{"type":"Point","coordinates":[-119.46388950000001,49.8620909]},"properties":{"name":"Good Samaritan Canada, Mountainview Village","facility":"Nursing and residential care facilities","city":"kelowna","region":"bc","country":"CA","population":null,"tier":"major","source":"ODHF"}},{"type":"Feature","geometry":{"type":"Point","coordinates":[-102.992586,49.154117]},"properties":{"name":"Estevan Regional Nursing Home","facility":"Nursing and residential care facilities","city":"estevan","region":"sk","country":"CA","population":null,"tier":"major","source":"ODHF"}},{"type":"Feature","geometry":{"type":"Point","coordinates":[-108.751929,51.146105]},"properties":{"name":"Eston Health Centre","facility":"Nursing and residential care facilities","city":"eston","region":"sk","country":"CA","population":null,"tier":"major","source":"ODHF"}},{"type":"Feature","geometry":{"type":"Point","coordinates":[-105.56752,50.382142]},"properties":{"name":"Extendicare","facility":"Nursing and residential care facilities","city":"moose jaw","region":"sk","country":"CA","population":null,"tier":"major","source":"ODHF"}},{"type":"Feature","geometry":{"type":"Point","coordinates":[-122.81050549999999,49.0245841]},"properties":{"name":"Good Shepherd Lodge","facility":"Nursing and residential care facilities","city":"white rock","region":"bc","country":"CA","population":null,"tier":"major","source":"ODHF"}},{"type":"Feature","geometry":{"type":"Point","coordinates":[-103.437282,49.878156]},"properties":{"name":"Fillmore Union Health Centre","facility":"Nursing and residential care facilities","city":"fillmore","region":"sk","country":"CA","population":null,"tier":"major","source":"ODHF"}},{"type":"Feature","geometry":{"type":"Point","coordinates":[-122.94091399999999,49.229818]},"properties":{"name":"Goodlad House","facility":"Nursing and residential care facilities","city":"burnaby","region":"bc","country":"CA","population":null,"tier":"major","source":"ODHF"}},{"type":"Feature","geometry":{"type":"Point","coordinates":[-107.494359,49.746771]},"properties":{"name":"Foyer St. Joseph (Affiliate)","facility":"Nursing and residential care facilities","city":"ponteix","region":"sk","country":"CA","population":null,"tier":"major","source":"ODHF"}},{"type":"Feature","geometry":{"type":"Point","coordinates":[-101.450889,49.179083]},"properties":{"name":"Gainsborough & Area Health Centre","facility":"Nursing and residential care facilities","city":"gainsborough","region":"sk","country":"CA","population":null,"tier":"major","source":"ODHF"}},{"type":"Feature","geometry":{"type":"Point","coordinates":[-104.163027,51.79501]},"properties":{"name":"Golden Acres Lodge","facility":"Nursing and residential care facilities","city":"wynyard","region":"sk","country":"CA","population":null,"tier":"major","source":"ODHF"}},{"type":"Feature","geometry":{"type":"Point","coordinates":[-103.665662,50.537795]},"properties":{"name":"Golden Prairie Home","facility":"Nursing and residential care facilities","city":"indian head","region":"sk","country":"CA","population":null,"tier":"major","source":"ODHF"}},{"type":"Feature","geometry":{"type":"Point","coordinates":[-106.23065,52.81470699999999]},"properties":{"name":"Goodwill Manor Nursing Home","facility":"Nursing and residential care facilities","city":"duck lake","region":"sk","country":"CA","population":null,"tier":"major","source":"ODHF"}},{"type":"Feature","geometry":{"type":"Point","coordinates":[-105.95248899999999,49.18182]},"properties":{"name":"Grasslands Health Centre, Rockglen","facility":"Nursing and residential care facilities","city":"rockglen","region":"sk","country":"CA","population":null,"tier":"major","source":"ODHF"}},{"type":"Feature","geometry":{"type":"Point","coordinates":[-102.934515,50.410051]},"properties":{"name":"Grenfell Pioneer Home","facility":"Nursing and residential care facilities","city":"grenfell","region":"sk","country":"CA","population":null,"tier":"major","source":"ODHF"}},{"type":"Feature","geometry":{"type":"Point","coordinates":[-108.481251,50.090297]},"properties":{"name":"Gull Lake Special Care Centre","facility":"Nursing and residential care facilities","city":"gull lake","region":"sk","country":"CA","population":null,"tier":"major","source":"ODHF"}},{"type":"Feature","geometry":{"type":"Point","coordinates":[-105.784022,53.19098100000001]},"properties":{"name":"Herb Bassett Home","facility":"Nursing and residential care facilities","city":"prince albert","region":"sk","country":"CA","population":null,"tier":"major","source":"ODHF"}},{"type":"Feature","geometry":{"type":"Point","coordinates":[-123.39234109999998,48.4465292]},"properties":{"name":"Gorge View Home","facility":"Nursing and residential care facilities","city":"victoria","region":"bc","country":"CA","population":null,"tier":"major","source":"ODHF"}},{"type":"Feature","geometry":{"type":"Point","coordinates":[-103.153413,51.808982]},"properties":{"name":"Invermay Health Centre","facility":"Nursing and residential care facilities","city":"invermay","region":"sk","country":"CA","population":null,"tier":"major","source":"ODHF"}},{"type":"Feature","geometry":{"type":"Point","coordinates":[-122.7543,53.905864]},"properties":{"name":"Gorse Street Residence","facility":"Nursing and residential care facilities","city":"prince george","region":"bc","country":"CA","population":null,"tier":"standard","source":"ODHF"}},{"type":"Feature","geometry":{"type":"Point","coordinates":[-109.991473,53.274963]},"properties":{"name":"Jubilee Home","facility":"Nursing and residential care facilities","city":"lloydminster","region":"sk","country":"CA","population":null,"tier":"major","source":"ODHF"}},{"type":"Feature","geometry":{"type":"Point","coordinates":[-105.02657099999999,52.952367]},"properties":{"name":"Jubilee Lodge","facility":"Nursing and residential care facilities","city":"kinistino","region":"sk","country":"CA","population":null,"tier":"major","source":"ODHF"}},{"type":"Feature","geometry":{"type":"Point","coordinates":[-103.526689,52.157816]},"properties":{"name":"Kelvindell Lodge","facility":"Nursing and residential care facilities","city":"kelvington","region":"sk","country":"CA","population":null,"tier":"major","source":"ODHF"}},{"type":"Feature","geometry":{"type":"Point","coordinates":[-122.27779,49.158834999999996]},"properties":{"name":"Goundrey Home","facility":"Nursing and residential care facilities","city":"mission","region":"bc","country":"CA","population":null,"tier":"major","source":"ODHF"}},{"type":"Feature","geometry":{"type":"Point","coordinates":[-127.16713,54.790499]},"properties":{"name":"Gpar # 1","facility":"Nursing and residential care facilities","city":"smithers","region":"bc","country":"CA","population":null,"tier":"major","source":"ODHF"}},{"type":"Feature","geometry":{"type":"Point","coordinates":[-122.56590690000002,49.1216231]},"properties":{"name":"Graceland Gates","facility":"Nursing and residential care facilities","city":"langley","region":"bc","country":"CA","population":null,"tier":"major","source":"ODHF"}},{"type":"Feature","geometry":{"type":"Point","coordinates":[-102.160342,51.038146000000005]},"properties":{"name":"Lakeside Manor Care Home","facility":"Nursing and residential care facilities","city":"saltcoats","region":"sk","country":"CA","population":null,"tier":"major","source":"ODHF"}},{"type":"Feature","geometry":{"type":"Point","coordinates":[-105.745998,52.65120600000001]},"properties":{"name":"Lakeview Pioneer Lodge","facility":"Nursing and residential care facilities","city":"wakaw","region":"sk","country":"CA","population":null,"tier":"major","source":"ODHF"}},{"type":"Feature","geometry":{"type":"Point","coordinates":[-128.60227,54.505590000000005]},"properties":{"name":"Graham Avenue Residence","facility":"Nursing and residential care facilities","city":"terrace","region":"bc","country":"CA","population":null,"tier":"standard","source":"ODHF"}},{"type":"Feature","geometry":{"type":"Point","coordinates":[-106.960403,52.360344]},"properties":{"name":"Langham Senior Citizen's Home","facility":"Nursing and residential care facilities","city":"langham","region":"sk","country":"CA","population":null,"tier":"major","source":"ODHF"}},{"type":"Feature","geometry":{"type":"Point","coordinates":[-104.958274,51.072214]},"properties":{"name":"Last Mountain Pioneer Home","facility":"Nursing and residential care facilities","city":"strasbourg","region":"sk","country":"CA","population":null,"tier":"major","source":"ODHF"}},{"type":"Feature","geometry":{"type":"Point","coordinates":[-123.74731000000001,48.373794000000004]},"properties":{"name":"Grant House","facility":"Nursing and residential care facilities","city":"sooke","region":"bc","country":"CA","population":null,"tier":"major","source":"ODHF"}},{"type":"Feature","geometry":{"type":"Point","coordinates":[-106.141224,55.532126]},"properties":{"name":"Lloydminster & Area Home Care Services","facility":"Nursing and residential care facilities","city":"lloydminster","region":"sk","country":"CA","population":null,"tier":"major","source":"ODHF"}},{"type":"Feature","geometry":{"type":"Point","coordinates":[-106.141224,55.532126]},"properties":{"name":"Lloydminster Mental Health & Addictions Services","facility":"Nursing and residential care facilities","city":"lloydminster","region":"sk","country":"CA","population":null,"tier":"major","source":"ODHF"}},{"type":"Feature","geometry":{"type":"Point","coordinates":[-105.44339699999999,51.344404]},"properties":{"name":"Long Lake Valley Integrated Facility","facility":"Nursing and residential care facilities","city":"imperial","region":"sk","country":"CA","population":null,"tier":"major","source":"ODHF"}},{"type":"Feature","geometry":{"type":"Point","coordinates":[-104.87462,50.643840999999995]},"properties":{"name":"Lumsden and District Heritage Home","facility":"Nursing and residential care facilities","city":"lumsden","region":"sk","country":"CA","population":null,"tier":"major","source":"ODHF"}},{"type":"Feature","geometry":{"type":"Point","coordinates":[-106.63945600000001,52.126672]},"properties":{"name":"Luther Special Care Home","facility":"Nursing and residential care facilities","city":"saskatoon","region":"sk","country":"CA","population":null,"tier":"major","source":"ODHF"}},{"type":"Feature","geometry":{"type":"Point","coordinates":[-122.3443139,49.0453384]},"properties":{"name":"Grant St. West","facility":"Nursing and residential care facilities","city":"abbotsford","region":"bc","country":"CA","population":null,"tier":"major","source":"ODHF"}},{"type":"Feature","geometry":{"type":"Point","coordinates":[-105.456189,51.67472]},"properties":{"name":"Manitou Lodge","facility":"Nursing and residential care facilities","city":"watrous","region":"sk","country":"CA","population":null,"tier":"major","source":"ODHF"}},{"type":"Feature","geometry":{"type":"Point","coordinates":[-108.43338700000001,54.12368000000001]},"properties":{"name":"Meadow Lake Home Care Services","facility":"Nursing and residential care facilities","city":"meadow lake","region":"sk","country":"CA","population":null,"tier":"major","source":"ODHF"}},{"type":"Feature","geometry":{"type":"Point","coordinates":[-123.11399999999999,49.160059999999994]},"properties":{"name":"Granville House","facility":"Nursing and residential care facilities","city":"richmond","region":"bc","country":"CA","population":null,"tier":"major","source":"ODHF"}},{"type":"Feature","geometry":{"type":"Point","coordinates":[-106.336717,52.651918]},"properties":{"name":"Mennonite Nursing Home","facility":"Nursing and residential care facilities","city":"rosthern","region":"sk","country":"CA","population":null,"tier":"major","source":"ODHF"}},{"type":"Feature","geometry":{"type":"Point","coordinates":[-102.480778,51.201732]},"properties":{"name":"Mental Health & Addiction Services","facility":"Nursing and residential care facilities","city":"yorkton","region":"sk","country":"CA","population":null,"tier":"major","source":"ODHF"}},{"type":"Feature","geometry":{"type":"Point","coordinates":[-105.73275100000001,53.18703299999999]},"properties":{"name":"Mont St. Joseph Home","facility":"Nursing and residential care facilities","city":"prince albert","region":"sk","country":"CA","population":null,"tier":"major","source":"ODHF"}},{"type":"Feature","geometry":{"type":"Point","coordinates":[-103.02171700000001,49.685511]},"properties":{"name":"New Hope Pioneer Lodge","facility":"Nursing and residential care facilities","city":"stoughton","region":"sk","country":"CA","population":null,"tier":"major","source":"ODHF"}},{"type":"Feature","geometry":{"type":"Point","coordinates":[-105.009923,51.507839000000004]},"properties":{"name":"Nokomis Health Centre","facility":"Nursing and residential care facilities","city":"nokomis","region":"sk","country":"CA","population":null,"tier":"major","source":"ODHF"}},{"type":"Feature","geometry":{"type":"Point","coordinates":[-123.00003149999999,49.2206634]},"properties":{"name":"Gray House","facility":"Nursing and residential care facilities","city":"burnaby","region":"bc","country":"CA","population":null,"tier":"major","source":"ODHF"}},{"type":"Feature","geometry":{"type":"Point","coordinates":[-102.077116,51.880519]},"properties":{"name":"Norquay Health Centre","facility":"Nursing and residential care facilities","city":"norquay","region":"sk","country":"CA","population":null,"tier":"major","source":"ODHF"}},{"type":"Feature","geometry":{"type":"Point","coordinates":[-102.077116,51.880519]},"properties":{"name":"Norquay Home Care Office","facility":"Nursing and residential care facilities","city":"norquay","region":"sk","country":"CA","population":null,"tier":"major","source":"ODHF"}},{"type":"Feature","geometry":{"type":"Point","coordinates":[-108.437823,54.127390000000005]},"properties":{"name":"Northland Pioneers Lodge","facility":"Nursing and residential care facilities","city":"meadow lake","region":"sk","country":"CA","population":null,"tier":"major","source":"ODHF"}},{"type":"Feature","geometry":{"type":"Point","coordinates":[-106.690922,52.142697]},"properties":{"name":"Oliver Lodge","facility":"Nursing and residential care facilities","city":"saskatoon","region":"sk","country":"CA","population":null,"tier":"major","source":"ODHF"}},{"type":"Feature","geometry":{"type":"Point","coordinates":[-123.3936,48.494161]},"properties":{"name":"Greenlea Group Home","facility":"Nursing and residential care facilities","city":"victoria","region":"bc","country":"CA","population":null,"tier":"major","source":"ODHF"}},{"type":"Feature","geometry":{"type":"Point","coordinates":[-104.59992700000001,52.862193000000005]},"properties":{"name":"Parkland Place","facility":"Nursing and residential care facilities","city":"melfort","region":"sk","country":"CA","population":null,"tier":"major","source":"ODHF"}},{"type":"Feature","geometry":{"type":"Point","coordinates":[-106.729658,52.127855]},"properties":{"name":"Parkridge Centre","facility":"Nursing and residential care facilities","city":"saskatoon","region":"sk","country":"CA","population":null,"tier":"major","source":"ODHF"}},{"type":"Feature","geometry":{"type":"Point","coordinates":[-123.36851999999999,48.466465]},"properties":{"name":"Greenridge Place","facility":"Nursing and residential care facilities","city":"victoria","region":"bc","country":"CA","population":null,"tier":"major","source":"ODHF"}},{"type":"Feature","geometry":{"type":"Point","coordinates":[-105.561871,50.398647]},"properties":{"name":"Pioneers Lodge","facility":"Nursing and residential care facilities","city":"moose jaw","region":"sk","country":"CA","population":null,"tier":"major","source":"ODHF"}},{"type":"Feature","geometry":{"type":"Point","coordinates":[-103.802015,51.94448]},"properties":{"name":"Pleasant View Care Home","facility":"Nursing and residential care facilities","city":"wadena","region":"sk","country":"CA","population":null,"tier":"major","source":"ODHF"}},{"type":"Feature","geometry":{"type":"Point","coordinates":[-123.51033000000001,48.861709000000005]},"properties":{"name":"Greenwoods","facility":"Nursing and residential care facilities","city":"salt spring island","region":"bc","country":"CA","population":null,"tier":"major","source":"ODHF"}},{"type":"Feature","geometry":{"type":"Point","coordinates":[-106.69470600000001,52.138106]},"properties":{"name":"Porteous Lodge, Jubilee Residences","facility":"Nursing and residential care facilities","city":"saskatoon","region":"sk","country":"CA","population":null,"tier":"standard","source":"ODHF"}},{"type":"Feature","geometry":{"type":"Point","coordinates":[-108.466807,50.617064]},"properties":{"name":"Prairie Health Care Centre","facility":"Nursing and residential care facilities","city":"cabri","region":"sk","country":"CA","population":null,"tier":"major","source":"ODHF"}},{"type":"Feature","geometry":{"type":"Point","coordinates":[-102.655838,51.956302]},"properties":{"name":"Preeceville & District Health Centre","facility":"Nursing and residential care facilities","city":"preeceville","region":"sk","country":"CA","population":null,"tier":"major","source":"ODHF"}},{"type":"Feature","geometry":{"type":"Point","coordinates":[-106.621757,52.102882]},"properties":{"name":"Preston Extendicare Special Care Home","facility":"Nursing and residential care facilities","city":"saskatoon","region":"sk","country":"CA","population":null,"tier":"major","source":"ODHF"}},{"type":"Feature","geometry":{"type":"Point","coordinates":[-122.6854977,49.227172700000004]},"properties":{"name":"Greystone","facility":"Nursing and residential care facilities","city":"pitt meadows","region":"bc","country":"CA","population":null,"tier":"major","source":"ODHF"}},{"type":"Feature","geometry":{"type":"Point","coordinates":[-105.530349,50.390652]},"properties":{"name":"Providence Place","facility":"Nursing and residential care facilities","city":"moose jaw","region":"sk","country":"CA","population":null,"tier":"major","source":"ODHF"}},{"type":"Feature","geometry":{"type":"Point","coordinates":[-123.34666409999998,48.4424098]},"properties":{"name":"Grosvenor House","facility":"Nursing and residential care facilities","city":"victoria","region":"bc","country":"CA","population":null,"tier":"major","source":"ODHF"}},{"type":"Feature","geometry":{"type":"Point","coordinates":[-108.302776,52.787328]},"properties":{"name":"River Heights Lodge","facility":"Nursing and residential care facilities","city":"north battleford","region":"sk","country":"CA","population":null,"tier":"major","source":"ODHF"}},{"type":"Feature","geometry":{"type":"Point","coordinates":[-105.995597,49.625849]},"properties":{"name":"Ross Payant Nursing Home","facility":"Nursing and residential care facilities","city":"assiniboia","region":"sk","country":"CA","population":null,"tier":"major","source":"ODHF"}},{"type":"Feature","geometry":{"type":"Point","coordinates":[-122.8183,49.192422]},"properties":{"name":"Guildford Seniors Village","facility":"Nursing and residential care facilities","city":"surrey","region":"bc","country":"CA","population":null,"tier":"major","source":"ODHF"}},{"type":"Feature","geometry":{"type":"Point","coordinates":[-106.628703,52.087101000000004]},"properties":{"name":"Samaritan Place","facility":"Nursing and residential care facilities","city":"saskatoon","region":"sk","country":"CA","population":null,"tier":"major","source":"ODHF"}},{"type":"Feature","geometry":{"type":"Point","coordinates":[-104.639108,50.434784]},"properties":{"name":"Santa Maria Senior Citizens Home","facility":"Nursing and residential care facilities","city":"regina","region":"sk","country":"CA","population":null,"tier":"major","source":"ODHF"}},{"type":"Feature","geometry":{"type":"Point","coordinates":[-106.671376,52.140002]},"properties":{"name":"Saskatoon Convalescent Home","facility":"Nursing and residential care facilities","city":"saskatoon","region":"sk","country":"CA","population":null,"tier":"major","source":"ODHF"}},{"type":"Feature","geometry":{"type":"Point","coordinates":[-123.1096721,49.133770899999995]},"properties":{"name":"Gvcss - Steveston Group Home","facility":"Nursing and residential care facilities","city":"richmond","region":"bc","country":"CA","population":null,"tier":"major","source":"ODHF"}},{"type":"Feature","geometry":{"type":"Point","coordinates":[-106.597067,52.123048]},"properties":{"name":"Sherbrooke Community Centre","facility":"Nursing and residential care facilities","city":"saskatoon","region":"sk","country":"CA","population":null,"tier":"major","source":"ODHF"}},{"type":"Feature","geometry":{"type":"Point","coordinates":[-104.517993,51.409658]},"properties":{"name":"Silver Heights Special Care Home","facility":"Nursing and residential care facilities","city":"raymore","region":"sk","country":"CA","population":null,"tier":"major","source":"ODHF"}},{"type":"Feature","geometry":{"type":"Point","coordinates":[-123.17244869999999,49.1413308]},"properties":{"name":"Gvcss - Williams Road Home","facility":"Nursing and residential care facilities","city":"richmond","region":"bc","country":"CA","population":null,"tier":"major","source":"ODHF"}},{"type":"Feature","geometry":{"type":"Point","coordinates":[-106.60814599999999,52.100599]},"properties":{"name":"St. Ann's Senior Citizen's Village Corporation","facility":"Nursing and residential care facilities","city":"saskatoon","region":"sk","country":"CA","population":null,"tier":"major","source":"ODHF"}},{"type":"Feature","geometry":{"type":"Point","coordinates":[-106.68721000000001,52.146623999999996]},"properties":{"name":"St. Joseph's Home","facility":"Nursing and residential care facilities","city":"saskatoon","region":"sk","country":"CA","population":null,"tier":"major","source":"ODHF"}},{"type":"Feature","geometry":{"type":"Point","coordinates":[-105.13148400000001,52.207025]},"properties":{"name":"St. Mary's Villa","facility":"Nursing and residential care facilities","city":"humboldt","region":"sk","country":"CA","population":null,"tier":"major","source":"ODHF"}},{"type":"Feature","geometry":{"type":"Point","coordinates":[-102.821524,50.93911]},"properties":{"name":"St. Paul Lutheran Home","facility":"Nursing and residential care facilities","city":"melville","region":"sk","country":"CA","population":null,"tier":"major","source":"ODHF"}},{"type":"Feature","geometry":{"type":"Point","coordinates":[-109.208019,53.631763]},"properties":{"name":"St. Walburg Health Complex","facility":"Nursing and residential care facilities","city":"st walburg","region":"sk","country":"CA","population":null,"tier":"major","source":"ODHF"}},{"type":"Feature","geometry":{"type":"Point","coordinates":[-106.617824,52.10453]},"properties":{"name":"Stensrud Lodge","facility":"Nursing and residential care facilities","city":"saskatoon","region":"sk","country":"CA","population":null,"tier":"major","source":"ODHF"}},{"type":"Feature","geometry":{"type":"Point","coordinates":[-106.681774,52.102903000000005]},"properties":{"name":"Sunnyside Adventist Care Centre","facility":"Nursing and residential care facilities","city":"saskatoon","region":"sk","country":"CA","population":null,"tier":"major","source":"ODHF"}},{"type":"Feature","geometry":{"type":"Point","coordinates":[-101.79285,49.177734]},"properties":{"name":"Sunset Haven","facility":"Nursing and residential care facilities","city":"carnduff","region":"sk","country":"CA","population":null,"tier":"major","source":"ODHF"}},{"type":"Feature","geometry":{"type":"Point","coordinates":[-101.793486,49.177596]},"properties":{"name":"Sunset Haven/Border-Line Housing Company","facility":"Nursing and residential care facilities","city":"carnduff","region":"sk","country":"CA","population":null,"tier":"major","source":"ODHF"}},{"type":"Feature","geometry":{"type":"Point","coordinates":[-103.87039920000001,49.670236700000004]},"properties":{"name":"Tatagwa View","facility":"Nursing and residential care facilities","city":"weyburn","region":"sk","country":"CA","population":null,"tier":"major","source":"ODHF"}},{"type":"Feature","geometry":{"type":"Point","coordinates":[-107.774776,50.313434]},"properties":{"name":"the Meadows","facility":"Nursing and residential care facilities","city":"swift current","region":"sk","country":"CA","population":null,"tier":"major","source":"ODHF"}},{"type":"Feature","geometry":{"type":"Point","coordinates":[-102.919007,51.427996]},"properties":{"name":"Theodore Health Centre","facility":"Nursing and residential care facilities","city":"theodore","region":"sk","country":"CA","population":null,"tier":"major","source":"ODHF"}},{"type":"Feature","geometry":{"type":"Point","coordinates":[-123.50331000000001,48.424436]},"properties":{"name":"Haida House","facility":"Nursing and residential care facilities","city":"victoria","region":"bc","country":"CA","population":null,"tier":"major","source":"ODHF"}},{"type":"Feature","geometry":{"type":"Point","coordinates":[-108.2799,52.776803]},"properties":{"name":"Villa Pascal (Affiliate)","facility":"Nursing and residential care facilities","city":"north battleford","region":"sk","country":"CA","population":null,"tier":"major","source":"ODHF"}},{"type":"Feature","geometry":{"type":"Point","coordinates":[-123.98700000000001,49.231449]},"properties":{"name":"Hammond Place","facility":"Nursing and residential care facilities","city":"nanaimo","region":"bc","country":"CA","population":null,"tier":"major","source":"ODHF"}},{"type":"Feature","geometry":{"type":"Point","coordinates":[-106.580685,52.320485999999995]},"properties":{"name":"Warman Mennonite Special Care Home","facility":"Nursing and residential care facilities","city":"warman","region":"sk","country":"CA","population":null,"tier":"major","source":"ODHF"}},{"type":"Feature","geometry":{"type":"Point","coordinates":[-123.39385,48.449087]},"properties":{"name":"Happy Rock","facility":"Nursing and residential care facilities","city":"victoria","region":"bc","country":"CA","population":null,"tier":"major","source":"ODHF"}},{"type":"Feature","geometry":{"type":"Point","coordinates":[-103.848187,49.672828]},"properties":{"name":"Weyburn Special Care Home","facility":"Nursing and residential care facilities","city":"weyburn","region":"sk","country":"CA","population":null,"tier":"major","source":"ODHF"}},{"type":"Feature","geometry":{"type":"Point","coordinates":[-106.73674799999999,53.023899]},"properties":{"name":"Wheatland Lodge & Home Care","facility":"Nursing and residential care facilities","city":"leask","region":"sk","country":"CA","population":null,"tier":"major","source":"ODHF"}},{"type":"Feature","geometry":{"type":"Point","coordinates":[-106.607615,53.362337]},"properties":{"name":"Whispering Pine Place","facility":"Nursing and residential care facilities","city":"canwood","region":"sk","country":"CA","population":null,"tier":"major","source":"ODHF"}},{"type":"Feature","geometry":{"type":"Point","coordinates":[-122.942499,49.224537]},"properties":{"name":"Harmony Court Care Centre","facility":"Nursing and residential care facilities","city":"burnaby","region":"bc","country":"CA","population":null,"tier":"major","source":"ODHF"}},{"type":"Feature","geometry":{"type":"Point","coordinates":[-102.623497,50.098386]},"properties":{"name":"Willowdale Lodge","facility":"Nursing and residential care facilities","city":"kipling","region":"sk","country":"CA","population":null,"tier":"major","source":"ODHF"}},{"type":"Feature","geometry":{"type":"Point","coordinates":[-103.269295,50.426845]},"properties":{"name":"Wolseley Memorial Integrated Health Centre- Ltc","facility":"Nursing and residential care facilities","city":"wolseley","region":"sk","country":"CA","population":null,"tier":"major","source":"ODHF"}},{"type":"Feature","geometry":{"type":"Point","coordinates":[-124.00225,49.166973999999996]},"properties":{"name":"Harmony House","facility":"Nursing and residential care facilities","city":"nanaimo","region":"bc","country":"CA","population":null,"tier":"major","source":"ODHF"}},{"type":"Feature","geometry":{"type":"Point","coordinates":[-102.47546700000001,51.201462]},"properties":{"name":"Yorkton and District Nursing Home","facility":"Nursing and residential care facilities","city":"yorkton","region":"sk","country":"CA","population":null,"tier":"major","source":"ODHF"}},{"type":"Feature","geometry":{"type":"Point","coordinates":[-102.48078100000001,51.201723]},"properties":{"name":"Yorkton Home Care Office","facility":"Nursing and residential care facilities","city":"yorkton","region":"sk","country":"CA","population":null,"tier":"major","source":"ODHF"}},{"type":"Feature","geometry":{"type":"Point","coordinates":[-123.12899999999999,49.285771000000004]},"properties":{"name":"Haro Park Centre","facility":"Nursing and residential care facilities","city":"vancouver","region":"bc","country":"CA","population":null,"tier":"major","source":"ODHF"}},{"type":"Feature","geometry":{"type":"Point","coordinates":[-135.064,60.724230000000006]},"properties":{"name":"Birch Lodge","facility":"nursing and residential care facilities","city":"whitehorse","region":"yt","country":"CA","population":null,"tier":"major","source":"ODHF"}},{"type":"Feature","geometry":{"type":"Point","coordinates":[-135.11,60.69943000000001]},"properties":{"name":"Copper Ridge Place","facility":"nursing and residential care facilities","city":"whitehorse","region":"yt","country":"CA","population":null,"tier":"major","source":"ODHF"}},{"type":"Feature","geometry":{"type":"Point","coordinates":[-139.436,64.05759]},"properties":{"name":"Mcdonald Lodge","facility":"Nursing and residential care facilities","city":"dawson city","region":"yt","country":"CA","population":null,"tier":"major","source":"ODHF"}},{"type":"Feature","geometry":{"type":"Point","coordinates":[-122.78132509999999,49.1669154]},"properties":{"name":"Harrison at Elim Village","facility":"Nursing and residential care facilities","city":"surrey","region":"bc","country":"CA","population":null,"tier":"major","source":"ODHF"}},{"type":"Feature","geometry":{"type":"Point","coordinates":[-135.045,60.718669999999996]},"properties":{"name":"Thomson Centre","facility":"Nursing and residential care facilities","city":"whitehorse","region":"yt","country":"CA","population":null,"tier":"major","source":"ODHF"}},{"type":"Feature","geometry":{"type":"Point","coordinates":[-123.32531000000002,48.415057]},"properties":{"name":"Hart House","facility":"Nursing and residential care facilities","city":"victoria","region":"bc","country":"CA","population":null,"tier":"major","source":"ODHF"}},{"type":"Feature","geometry":{"type":"Point","coordinates":[-135.105,60.77495]},"properties":{"name":"Whistlebend Place","facility":"Nursing and residential care facilities","city":"whitehose","region":"yt","country":"CA","population":null,"tier":"major","source":"ODHF"}},{"type":"Feature","geometry":{"type":"Point","coordinates":[-135.06,60.722390000000004]},"properties":{"name":"Whitehorse Emergency Shelter","facility":"Nursing and residential care facilities","city":"whitehorse","region":"yt","country":"CA","population":null,"tier":"major","source":"ODHF"}},{"type":"Feature","geometry":{"type":"Point","coordinates":[-119.58078,49.497463]},"properties":{"name":"Haven Hill Retirement Centre","facility":"Nursing and residential care facilities","city":"penticton","region":"bc","country":"CA","population":null,"tier":"major","source":"ODHF"}},{"type":"Feature","geometry":{"type":"Point","coordinates":[-119.3020415,50.2529045]},"properties":{"name":"Hawthorn House","facility":"Nursing and residential care facilities","city":"vernon","region":"bc","country":"CA","population":null,"tier":"major","source":"ODHF"}},{"type":"Feature","geometry":{"type":"Point","coordinates":[-123.33045729999999,48.487758899999996]},"properties":{"name":"Hawthorne","facility":"Nursing and residential care facilities","city":"victoria","region":"bc","country":"CA","population":null,"tier":"major","source":"ODHF"}},{"type":"Feature","geometry":{"type":"Point","coordinates":[-122.73828999999999,53.898272]},"properties":{"name":"Hazelton Residence","facility":"Nursing and residential care facilities","city":"prince george","region":"bc","country":"CA","population":null,"tier":"standard","source":"ODHF"}},{"type":"Feature","geometry":{"type":"Point","coordinates":[-123.051,49.224896]},"properties":{"name":"Health and Home Care Society of British Columbia","facility":"Nursing and residential care facilities","city":"vancouver","region":"bc","country":"CA","population":null,"tier":"major","source":"ODHF"}},{"type":"Feature","geometry":{"type":"Point","coordinates":[-119.2899179,50.2622598]},"properties":{"name":"Hearthstone Manor","facility":"Nursing and residential care facilities","city":"vernon","region":"bc","country":"CA","population":null,"tier":"major","source":"ODHF"}},{"type":"Feature","geometry":{"type":"Point","coordinates":[-123.4290504,48.689068299999995]},"properties":{"name":"Hedgerow Home","facility":"Nursing and residential care facilities","city":"north saanich","region":"bc","country":"CA","population":null,"tier":"major","source":"ODHF"}},{"type":"Feature","geometry":{"type":"Point","coordinates":[-123.40125060000001,48.6534718]},"properties":{"name":"Henry House","facility":"Nursing and residential care facilities","city":"sidney","region":"bc","country":"CA","population":null,"tier":"major","source":"ODHF"}},{"type":"Feature","geometry":{"type":"Point","coordinates":[-116.967649,51.296731]},"properties":{"name":"Henry m. Durand Manor","facility":"Nursing and residential care facilities","city":"golden","region":"bc","country":"CA","population":null,"tier":"major","source":"ODHF"}},{"type":"Feature","geometry":{"type":"Point","coordinates":[-119.26823,50.270687]},"properties":{"name":"Heritage Square","facility":"Nursing and residential care facilities","city":"vernon","region":"bc","country":"CA","population":null,"tier":"major","source":"ODHF"}},{"type":"Feature","geometry":{"type":"Point","coordinates":[-120.38384599999999,50.7091717]},"properties":{"name":"Highridge House","facility":"Nursing and residential care facilities","city":"kamloops","region":"bc","country":"CA","population":null,"tier":"major","source":"ODHF"}},{"type":"Feature","geometry":{"type":"Point","coordinates":[-123.40154,48.433733000000004]},"properties":{"name":"Highrock House","facility":"Nursing and residential care facilities","city":"victoria","region":"bc","country":"CA","population":null,"tier":"major","source":"ODHF"}},{"type":"Feature","geometry":{"type":"Point","coordinates":[-120.3345924,50.6701949]},"properties":{"name":"Hillside Centre","facility":"Nursing and residential care facilities","city":"kamloops","region":"bc","country":"CA","population":null,"tier":"major","source":"ODHF"}},{"type":"Feature","geometry":{"type":"Point","coordinates":[-122.296419,49.055155]},"properties":{"name":"Hillside Home","facility":"Nursing and residential care facilities","city":"abbotsford","region":"bc","country":"CA","population":null,"tier":"major","source":"ODHF"}},{"type":"Feature","geometry":{"type":"Point","coordinates":[-122.873663,49.195422]},"properties":{"name":"Hillside Lodge Ltd","facility":"Nursing and residential care facilities","city":"surrey","region":"bc","country":"CA","population":null,"tier":"major","source":"ODHF"}},{"type":"Feature","geometry":{"type":"Point","coordinates":[-119.25211100000001,50.71122329999999]},"properties":{"name":"Hillside Village","facility":"Nursing and residential care facilities","city":"salmon arm","region":"bc","country":"CA","population":null,"tier":"major","source":"ODHF"}},{"type":"Feature","geometry":{"type":"Point","coordinates":[-123.14,49.699647999999996]},"properties":{"name":"Hilltop House","facility":"Nursing and residential care facilities","city":"squamish","region":"bc","country":"CA","population":null,"tier":"major","source":"ODHF"}},{"type":"Feature","geometry":{"type":"Point","coordinates":[-122.847214,49.202605]},"properties":{"name":"Hilton Villa Care Centre","facility":"Nursing and residential care facilities","city":"surrey","region":"bc","country":"CA","population":null,"tier":"major","source":"ODHF"}},{"type":"Feature","geometry":{"type":"Point","coordinates":[-122.947842,49.22274]},"properties":{"name":"Holly","facility":"Nursing and residential care facilities","city":"burnaby","region":"bc","country":"CA","population":null,"tier":"major","source":"ODHF"}},{"type":"Feature","geometry":{"type":"Point","coordinates":[-122.818758,49.194299]},"properties":{"name":"Holly Park House","facility":"Nursing and residential care facilities","city":"surrey","region":"bc","country":"CA","population":null,"tier":"major","source":"ODHF"}},{"type":"Feature","geometry":{"type":"Point","coordinates":[-123.43954,48.625121]},"properties":{"name":"Homewood Ravensview","facility":"Nursing and residential care facilities","city":"north saanich","region":"bc","country":"CA","population":null,"tier":"major","source":"ODHF"}},{"type":"Feature","geometry":{"type":"Point","coordinates":[-125.14242,49.87363]},"properties":{"name":"Hoover Rd. Home","facility":"Nursing and residential care facilities","city":"campbell river","region":"bc","country":"CA","population":null,"tier":"major","source":"ODHF"}},{"type":"Feature","geometry":{"type":"Point","coordinates":[-123.1089233,49.193443200000004]},"properties":{"name":"Horizon House","facility":"Nursing and residential care facilities","city":"richmond","region":"bc","country":"CA","population":null,"tier":"major","source":"ODHF"}},{"type":"Feature","geometry":{"type":"Point","coordinates":[-123.023601,49.071478000000006]},"properties":{"name":"House 4","facility":"Nursing and residential care facilities","city":"delta","region":"bc","country":"CA","population":null,"tier":"major","source":"ODHF"}},{"type":"Feature","geometry":{"type":"Point","coordinates":[-126.65281,54.396218000000005]},"properties":{"name":"Houston Health Centre","facility":"Nursing and residential care facilities","city":"houston","region":"bc","country":"CA","population":null,"tier":"major","source":"ODHF"}},{"type":"Feature","geometry":{"type":"Point","coordinates":[-122.669698,49.0848919]},"properties":{"name":"Hunter Park Residence","facility":"Nursing and residential care facilities","city":"langley city","region":"bc","country":"CA","population":null,"tier":"standard","source":"ODHF"}},{"type":"Feature","geometry":{"type":"Point","coordinates":[-122.33172569999999,49.0486682]},"properties":{"name":"Hylan Home","facility":"Nursing and residential care facilities","city":"abbotsford","region":"bc","country":"CA","population":null,"tier":"major","source":"ODHF"}},{"type":"Feature","geometry":{"type":"Point","coordinates":[-123.1356688,49.3354367]},"properties":{"name":"Inglewood Care Centre","facility":"Nursing and residential care facilities","city":"west vancouver","region":"bc","country":"CA","population":null,"tier":"major","source":"ODHF"}},{"type":"Feature","geometry":{"type":"Point","coordinates":[-122.7678473,49.2714141]},"properties":{"name":"Innervisions Recovery Society - 2","facility":"Nursing and residential care facilities","city":"port coquitlam","region":"bc","country":"CA","population":null,"tier":"major","source":"ODHF"}},{"type":"Feature","geometry":{"type":"Point","coordinates":[-122.63129540000001,49.2202573]},"properties":{"name":"Innervisions Recovery Society Hannah House","facility":"Nursing and residential care facilities","city":"maple ridge","region":"bc","country":"CA","population":null,"tier":"major","source":"ODHF"}},{"type":"Feature","geometry":{"type":"Point","coordinates":[-119.1081637,50.23316629999999]},"properties":{"name":"Irecover Okanagan","facility":"Nursing and residential care facilities","city":"coldstream","region":"bc","country":"CA","population":null,"tier":"major","source":"ODHF"}},{"type":"Feature","geometry":{"type":"Point","coordinates":[-123.06008700000001,49.086884000000005]},"properties":{"name":"Irene Thomas Hospice","facility":"Nursing and residential care facilities","city":"delta","region":"bc","country":"CA","population":null,"tier":"limited","source":"ODHF"}},{"type":"Feature","geometry":{"type":"Point","coordinates":[-123.40306000000001,48.572876]},"properties":{"name":"Island View Place","facility":"Nursing and residential care facilities","city":"saanichton","region":"bc","country":"CA","population":null,"tier":"major","source":"ODHF"}},{"type":"Feature","geometry":{"type":"Point","coordinates":[-124.00326000000001,49.198202]},"properties":{"name":"Island Way Group Home","facility":"Nursing and residential care facilities","city":"nanaimo","region":"bc","country":"CA","population":null,"tier":"major","source":"ODHF"}},{"type":"Feature","geometry":{"type":"Point","coordinates":[-122.46304029999999,49.0538233]},"properties":{"name":"Jackman Manor","facility":"Nursing and residential care facilities","city":"aldergrove","region":"bc","country":"CA","population":null,"tier":"major","source":"ODHF"}},{"type":"Feature","geometry":{"type":"Point","coordinates":[-123.37691399999999,48.4173083]},"properties":{"name":"James Bay Care Centre","facility":"Nursing and residential care facilities","city":"victoria","region":"bc","country":"CA","population":null,"tier":"major","source":"ODHF"}},{"type":"Feature","geometry":{"type":"Point","coordinates":[-122.660147,49.092333]},"properties":{"name":"Jans Place","facility":"Nursing and residential care facilities","city":"langley","region":"bc","country":"CA","population":null,"tier":"major","source":"ODHF"}},{"type":"Feature","geometry":{"type":"Point","coordinates":[-123.06653020000002,49.212233000000005]},"properties":{"name":"Jasper Crescent Care Home","facility":"Nursing and residential care facilities","city":"vancouver","region":"bc","country":"CA","population":null,"tier":"major","source":"ODHF"}},{"type":"Feature","geometry":{"type":"Point","coordinates":[-123.4424864,48.458257200000006]},"properties":{"name":"Jedburgh Group Home","facility":"Nursing and residential care facilities","city":"victoria","region":"bc","country":"CA","population":null,"tier":"major","source":"ODHF"}},{"type":"Feature","geometry":{"type":"Point","coordinates":[-123.42225619999999,48.601164000000004]},"properties":{"name":"Jeffree Home","facility":"Nursing and residential care facilities","city":"saanichton","region":"bc","country":"CA","population":null,"tier":"major","source":"ODHF"}},{"type":"Feature","geometry":{"type":"Point","coordinates":[-123.37238,48.525563]},"properties":{"name":"Jersey Road Home","facility":"Nursing and residential care facilities","city":"victoria","region":"bc","country":"CA","population":null,"tier":"major","source":"ODHF"}},{"type":"Feature","geometry":{"type":"Point","coordinates":[-125.2443005,50.005402000000004]},"properties":{"name":"Jesmar Place Group Home","facility":"Nursing and residential care facilities","city":"campbell river","region":"bc","country":"CA","population":null,"tier":"major","source":"ODHF"}},{"type":"Feature","geometry":{"type":"Point","coordinates":[-124.02575,49.204912]},"properties":{"name":"Jinglepot Residence","facility":"Nursing and residential care facilities","city":"nanaimo","region":"bc","country":"CA","population":null,"tier":"standard","source":"ODHF"}},{"type":"Feature","geometry":{"type":"Point","coordinates":[-115.74601080000001,49.5268727]},"properties":{"name":"Joseph Creek Care Village","facility":"Nursing and residential care facilities","city":"cranbrook","region":"bc","country":"CA","population":null,"tier":"major","source":"ODHF"}},{"type":"Feature","geometry":{"type":"Point","coordinates":[-123.0330655,49.2682035]},"properties":{"name":"Journeys","facility":"Nursing and residential care facilities","city":"vancouver","region":"bc","country":"CA","population":null,"tier":"major","source":"ODHF"}},{"type":"Feature","geometry":{"type":"Point","coordinates":[-124.52011110000001,49.8240786]},"properties":{"name":"Joyce Avenue Residence","facility":"Nursing and residential care facilities","city":"powell river","region":"bc","country":"CA","population":null,"tier":"standard","source":"ODHF"}},{"type":"Feature","geometry":{"type":"Point","coordinates":[-122.1412297,52.130257]},"properties":{"name":"Jubilee House","facility":"Nursing and residential care facilities","city":"williams lake","region":"bc","country":"CA","population":null,"tier":"major","source":"ODHF"}},{"type":"Feature","geometry":{"type":"Point","coordinates":[-119.28011540000001,50.272938200000006]},"properties":{"name":"Juniper Place Group Home","facility":"Nursing and residential care facilities","city":"vernon","region":"bc","country":"CA","population":null,"tier":"major","source":"ODHF"}},{"type":"Feature","geometry":{"type":"Point","coordinates":[-124.03695390000001,49.21325220000001]},"properties":{"name":"Kaitlyn's Way Home","facility":"Nursing and residential care facilities","city":"nanaimo","region":"bc","country":"CA","population":null,"tier":"major","source":"ODHF"}},{"type":"Feature","geometry":{"type":"Point","coordinates":[-128.58705,54.520231]},"properties":{"name":"Kalum Home","facility":"Nursing and residential care facilities","city":"terrace","region":"bc","country":"CA","population":null,"tier":"major","source":"ODHF"}},{"type":"Feature","geometry":{"type":"Point","coordinates":[-120.3729788,50.6499607]},"properties":{"name":"Kamloops Seniors Village","facility":"Nursing and residential care facilities","city":"kamloops","region":"bc","country":"CA","population":null,"tier":"major","source":"ODHF"}},{"type":"Feature","geometry":{"type":"Point","coordinates":[-123.07974080000001,49.3260053]},"properties":{"name":"Kaspar House","facility":"Nursing and residential care facilities","city":"north vancouver","region":"bc","country":"CA","population":null,"tier":"major","source":"ODHF"}},{"type":"Feature","geometry":{"type":"Point","coordinates":[-122.89370339999999,49.225832000000004]},"properties":{"name":"Keary Street Home","facility":"Nursing and residential care facilities","city":"new westminster","region":"bc","country":"CA","population":null,"tier":"major","source":"ODHF"}},{"type":"Feature","geometry":{"type":"Point","coordinates":[-123.99781999999999,49.171867]},"properties":{"name":"Keeping House","facility":"Nursing and residential care facilities","city":"nanaimo","region":"bc","country":"CA","population":null,"tier":"major","source":"ODHF"}},{"type":"Feature","geometry":{"type":"Point","coordinates":[-123.95355,49.161190999999995]},"properties":{"name":"Kennedy Home","facility":"Nursing and residential care facilities","city":"nanaimo","region":"bc","country":"CA","population":null,"tier":"major","source":"ODHF"}},{"type":"Feature","geometry":{"type":"Point","coordinates":[-123.03023859999999,49.338103499999995]},"properties":{"name":"Kerrstead Place","facility":"Nursing and residential care facilities","city":"north vancouver","region":"bc","country":"CA","population":null,"tier":"major","source":"ODHF"}},{"type":"Feature","geometry":{"type":"Point","coordinates":[-122.9381034,49.2484798]},"properties":{"name":"Kerrywood House","facility":"Nursing and residential care facilities","city":"burnaby","region":"bc","country":"CA","population":null,"tier":"major","source":"ODHF"}},{"type":"Feature","geometry":{"type":"Point","coordinates":[-123.02374070000002,49.3445718]},"properties":{"name":"Khyaht Ayahm","facility":"Nursing and residential care facilities","city":"north vancouver","region":"bc","country":"CA","population":null,"tier":"major","source":"ODHF"}},{"type":"Feature","geometry":{"type":"Point","coordinates":[-123.0341251,49.346388399999995]},"properties":{"name":"Kilmer House","facility":"Nursing and residential care facilities","city":"north vancouver","region":"bc","country":"CA","population":null,"tier":"major","source":"ODHF"}},{"type":"Feature","geometry":{"type":"Point","coordinates":[-65.946461,45.419016]},"properties":{"name":"Shannex Rlc Ltd. - Embassy Hall","facility":"Nursing and residential care facilities","city":"quispamsis","region":"nb","country":"CA","population":null,"tier":"major","source":"ODHF"}},{"type":"Feature","geometry":{"type":"Point","coordinates":[-64.753644,46.362140000000004]},"properties":{"name":"Foyer Saint-Antoine","facility":"Nursing and residential care facilities","city":"saint-antoine","region":"nb","country":"CA","population":null,"tier":"major","source":"ODHF"}},{"type":"Feature","geometry":{"type":"Point","coordinates":[-67.590221,46.168327000000005]},"properties":{"name":"Carleton Manor Inc.","facility":"Nursing and residential care facilities","city":"woodstock","region":"nb","country":"CA","population":null,"tier":"major","source":"ODHF"}},{"type":"Feature","geometry":{"type":"Point","coordinates":[-67.517663,46.304326]},"properties":{"name":"Central Carleton Nursing Home Inc.","facility":"Nursing and residential care facilities","city":"hartland","region":"nb","country":"CA","population":null,"tier":"major","source":"ODHF"}},{"type":"Feature","geometry":{"type":"Point","coordinates":[-66.435181,46.451498]},"properties":{"name":"Central New Brunswick Nursing Home Inc.","facility":"Nursing and residential care facilities","city":"boiestown","region":"nb","country":"CA","population":null,"tier":"major","source":"ODHF"}},{"type":"Feature","geometry":{"type":"Point","coordinates":[-66.153672,45.778231]},"properties":{"name":"Orchard View","facility":"Nursing and residential care facilities","city":"gagetown","region":"nb","country":"CA","population":null,"tier":"major","source":"ODHF"}},{"type":"Feature","geometry":{"type":"Point","coordinates":[-66.00536,45.880082]},"properties":{"name":"Mill Cove Nursing Home Inc.","facility":"Nursing and residential care facilities","city":"mill cove","region":"nb","country":"CA","population":null,"tier":"major","source":"ODHF"}},{"type":"Feature","geometry":{"type":"Point","coordinates":[-66.746074,46.276995]},"properties":{"name":"Nashwaak Villa Inc.","facility":"Nursing and residential care facilities","city":"stanley","region":"nb","country":"CA","population":null,"tier":"major","source":"ODHF"}},{"type":"Feature","geometry":{"type":"Point","coordinates":[-66.671412,45.961870000000005]},"properties":{"name":"Pine Grove","facility":"Nursing and residential care facilities","city":"fredericton","region":"nb","country":"CA","population":null,"tier":"major","source":"ODHF"}},{"type":"Feature","geometry":{"type":"Point","coordinates":[-67.582882,46.509581]},"properties":{"name":"River View Manor Inc.","facility":"Nursing and residential care facilities","city":"bath","region":"nb","country":"CA","population":null,"tier":"major","source":"ODHF"}},{"type":"Feature","geometry":{"type":"Point","coordinates":[-66.697319,45.952323]},"properties":{"name":"Shannex Rlc Ltd. - Thomas Hall","facility":"Nursing and residential care facilities","city":"fredericton","region":"nb","country":"CA","population":null,"tier":"major","source":"ODHF"}},{"type":"Feature","geometry":{"type":"Point","coordinates":[-64.747837,46.099284999999995]},"properties":{"name":"FOYER ST. THOMAS DE LA VALL\u00c9E DE MEMRAMCOOK INC.","facility":"Nursing and residential care facilities","city":"memramcook","region":"nb","country":"CA","population":null,"tier":"major","source":"ODHF"}},{"type":"Feature","geometry":{"type":"Point","coordinates":[-66.697323,45.952052]},"properties":{"name":"Shannex Rlc Ltd. - Frederick Hall","facility":"Nursing and residential care facilities","city":"fredericton","region":"nb","country":"CA","population":null,"tier":"major","source":"ODHF"}},{"type":"Feature","geometry":{"type":"Point","coordinates":[-67.39656,46.898037]},"properties":{"name":"Tobique Valley Manor Inc.","facility":"Nursing and residential care facilities","city":"plaster rock","region":"nb","country":"CA","population":null,"tier":"major","source":"ODHF"}},{"type":"Feature","geometry":{"type":"Point","coordinates":[-67.718362,46.747333000000005]},"properties":{"name":"Victoria Glen Manor Inc.","facility":"Nursing and residential care facilities","city":"perth-andover","region":"nb","country":"CA","population":null,"tier":"major","source":"ODHF"}},{"type":"Feature","geometry":{"type":"Point","coordinates":[-67.335135,45.585313]},"properties":{"name":"Wauklehegan Manor Inc.","facility":"Nursing and residential care facilities","city":"mcadam","region":"nb","country":"CA","population":null,"tier":"major","source":"ODHF"}},{"type":"Feature","geometry":{"type":"Point","coordinates":[-66.610186,45.662063]},"properties":{"name":"White Rapids Manor Inc.","facility":"Nursing and residential care facilities","city":"fredericton junction","region":"nb","country":"CA","population":null,"tier":"major","source":"ODHF"}},{"type":"Feature","geometry":{"type":"Point","coordinates":[-66.049214,46.097970000000004]},"properties":{"name":"w. g. Bishop Nursing Home","facility":"Nursing and residential care facilities","city":"minto","region":"nb","country":"CA","population":null,"tier":"major","source":"ODHF"}},{"type":"Feature","geometry":{"type":"Point","coordinates":[-66.6864,45.9778]},"properties":{"name":"York Manor Inc.","facility":"Nursing and residential care facilities","city":"fredericton","region":"nb","country":"CA","population":null,"tier":"major","source":"ODHF"}},{"type":"Feature","geometry":{"type":"Point","coordinates":[-67.928274,47.167088]},"properties":{"name":"FOYER NOTRE-DAME DE SAINT-L\u00c9ONARD INC.","facility":"Nursing and residential care facilities","city":"saint l\u00e9onard","region":"nb","country":"CA","population":null,"tier":"major","source":"ODHF"}},{"type":"Feature","geometry":{"type":"Point","coordinates":[-68.511089,47.306533]},"properties":{"name":"Foyer Ste. Elizabeth Inc.","facility":"Nursing and residential care facilities","city":"baker brook","region":"nb","country":"CA","population":null,"tier":"major","source":"ODHF"}},{"type":"Feature","geometry":{"type":"Point","coordinates":[-67.725822,47.055671999999994]},"properties":{"name":"GRAND FALLS MANOR INC. - VILLA DES CHUTES/FALLS VILLA","facility":"Nursing and residential care facilities","city":"grand-sault","region":"nb","country":"CA","population":null,"tier":"major","source":"ODHF"}},{"type":"Feature","geometry":{"type":"Point","coordinates":[-65.07956800000001,45.937727]},"properties":{"name":"Jordan Lifecare Centre Inc.","facility":"Nursing and residential care facilities","city":"the glades","region":"nb","country":"CA","population":null,"tier":"major","source":"ODHF"}},{"type":"Feature","geometry":{"type":"Point","coordinates":[-68.308374,47.385321999999995]},"properties":{"name":"LES R\u00c9SIDENCES JODIN INC.","facility":"Nursing and residential care facilities","city":"edmundston","region":"nb","country":"CA","population":null,"tier":"major","source":"ODHF"}},{"type":"Feature","geometry":{"type":"Point","coordinates":[-67.391634,47.498958]},"properties":{"name":"R\u00c9SIDENCE MGR. MELANSON INC.","facility":"Nursing and residential care facilities","city":"saint-quentin","region":"nb","country":"CA","population":null,"tier":"major","source":"ODHF"}},{"type":"Feature","geometry":{"type":"Point","coordinates":[-66.667701,48.000201000000004]},"properties":{"name":"Campbellton Nursing Home Inc.","facility":"Nursing and residential care facilities","city":"campbellton","region":"nb","country":"CA","population":null,"tier":"major","source":"ODHF"}},{"type":"Feature","geometry":{"type":"Point","coordinates":[-66.365957,48.063261]},"properties":{"name":"Dalhousie Nursing Home Inc.","facility":"Nursing and residential care facilities","city":"dalhousie","region":"nb","country":"CA","population":null,"tier":"major","source":"ODHF"}},{"type":"Feature","geometry":{"type":"Point","coordinates":[-65.769002,47.697195]},"properties":{"name":"Villa Sormany Inc.","facility":"Nursing and residential care facilities","city":"robertville","region":"nb","country":"CA","population":null,"tier":"major","source":"ODHF"}},{"type":"Feature","geometry":{"type":"Point","coordinates":[-65.676918,47.619091999999995]},"properties":{"name":"Robert i. Knowles Veterans Unit - Villa Chaleur Inc.","facility":"Nursing and residential care facilities","city":"bathurst","region":"nb","country":"CA","population":null,"tier":"major","source":"ODHF"}},{"type":"Feature","geometry":{"type":"Point","coordinates":[-72.557748,46.349404]},"properties":{"name":"CENTRE DE PROTECTION ET DE R\u00c9ADAPTATION POUR LES JEUNES ET LES M\u00c8RES EN DIFFICULT\u00c9 D'ADAPTATION DE TROIS-RIVI\u00c8RES","facility":"Nursing and residential care facilities","city":"trois-rivi\u00e8res","region":"qc","country":"CA","population":null,"tier":"major","source":"ODHF"}},{"type":"Feature","geometry":{"type":"Point","coordinates":[-72.48219300000001,45.853812]},"properties":{"name":"CENTRE DE PROTECTION ET DE R\u00c9ADAPTATION POUR LES JEUNES ET LES M\u00c8RES EN DIFFICULT\u00c9 D'ADAPTATION EDGAR-LAFOREST","facility":"Nursing and residential care facilities","city":"drummondville","region":"qc","country":"CA","population":null,"tier":"major","source":"ODHF"}},{"type":"Feature","geometry":{"type":"Point","coordinates":[-71.219762,46.856637]},"properties":{"name":"CENTRE DE PROTECTION ET DE R\u00c9ADAPTATION POUR LES JEUNES ET LES M\u00c8RES EN DIFFICULT\u00c9 D'ADAPTATION MONT-D'YOUVILLE","facility":"Nursing and residential care facilities","city":"qu\u00e9bec","region":"qc","country":"CA","population":null,"tier":"major","source":"ODHF"}},{"type":"Feature","geometry":{"type":"Point","coordinates":[-71.351842,46.797919]},"properties":{"name":"CENTRE DE PROTECTION DE L'ENFANCE ET DE LA JEUNESSE, SERVICES EXTERNES ET CENTRE DE JOUR DE L'ANCIENNE-LORETTE","facility":"Nursing and residential care facilities","city":"l'ancienne-lorette","region":"qc","country":"CA","population":null,"tier":"major","source":"ODHF"}},{"type":"Feature","geometry":{"type":"Point","coordinates":[-65.68995600000001,47.650859000000004]},"properties":{"name":"FOYER NOTRE-DAME DE LOURDES","facility":"Nursing and residential care facilities","city":"bathurst","region":"nb","country":"CA","population":null,"tier":"major","source":"ODHF"}},{"type":"Feature","geometry":{"type":"Point","coordinates":[-71.771064,46.219367999999996]},"properties":{"name":"CENTRE DE PROTECTION ET DE R\u00c9ADAPTATION POUR LES JEUNES ET LES M\u00c8RES EN DIFFICULT\u00c9 D'ADAPTATION DE PLESSISVILLE","facility":"Nursing and residential care facilities","city":"plessisville","region":"qc","country":"CA","population":null,"tier":"major","source":"ODHF"}},{"type":"Feature","geometry":{"type":"Point","coordinates":[-73.508964,45.65625]},"properties":{"name":"CENTRE DE PROTECTION DE L'ENFANCE ET DE LA JEUNESSE DE POINTE-AUX-TREMBLES","facility":"Nursing and residential care facilities","city":"montr\u00e9al","region":"qc","country":"CA","population":null,"tier":"major","source":"ODHF"}},{"type":"Feature","geometry":{"type":"Point","coordinates":[-72.538421,46.370458]},"properties":{"name":"CPEJ ET SERVICES EXTERNES DE TROIS-RIVI\u00c8RES - DU PASSAGE","facility":"Nursing and residential care facilities","city":"trois-rivi\u00e8res","region":"qc","country":"CA","population":null,"tier":"major","source":"ODHF"}},{"type":"Feature","geometry":{"type":"Point","coordinates":[-71.965096,46.060491999999996]},"properties":{"name":"CENTRE DE PROTECTION ET DE R\u00c9ADAPTATION POUR LES JEUNES ET LES M\u00c8RES EN DIFFICULT\u00c9 D'ADAPTATION DE VICTORIAVILLE","facility":"Nursing and residential care facilities","city":"victoriaville","region":"qc","country":"CA","population":null,"tier":"major","source":"ODHF"}},{"type":"Feature","geometry":{"type":"Point","coordinates":[-65.092115,47.246334999999995]},"properties":{"name":"Complexe Rendez-Vous Inc.","facility":"Nursing and residential care facilities","city":"neguac","region":"nb","country":"CA","population":null,"tier":"major","source":"ODHF"}},{"type":"Feature","geometry":{"type":"Point","coordinates":[-71.360653,46.7414]},"properties":{"name":"CENTRE DE PROTECTION ET DE R\u00c9ADAPTATION POUR LES JEUNES ET LES M\u00c8RES EN DIFFICULT\u00c9 D'ADAPTATION DE CAP-ROUGE","facility":"Nursing and residential care facilities","city":"qu\u00e9bec","region":"qc","country":"CA","population":null,"tier":"major","source":"ODHF"}},{"type":"Feature","geometry":{"type":"Point","coordinates":[-73.682987,45.506496999999996]},"properties":{"name":"CENTRE DE PROTECTION DE L'ENFANCE ET DE LA JEUNESSE SAINT-LAURENT","facility":"Nursing and residential care facilities","city":"montr\u00e9al","region":"qc","country":"CA","population":null,"tier":"major","source":"ODHF"}},{"type":"Feature","geometry":{"type":"Point","coordinates":[-71.415875,46.854913]},"properties":{"name":"CENTRE DE PROTECTION ET DE R\u00c9ADAPTATION POUR LES JEUNES ET LES M\u00c8RES EN DIFFICULT\u00c9 D'ADAPTATION DE QU\u00c9BEC","facility":"Nursing and residential care facilities","city":"qu\u00e9bec","region":"qc","country":"CA","population":null,"tier":"major","source":"ODHF"}},{"type":"Feature","geometry":{"type":"Point","coordinates":[-72.507102,46.328184]},"properties":{"name":"CENTRE DE PROTECTION ET DE R\u00c9ADAPTATION POUR LES JEUNES ET LES M\u00c8RES EN DIFFICULT\u00c9 D'ADAPTATION DE B\u00c9CANCOUR","facility":"Nursing and residential care facilities","city":"b\u00e9cancour","region":"qc","country":"CA","population":null,"tier":"major","source":"ODHF"}},{"type":"Feature","geometry":{"type":"Point","coordinates":[-71.279697,46.107828000000005]},"properties":{"name":"CENTRE MULTISERVICES DE SANT\u00c9 ET DE SERVICES SOCIAUX DONAT-GRENIER","facility":"Nursing and residential care facilities","city":"thetford mines","region":"qc","country":"CA","population":null,"tier":"major","source":"ODHF"}},{"type":"Feature","geometry":{"type":"Point","coordinates":[-73.66618000000001,45.561007000000004]},"properties":{"name":"CENTRE DE PROTECTION DE L'ENFANCE ET DE LA JEUNESSE HENRI-BOURASSA EST","facility":"Nursing and residential care facilities","city":"montr\u00e9al","region":"qc","country":"CA","population":null,"tier":"major","source":"ODHF"}},{"type":"Feature","geometry":{"type":"Point","coordinates":[-72.566461,46.347606]},"properties":{"name":"CENTRE DE PROTECTION ET DE R\u00c9ADAPTATION POUR LES JEUNES ET LES M\u00c8RES EN DIFFICULT\u00c9 D'ADAPTATION DES FORGES","facility":"Nursing and residential care facilities","city":"trois-rivi\u00e8res","region":"qc","country":"CA","population":null,"tier":"major","source":"ODHF"}},{"type":"Feature","geometry":{"type":"Point","coordinates":[-65.424458,46.734817]},"properties":{"name":"Foyer Assomption","facility":"Nursing and residential care facilities","city":"rogersville","region":"nb","country":"CA","population":null,"tier":"major","source":"ODHF"}},{"type":"Feature","geometry":{"type":"Point","coordinates":[-70.149314,47.653084]},"properties":{"name":"CENTRE DE PROTECTION ET DE R\u00c9ADAPTATION POUR LES JEUNES ET LES M\u00c8RES EN DIFFICULT\u00c9 D'ADAPTATION DE LA MALBAIE","facility":"Nursing and residential care facilities","city":"la malbaie","region":"qc","country":"CA","population":null,"tier":"major","source":"ODHF"}},{"type":"Feature","geometry":{"type":"Point","coordinates":[-72.785496,47.428902]},"properties":{"name":"CENTRE DE PROTECTION ET DE R\u00c9ADAPTATION POUR LES JEUNES ET LES M\u00c8RES EN DIFFICULT\u00c9 D'ADAPTATION DE LA TUQUE","facility":"Nursing and residential care facilities","city":"la tuque","region":"qc","country":"CA","population":null,"tier":"major","source":"ODHF"}},{"type":"Feature","geometry":{"type":"Point","coordinates":[-73.535661,45.599019]},"properties":{"name":"CENTRE DE PROTECTION DE L'ENFANCE ET DE LA JEUNESSE SHERBROOKE EST","facility":"Nursing and residential care facilities","city":"montr\u00e9al","region":"qc","country":"CA","population":null,"tier":"major","source":"ODHF"}},{"type":"Feature","geometry":{"type":"Point","coordinates":[-73.559282,45.518093]},"properties":{"name":"CENTRE DE PROTECTION DE L'ENFANCE ET DE LA JEUNESSE MAISONNEUVE EST","facility":"Nursing and residential care facilities","city":"montr\u00e9al","region":"qc","country":"CA","population":null,"tier":"major","source":"ODHF"}},{"type":"Feature","geometry":{"type":"Point","coordinates":[-73.627853,45.541924]},"properties":{"name":"CENTRE DE PROTECTION DE L'ENFANCE ET DE LA JEUNESSE SAINT-DENIS","facility":"Nursing and residential care facilities","city":"montr\u00e9al","region":"qc","country":"CA","population":null,"tier":"major","source":"ODHF"}},{"type":"Feature","geometry":{"type":"Point","coordinates":[-65.481274,47.02258]},"properties":{"name":"Miramichi Senior Citizens Home Inc.","facility":"Nursing and residential care facilities","city":"miramichi","region":"nb","country":"CA","population":null,"tier":"major","source":"ODHF"}},{"type":"Feature","geometry":{"type":"Point","coordinates":[-71.06766800000001,48.410751]},"properties":{"name":"CENTRE DE PROTECTION ET DE R\u00c9ADAPTATION POUR LES JEUNES EN DIFFICULT\u00c9 D'ADAPTATION DE CHICOUTIMI","facility":"Nursing and residential care facilities","city":"saguenay","region":"qc","country":"CA","population":null,"tier":"major","source":"ODHF"}},{"type":"Feature","geometry":{"type":"Point","coordinates":[-72.227398,48.498794000000004]},"properties":{"name":"CENTRE DE PROTECTION ET DE R\u00c9ADAPTATION POUR LES JEUNES EN DIFFICULT\u00c9 D'ADAPTATION DE ROBERVAL","facility":"Nursing and residential care facilities","city":"roberval","region":"qc","country":"CA","population":null,"tier":"major","source":"ODHF"}},{"type":"Feature","geometry":{"type":"Point","coordinates":[-77.788825,48.098129]},"properties":{"name":"CENTRE D'ORIENTATION L'ETAPE","facility":"Nursing and residential care facilities","city":"val-d'or","region":"qc","country":"CA","population":null,"tier":"major","source":"ODHF"}},{"type":"Feature","geometry":{"type":"Point","coordinates":[-64.721492,46.477058]},"properties":{"name":"Manoir Saint-Jean Baptiste Inc.","facility":"Nursing and residential care facilities","city":"bouctouche","region":"nb","country":"CA","population":null,"tier":"major","source":"ODHF"}},{"type":"Feature","geometry":{"type":"Point","coordinates":[-74.297379,46.051007]},"properties":{"name":"CENTRE DE PROTECTION ET DE R\u00c9ADAPTATION POUR LES JEUNES EN DIFFICULT\u00c9 D'ADAPTATION DE SAINTE-AGATHE-DES-MONTS","facility":"Nursing and residential care facilities","city":"sainte-agathe-des-monts","region":"qc","country":"CA","population":null,"tier":"major","source":"ODHF"}},{"type":"Feature","geometry":{"type":"Point","coordinates":[-74.133834,45.255307]},"properties":{"name":"CENTRE DE PROTECTION ET DE R\u00c9ADAPTATION POUR LES JEUNES EN DIFFICULT\u00c9 D'ADAPTATION SAINT-THOMAS","facility":"Nursing and residential care facilities","city":"salaberry-de-valleyfield","region":"qc","country":"CA","population":null,"tier":"major","source":"ODHF"}},{"type":"Feature","geometry":{"type":"Point","coordinates":[-73.62225500000001,45.479952000000004]},"properties":{"name":"CENTRE JEUNESSE DE MONTR\u00c9AL - SITE D\u00c9CARIE","facility":"Nursing and residential care facilities","city":"montr\u00e9al","region":"qc","country":"CA","population":null,"tier":"major","source":"ODHF"}},{"type":"Feature","geometry":{"type":"Point","coordinates":[-65.469275,47.024865000000005]},"properties":{"name":"Mount Saint Joseph of Chatham n. b.","facility":"Nursing and residential care facilities","city":"miramichi","region":"nb","country":"CA","population":null,"tier":"major","source":"ODHF"}},{"type":"Feature","geometry":{"type":"Point","coordinates":[-79.02109,48.225356]},"properties":{"name":"CENTRE DE R\u00c9ADAPTATION LA MAISON","facility":"Nursing and residential care facilities","city":"rouyn-noranda","region":"qc","country":"CA","population":null,"tier":"major","source":"ODHF"}},{"type":"Feature","geometry":{"type":"Point","coordinates":[-72.2262,48.890459]},"properties":{"name":"CPEJ ET SERVICES EXTERNES DE DOLBEAU-MISTASSINI","facility":"Nursing and residential care facilities","city":"dolbeau-mistassini","region":"qc","country":"CA","population":null,"tier":"major","source":"ODHF"}},{"type":"Feature","geometry":{"type":"Point","coordinates":[-73.598229,45.530158]},"properties":{"name":"CENTRE JEUNESSE DE MONTR\u00c9AL - BUREAU CENTRE","facility":"Nursing and residential care facilities","city":"montr\u00e9al","region":"qc","country":"CA","population":null,"tier":"major","source":"ODHF"}},{"type":"Feature","geometry":{"type":"Point","coordinates":[-72.96412600000001,45.638175]},"properties":{"name":"CENTRE DE PROTECTION ET DE R\u00c9ADAPTATION POUR LES JEUNES EN DIFFICULT\u00c9 D'ADAPTATION DE\u00a0SAINT-HYACINTHE","facility":"Nursing and residential care facilities","city":"saint-hyacinthe","region":"qc","country":"CA","population":null,"tier":"major","source":"ODHF"}},{"type":"Feature","geometry":{"type":"Point","coordinates":[-65.010463,47.327157]},"properties":{"name":"Tabusintac Nursing Home","facility":"Nursing and residential care facilities","city":"tabusintac","region":"nb","country":"CA","population":null,"tier":"major","source":"ODHF"}},{"type":"Feature","geometry":{"type":"Point","coordinates":[-74.35548299999999,49.913947]},"properties":{"name":"CENTRE DE PROTECTION ET DE R\u00c9ADAPTATION POUR LES JEUNES EN DIFFICULT\u00c9 D'ADAPTATION DE CHIBOUGAMAU","facility":"Nursing and residential care facilities","city":"chibougamau","region":"qc","country":"CA","population":null,"tier":"major","source":"ODHF"}},{"type":"Feature","geometry":{"type":"Point","coordinates":[-73.860522,45.64284]},"properties":{"name":"CPEJ ET SERVICES EXTERNES DE SAINTE-TH\u00c9R\u00c8SE-DU-S\u00c9MINAIRE","facility":"Nursing and residential care facilities","city":"sainte-th\u00e9r\u00e8se","region":"qc","country":"CA","population":null,"tier":"major","source":"ODHF"}},{"type":"Feature","geometry":{"type":"Point","coordinates":[-70.87535600000001,45.570856]},"properties":{"name":"POINT DE SERVICE GRANIT","facility":"Nursing and residential care facilities","city":"lac-m\u00e9gantic","region":"qc","country":"CA","population":null,"tier":"major","source":"ODHF"}},{"type":"Feature","geometry":{"type":"Point","coordinates":[-69.07973299999999,48.740256]},"properties":{"name":"CENTRE DE PROTECTION ET DE R\u00c9ADAPTATION EN D\u00c9PENDANCE DE FORESTVILLE","facility":"Nursing and residential care facilities","city":"forestville","region":"qc","country":"CA","population":null,"tier":"major","source":"ODHF"}},{"type":"Feature","geometry":{"type":"Point","coordinates":[-71.26656899999999,46.732093]},"properties":{"name":"CENTRE DE PROTECTION ET DE R\u00c9ADAPTATION POUR LES JEUNES EN DIFFICULT\u00c9 D'ADAPTATION DE SAINT-ROMUALD","facility":"Nursing and residential care facilities","city":"l\u00e9vis","region":"qc","country":"CA","population":null,"tier":"major","source":"ODHF"}},{"type":"Feature","geometry":{"type":"Point","coordinates":[-71.655511,48.546903]},"properties":{"name":"CENTRE DE PROTECTION ET DE R\u00c9ADAPTATION POUR LES JEUNES EN DIFFICULT\u00c9 D'ADAPTATION D'ALMA","facility":"Nursing and residential care facilities","city":"alma","region":"qc","country":"CA","population":null,"tier":"major","source":"ODHF"}},{"type":"Feature","geometry":{"type":"Point","coordinates":[-64.827001,47.65932]},"properties":{"name":"R\u00c9SIDENCES INKERMAN INC.","facility":"Nursing and residential care facilities","city":"inkerman","region":"nb","country":"CA","population":null,"tier":"major","source":"ODHF"}},{"type":"Feature","geometry":{"type":"Point","coordinates":[-71.23585899999999,48.411592]},"properties":{"name":"CENTRE DE PROTECTION ET DE R\u00c9ADAPTATION POUR LES JEUNES EN DIFFICULT\u00c9 D'ADAPTATION DE JONQUI\u00c8RE","facility":"Nursing and residential care facilities","city":"saguenay","region":"qc","country":"CA","population":null,"tier":"major","source":"ODHF"}},{"type":"Feature","geometry":{"type":"Point","coordinates":[-64.68226700000001,48.348278]},"properties":{"name":"CENTRE DE PROTECTION ET DE R\u00c9ADAPTATION POUR LES JEUNES EN DIFFICULT\u00c9 D'ADAPTATION DU ROCHER-PERC\u00c9","facility":"Nursing and residential care facilities","city":"chandler","region":"qc","country":"CA","population":null,"tier":"major","source":"ODHF"}},{"type":"Feature","geometry":{"type":"Point","coordinates":[-61.872914,47.375032]},"properties":{"name":"CENTRE DE PROTECTION ET DE R\u00c9ADAPTATION POUR LES JEUNES EN DIFFICULT\u00c9 D'ADAPTATION DES \u00ceLES-DE-LA-MADELEINE","facility":"Nursing and residential care facilities","city":"les \u00eeles-de-la-madeleine","region":"qc","country":"CA","population":null,"tier":"major","source":"ODHF"}},{"type":"Feature","geometry":{"type":"Point","coordinates":[-66.478206,49.120055]},"properties":{"name":"SUCCURSALE HAUTE-GASP\u00c9SIE (CENTRE JEUNESSE GASP\u00c9SIE/LES \u00ceLES)","facility":"Nursing and residential care facilities","city":"sainte-anne-des-monts","region":"qc","country":"CA","population":null,"tier":"major","source":"ODHF"}},{"type":"Feature","geometry":{"type":"Point","coordinates":[-71.935569,45.771673]},"properties":{"name":"POINT DE SERVICE ASBESTOS","facility":"Nursing and residential care facilities","city":"asbestos","region":"qc","country":"CA","population":null,"tier":"major","source":"ODHF"}},{"type":"Feature","geometry":{"type":"Point","coordinates":[-74.00739200000001,45.777588]},"properties":{"name":"CENTRE DE PROTECTION ET DE R\u00c9ADAPTATION POUR LES JEUNES EN DIFFICULT\u00c9 D'ADAPTATION DE SAINT-J\u00c9R\u00d4ME","facility":"Nursing and residential care facilities","city":"saint-j\u00e9r\u00f4me","region":"qc","country":"CA","population":null,"tier":"major","source":"ODHF"}},{"type":"Feature","geometry":{"type":"Point","coordinates":[-73.259125,45.315159]},"properties":{"name":"CENTRE DE PROTECTION ET DE R\u00c9ADAPTATION POUR LES JEUNES EN DIFFICULT\u00c9 D'ADAPTATION DE SAINT-JEAN-SUR-RICHELIEU","facility":"Nursing and residential care facilities","city":"saint-jean-sur-richelieu","region":"qc","country":"CA","population":null,"tier":"major","source":"ODHF"}},{"type":"Feature","geometry":{"type":"Point","coordinates":[-71.154614,46.816796000000004]},"properties":{"name":"CENTRE DE PROTECTION ET DE R\u00c9ADAPTATION POUR LES JEUNES EN DIFFICULT\u00c9 D'ADAPTATION DE L\u00c9VIS","facility":"Nursing and residential care facilities","city":"l\u00e9vis","region":"qc","country":"CA","population":null,"tier":"major","source":"ODHF"}},{"type":"Feature","geometry":{"type":"Point","coordinates":[-72.564888,46.349732]},"properties":{"name":"CENTRE DE PROTECTION ET DE R\u00c9ADAPTATION POUR LES JEUNES ET LES M\u00c8RES EN DIFFICULT\u00c9 D'ADAPTATION CHARLES-\u00c9DOUARD-BOURGEOIS","facility":"Nursing and residential care facilities","city":"trois-rivi\u00e8res","region":"qc","country":"CA","population":null,"tier":"major","source":"ODHF"}},{"type":"Feature","geometry":{"type":"Point","coordinates":[-75.501878,46.551727]},"properties":{"name":"CENTRE DE PROTECTION ET DE R\u00c9ADAPTATION POUR LES JEUNES EN DIFFICULT\u00c9 D'ADAPTATION DE MONT-LAURIER","facility":"Nursing and residential care facilities","city":"mont-laurier","region":"qc","country":"CA","population":null,"tier":"major","source":"ODHF"}},{"type":"Feature","geometry":{"type":"Point","coordinates":[-71.895062,45.406584]},"properties":{"name":"POINT DE SERVICE SHERBROOKE","facility":"Nursing and residential care facilities","city":"sherbrooke","region":"qc","country":"CA","population":null,"tier":"major","source":"ODHF"}},{"type":"Feature","geometry":{"type":"Point","coordinates":[-70.55781,46.9786]},"properties":{"name":"CENTRE DE PROTECTION ET DE R\u00c9ADAPTATION POUR LES JEUNES EN DIFFICULT\u00c9 D'ADAPTATION DE MONTMAGNY","facility":"Nursing and residential care facilities","city":"montmagny","region":"qc","country":"CA","population":null,"tier":"major","source":"ODHF"}},{"type":"Feature","geometry":{"type":"Point","coordinates":[-70.878488,46.307873]},"properties":{"name":"CENTRE DE PROTECTION ET DE R\u00c9ADAPTATION POUR LES JEUNES EN DIFFICULT\u00c9 D'ADAPTATION DE SAINT-JOSEPH-DE-BEAUCE","facility":"Nursing and residential care facilities","city":"saint-joseph-de-beauce","region":"qc","country":"CA","population":null,"tier":"major","source":"ODHF"}},{"type":"Feature","geometry":{"type":"Point","coordinates":[-73.57718100000001,45.575311]},"properties":{"name":"CENTRE DE READAPTATION MARIE ENFANT","facility":"Nursing and residential care facilities","city":"montr\u00e9al","region":"qc","country":"CA","population":null,"tier":"major","source":"ODHF"}},{"type":"Feature","geometry":{"type":"Point","coordinates":[-73.425437,45.825039000000004]},"properties":{"name":"CENTRE D'H\u00c9BERGEMENT ET DE R\u00c9ADAPTATION EN D\u00c9FICIENCE PHYSIQUE DE L'ASSOMPTION","facility":"Nursing and residential care facilities","city":"l'assomption","region":"qc","country":"CA","population":null,"tier":"major","source":"ODHF"}},{"type":"Feature","geometry":{"type":"Point","coordinates":[-64.72445,47.744052]},"properties":{"name":"R\u00c9SIDENCES MGR. CHIASSON INC.","facility":"Nursing and residential care facilities","city":"shippagan","region":"nb","country":"CA","population":null,"tier":"major","source":"ODHF"}},{"type":"Feature","geometry":{"type":"Point","coordinates":[-73.487302,45.510475]},"properties":{"name":"CENTRE DE PROTECTION ET DE R\u00c9ADAPTATION POUR LES JEUNES EN DIFFICULT\u00c9 D'ADAPTATION BEAUREGARD","facility":"Nursing and residential care facilities","city":"longueuil","region":"qc","country":"CA","population":null,"tier":"major","source":"ODHF"}},{"type":"Feature","geometry":{"type":"Point","coordinates":[-73.606881,45.475215999999996]},"properties":{"name":"MAISON ELIZABETH","facility":"Nursing and residential care facilities","city":"montr\u00e9al","region":"qc","country":"CA","population":null,"tier":"major","source":"ODHF"}},{"type":"Feature","geometry":{"type":"Point","coordinates":[-65.107,47.6702]},"properties":{"name":"Manoir Edith b. Pinet","facility":"Nursing and residential care facilities","city":"paquetville","region":"nb","country":"CA","population":null,"tier":"major","source":"ODHF"}},{"type":"Feature","geometry":{"type":"Point","coordinates":[-73.627087,45.463415999999995]},"properties":{"name":"CENTRE DE R\u00c9ADAPTATION EN D\u00c9PENDANCE BOULEVARD CAVENDISH","facility":"Nursing and residential care facilities","city":"montr\u00e9al","region":"qc","country":"CA","population":null,"tier":"major","source":"ODHF"}},{"type":"Feature","geometry":{"type":"Point","coordinates":[-64.972162,47.786011]},"properties":{"name":"VILLA BEAUS\u00c9JOUR INC.","facility":"Nursing and residential care facilities","city":"caraquet","region":"nb","country":"CA","population":null,"tier":"major","source":"ODHF"}},{"type":"Feature","geometry":{"type":"Point","coordinates":[-68.525738,48.432977]},"properties":{"name":"CENTRE DE R\u00c9ADAPTATION POUR LES JEUNES EN DIFFICULT\u00c9 D'ADAPTATION DE RIMOUSKI-NEIGETTE","facility":"Nursing and residential care facilities","city":"rimouski","region":"qc","country":"CA","population":null,"tier":"major","source":"ODHF"}},{"type":"Feature","geometry":{"type":"Point","coordinates":[-73.480551,45.569783]},"properties":{"name":"CENTRE DE R\u00c9ADAPTATION POUR LES JEUNES EN DIFFICULT\u00c9 D'ADAPTATION LIMOGES","facility":"Nursing and residential care facilities","city":"longueuil","region":"qc","country":"CA","population":null,"tier":"major","source":"ODHF"}},{"type":"Feature","geometry":{"type":"Point","coordinates":[-73.310342,45.443988]},"properties":{"name":"CENTRE DE R\u00c9ADAPTATION POUR LES JEUNES EN DIFFICULT\u00c9 D'ADAPTATION DE CHAMBLY","facility":"Nursing and residential care facilities","city":"chambly","region":"qc","country":"CA","population":null,"tier":"major","source":"ODHF"}},{"type":"Feature","geometry":{"type":"Point","coordinates":[-72.959861,45.64152]},"properties":{"name":"CENTRE DE R\u00c9ADAPTATION POUR LES JEUNES EN DIFFICULT\u00c9 D'ADAPTATION DE SAINT-HYACINTHE","facility":"Nursing and residential care facilities","city":"saint-hyacinthe","region":"qc","country":"CA","population":null,"tier":"major","source":"ODHF"}},{"type":"Feature","geometry":{"type":"Point","coordinates":[-72.021006,45.314487]},"properties":{"name":"CENTRE DE R\u00c9ADAPTATION POUR LES JEUNES EN DIFFICULT\u00c9 D'ADAPTATION VAL-DU-LAC","facility":"Nursing and residential care facilities","city":"sherbrooke","region":"qc","country":"CA","population":null,"tier":"major","source":"ODHF"}},{"type":"Feature","geometry":{"type":"Point","coordinates":[-64.917199,47.506299]},"properties":{"name":"Villa Saint-Joseph Inc.","facility":"Nursing and residential care facilities","city":"tracadie-sheila","region":"nb","country":"CA","population":null,"tier":"major","source":"ODHF"}},{"type":"Feature","geometry":{"type":"Point","coordinates":[-73.54069399999999,45.549784]},"properties":{"name":"CHSLD PROVIDENCE NOTRE-DAME DE LOURDES","facility":"Nursing and residential care facilities","city":"montr\u00e9al","region":"qc","country":"CA","population":null,"tier":"major","source":"ODHF"}},{"type":"Feature","geometry":{"type":"Point","coordinates":[-73.663053,45.567417999999996]},"properties":{"name":"RESIDENCE BERTHIAUME-DU TREMBLAY","facility":"Nursing and residential care facilities","city":"montr\u00e9al","region":"qc","country":"CA","population":null,"tier":"standard","source":"ODHF"}},{"type":"Feature","geometry":{"type":"Point","coordinates":[-73.57433499999999,45.581045]},"properties":{"name":"CHSLD POLONAIS MARIE-CURIE-SKLODOWSKA","facility":"Nursing and residential care facilities","city":"montr\u00e9al","region":"qc","country":"CA","population":null,"tier":"major","source":"ODHF"}},{"type":"Feature","geometry":{"type":"Point","coordinates":[-71.256606,46.788067]},"properties":{"name":"LA CHAMPENOISE","facility":"Nursing and residential care facilities","city":"qu\u00e9bec","region":"qc","country":"CA","population":null,"tier":"major","source":"ODHF"}},{"type":"Feature","geometry":{"type":"Point","coordinates":[-73.702226,46.050862]},"properties":{"name":"CHSLD HEATHER I","facility":"Nursing and residential care facilities","city":"rawdon","region":"qc","country":"CA","population":null,"tier":"major","source":"ODHF"}},{"type":"Feature","geometry":{"type":"Point","coordinates":[-74.339262,45.656645000000005]},"properties":{"name":"LA R\u00c9SIDENCE DE LACHUTE","facility":"Nursing and residential care facilities","city":"lachute","region":"qc","country":"CA","population":null,"tier":"major","source":"ODHF"}},{"type":"Feature","geometry":{"type":"Point","coordinates":[-73.558121,45.509557]},"properties":{"name":"L'HOPITAL CHINOIS DE MONTREAL (1963)","facility":"Nursing and residential care facilities","city":"montr\u00e9al","region":"qc","country":"CA","population":null,"tier":"major","source":"ODHF"}},{"type":"Feature","geometry":{"type":"Point","coordinates":[-73.679924,45.517002000000005]},"properties":{"name":"LES CEDRES-CENTRE D'ACCUEIL POUR PERSONNES AGEES","facility":"Nursing and residential care facilities","city":"montr\u00e9al","region":"qc","country":"CA","population":null,"tier":"major","source":"ODHF"}},{"type":"Feature","geometry":{"type":"Point","coordinates":[-64.876164,46.659337]},"properties":{"name":"Rexton Lions Nursing Home Inc.","facility":"Nursing and residential care facilities","city":"rexton","region":"nb","country":"CA","population":null,"tier":"major","source":"ODHF"}},{"type":"Feature","geometry":{"type":"Point","coordinates":[-73.66845500000001,45.471493]},"properties":{"name":"CENTRE HOSPITALIER GERIATRIQUE MAIMONIDES","facility":"Nursing and residential care facilities","city":"c\u00f4te-saint-luc","region":"qc","country":"CA","population":null,"tier":"major","source":"ODHF"}},{"type":"Feature","geometry":{"type":"Point","coordinates":[-71.156735,46.819105]},"properties":{"name":"PAVILLON BELLEVUE","facility":"Nursing and residential care facilities","city":"l\u00e9vis","region":"qc","country":"CA","population":null,"tier":"major","source":"ODHF"}},{"type":"Feature","geometry":{"type":"Point","coordinates":[-73.17335600000001,45.77807]},"properties":{"name":"ACCUEIL DU RIVAGE","facility":"Nursing and residential care facilities","city":"saint-antoine-sur-richelieu","region":"qc","country":"CA","population":null,"tier":"major","source":"ODHF"}},{"type":"Feature","geometry":{"type":"Point","coordinates":[-73.41997099999999,46.032918]},"properties":{"name":"CENTRE DE R\u00c9ADAPTATION POUR LES JEUNES EN DIFFICULT\u00c9 D'ADAPTATION DE JOLIETTE","facility":"Nursing and residential care facilities","city":"joliette","region":"qc","country":"CA","population":null,"tier":"major","source":"ODHF"}},{"type":"Feature","geometry":{"type":"Point","coordinates":[-73.490352,45.683371]},"properties":{"name":"RESIDENCE RIVE SOLEIL","facility":"Nursing and residential care facilities","city":"montr\u00e9al","region":"qc","country":"CA","population":null,"tier":"standard","source":"ODHF"}},{"type":"Feature","geometry":{"type":"Point","coordinates":[-73.29599,45.461357]},"properties":{"name":"MANOIR SOLEIL","facility":"Nursing and residential care facilities","city":"chambly","region":"qc","country":"CA","population":null,"tier":"major","source":"ODHF"}},{"type":"Feature","geometry":{"type":"Point","coordinates":[-64.828427,46.055777]},"properties":{"name":"Shannex Rlc Ltd. - Monarch Hall","facility":"Nursing and residential care facilities","city":"riverview","region":"nb","country":"CA","population":null,"tier":"major","source":"ODHF"}},{"type":"Feature","geometry":{"type":"Point","coordinates":[-71.326309,46.804417]},"properties":{"name":"H\u00d4PITAL STE-MONIQUE","facility":"Nursing and residential care facilities","city":"qu\u00e9bec","region":"qc","country":"CA","population":null,"tier":"major","source":"ODHF"}},{"type":"Feature","geometry":{"type":"Point","coordinates":[-71.188693,46.799145]},"properties":{"name":"CENTRE D'ACCUEIL SAINT-JOSEPH DE L\u00c9VIS","facility":"Nursing and residential care facilities","city":"l\u00e9vis","region":"qc","country":"CA","population":null,"tier":"major","source":"ODHF"}},{"type":"Feature","geometry":{"type":"Point","coordinates":[-73.143676,46.028224]},"properties":{"name":"RESIDENCE SOREL-TRACY","facility":"Nursing and residential care facilities","city":"sorel-tracy","region":"qc","country":"CA","population":null,"tier":"standard","source":"ODHF"}},{"type":"Feature","geometry":{"type":"Point","coordinates":[-71.235974,46.829042]},"properties":{"name":"CENTRE HOSPITALIER SAINT-FRAN\u00c7OIS","facility":"Nursing and residential care facilities","city":"qu\u00e9bec","region":"qc","country":"CA","population":null,"tier":"major","source":"ODHF"}},{"type":"Feature","geometry":{"type":"Point","coordinates":[-71.64777099999999,45.903815]},"properties":{"name":"FOYER SAINTS-ANGES DE HAM-NORD","facility":"Nursing and residential care facilities","city":"ham-nord","region":"qc","country":"CA","population":null,"tier":"major","source":"ODHF"}},{"type":"Feature","geometry":{"type":"Point","coordinates":[-64.781693,46.110925]},"properties":{"name":"Shannex Rlc Ltd. - Pavillon Richard","facility":"Nursing and residential care facilities","city":"moncton","region":"nb","country":"CA","population":null,"tier":"major","source":"ODHF"}},{"type":"Feature","geometry":{"type":"Point","coordinates":[-70.674475,46.115788]},"properties":{"name":"CHSLD RICHARD-BUSQUE","facility":"Nursing and residential care facilities","city":"saint-georges","region":"qc","country":"CA","population":null,"tier":"major","source":"ODHF"}},{"type":"Feature","geometry":{"type":"Point","coordinates":[-70.671451,46.124889]},"properties":{"name":"CHSLD DU S\u00c9MINAIRE","facility":"Nursing and residential care facilities","city":"saint-georges","region":"qc","country":"CA","population":null,"tier":"major","source":"ODHF"}},{"type":"Feature","geometry":{"type":"Point","coordinates":[-71.040908,48.423336]},"properties":{"name":"CENTRE D'H\u00c9BERGEMENT JACQUES-CARTIER","facility":"Nursing and residential care facilities","city":"saguenay","region":"qc","country":"CA","population":null,"tier":"major","source":"ODHF"}},{"type":"Feature","geometry":{"type":"Point","coordinates":[-72.577024,46.344522999999995]},"properties":{"name":"CENTRE D'H\u00c9BERGEMENT COOKE","facility":"Nursing and residential care facilities","city":"trois-rivi\u00e8res","region":"qc","country":"CA","population":null,"tier":"major","source":"ODHF"}},{"type":"Feature","geometry":{"type":"Point","coordinates":[-73.677357,45.605607]},"properties":{"name":"CHSLD DE VAL-DES-ARBRES","facility":"Nursing and residential care facilities","city":"laval","region":"qc","country":"CA","population":null,"tier":"major","source":"ODHF"}},{"type":"Feature","geometry":{"type":"Point","coordinates":[-73.571904,45.666191999999995]},"properties":{"name":"CENTRE D'H\u00c9BERGEMENT L'\u00c9DEN DE LAVAL INC.","facility":"Nursing and residential care facilities","city":"laval","region":"qc","country":"CA","population":null,"tier":"major","source":"ODHF"}},{"type":"Feature","geometry":{"type":"Point","coordinates":[-73.569935,45.531259999999996]},"properties":{"name":"CENTRE D'H\u00c9BERGEMENT JEAN-DE-LA-LANDE","facility":"Nursing and residential care facilities","city":"montr\u00e9al","region":"qc","country":"CA","population":null,"tier":"major","source":"ODHF"}},{"type":"Feature","geometry":{"type":"Point","coordinates":[-69.950958,47.402943]},"properties":{"name":"CENTRE D'H\u00c9BERGEMENT DE SAINT-PAC\u00d4ME","facility":"Nursing and residential care facilities","city":"saint-pac\u00f4me","region":"qc","country":"CA","population":null,"tier":"major","source":"ODHF"}},{"type":"Feature","geometry":{"type":"Point","coordinates":[-69.80340600000001,47.529403]},"properties":{"name":"CENTRE DE JOUR SAINT-PASCAL","facility":"Nursing and residential care facilities","city":"saint-pascal","region":"qc","country":"CA","population":null,"tier":"major","source":"ODHF"}},{"type":"Feature","geometry":{"type":"Point","coordinates":[-71.23957800000001,48.414676]},"properties":{"name":"CENTRE D'H\u00c9BERGEMENT SAINTE-MARIE","facility":"Nursing and residential care facilities","city":"saguenay","region":"qc","country":"CA","population":null,"tier":"major","source":"ODHF"}},{"type":"Feature","geometry":{"type":"Point","coordinates":[-68.979116,47.674554]},"properties":{"name":"CENTRE D'H\u00c9BERGEMENT DE SAINT-LOUIS-DU-HA! HA!","facility":"Nursing and residential care facilities","city":"saint-louis-du-ha! ha!","region":"qc","country":"CA","population":null,"tier":"major","source":"ODHF"}},{"type":"Feature","geometry":{"type":"Point","coordinates":[-68.723118,47.87737]},"properties":{"name":"CENTRE D'H\u00c9BERGEMENT DE SQUATEC","facility":"Nursing and residential care facilities","city":"saint-michel-du-squatec","region":"qc","country":"CA","population":null,"tier":"major","source":"ODHF"}},{"type":"Feature","geometry":{"type":"Point","coordinates":[-71.985659,45.945836]},"properties":{"name":"CENTRE D'H\u00c9BERGEMENT DE WARWICK","facility":"Nursing and residential care facilities","city":"warwick","region":"qc","country":"CA","population":null,"tier":"major","source":"ODHF"}},{"type":"Feature","geometry":{"type":"Point","coordinates":[-72.212367,48.89112]},"properties":{"name":"CENTRE D'H\u00c9BERGEMENT DE DOLBEAU-MISTASSINI","facility":"Nursing and residential care facilities","city":"dolbeau-mistassini","region":"qc","country":"CA","population":null,"tier":"major","source":"ODHF"}},{"type":"Feature","geometry":{"type":"Point","coordinates":[-71.669883,45.476951]},"properties":{"name":"CHSLD D'EAST-ANGUS","facility":"Nursing and residential care facilities","city":"east angus","region":"qc","country":"CA","population":null,"tier":"major","source":"ODHF"}},{"type":"Feature","geometry":{"type":"Point","coordinates":[-71.46361,45.70091]},"properties":{"name":"CHSLD DE WEEDON","facility":"Nursing and residential care facilities","city":"weedon","region":"qc","country":"CA","population":null,"tier":"major","source":"ODHF"}},{"type":"Feature","geometry":{"type":"Point","coordinates":[-72.032207,46.485481]},"properties":{"name":"CENTRE D'H\u00c9BERGEMENT DE FORTIERVILLE","facility":"Nursing and residential care facilities","city":"fortierville","region":"qc","country":"CA","population":null,"tier":"major","source":"ODHF"}},{"type":"Feature","geometry":{"type":"Point","coordinates":[-71.24989599999999,46.863858]},"properties":{"name":"FOYER DE GROUPE POUR LES JEUNES EN DIFFICULT\u00c9 D'ADAPTATION DE CHARLESBOURG","facility":"Nursing and residential care facilities","city":"qu\u00e9bec","region":"qc","country":"CA","population":null,"tier":"major","source":"ODHF"}},{"type":"Feature","geometry":{"type":"Point","coordinates":[-71.64625799999999,48.552052]},"properties":{"name":"CENTRE D'H\u00c9BERGEMENT D'ALMA","facility":"Nursing and residential care facilities","city":"alma","region":"qc","country":"CA","population":null,"tier":"major","source":"ODHF"}},{"type":"Feature","geometry":{"type":"Point","coordinates":[-71.6978,48.632441]},"properties":{"name":"CENTRE D'H\u00c9BERGEMENT ISIDORE-GAUTHIER","facility":"Nursing and residential care facilities","city":"alma","region":"qc","country":"CA","population":null,"tier":"major","source":"ODHF"}},{"type":"Feature","geometry":{"type":"Point","coordinates":[-73.547647,45.617538]},"properties":{"name":"CHSLD LE ROYER","facility":"Nursing and residential care facilities","city":"montr\u00e9al","region":"qc","country":"CA","population":null,"tier":"major","source":"ODHF"}},{"type":"Feature","geometry":{"type":"Point","coordinates":[-65.98575799999999,48.173628]},"properties":{"name":"CENTRE D'H\u00c9BERGEMENT DE MARIA","facility":"Nursing and residential care facilities","city":"maria","region":"qc","country":"CA","population":null,"tier":"major","source":"ODHF"}},{"type":"Feature","geometry":{"type":"Point","coordinates":[-69.542236,47.834065]},"properties":{"name":"CENTRE D'H\u00c9BERGEMENT DE RIVI\u00c8RE-DU-LOUP","facility":"Nursing and residential care facilities","city":"rivi\u00e8re-du-loup","region":"qc","country":"CA","population":null,"tier":"major","source":"ODHF"}},{"type":"Feature","geometry":{"type":"Point","coordinates":[-71.350441,46.850176]},"properties":{"name":"CENTRE D'H\u00c9BERGEMENT DE LORETTEVILLE","facility":"Nursing and residential care facilities","city":"qu\u00e9bec","region":"qc","country":"CA","population":null,"tier":"major","source":"ODHF"}},{"type":"Feature","geometry":{"type":"Point","coordinates":[-73.491314,45.421114]},"properties":{"name":"CHSLD DE LA PRAIRIE","facility":"Nursing and residential care facilities","city":"la prairie","region":"qc","country":"CA","population":null,"tier":"major","source":"ODHF"}},{"type":"Feature","geometry":{"type":"Point","coordinates":[-73.741938,45.353456]},"properties":{"name":"CHSLD DE CH\u00c2TEAUGUAY","facility":"Nursing and residential care facilities","city":"ch\u00e2teauguay","region":"qc","country":"CA","population":null,"tier":"major","source":"ODHF"}},{"type":"Feature","geometry":{"type":"Point","coordinates":[-73.61675,45.258645]},"properties":{"name":"CHSLD PIERRE-R\u00c9MI-NARBONNE","facility":"Nursing and residential care facilities","city":"saint-r\u00e9mi","region":"qc","country":"CA","population":null,"tier":"major","source":"ODHF"}},{"type":"Feature","geometry":{"type":"Point","coordinates":[-62.65090731,46.16701932]},"properties":{"name":"Riverview Manor","facility":"Nursing and residential care facilities","city":"montague","region":"pe","country":"CA","population":null,"tier":"major","source":"ODHF"}},{"type":"Feature","geometry":{"type":"Point","coordinates":[-71.509927,46.616440999999995]},"properties":{"name":"CHSLD DE SAINT-APOLLINAIRE","facility":"Nursing and residential care facilities","city":"saint-apollinaire","region":"qc","country":"CA","population":null,"tier":"major","source":"ODHF"}},{"type":"Feature","geometry":{"type":"Point","coordinates":[-71.229421,46.363119]},"properties":{"name":"CHSLD DE SAINT-SYLVESTRE","facility":"Nursing and residential care facilities","city":"saint-sylvestre","region":"qc","country":"CA","population":null,"tier":"major","source":"ODHF"}},{"type":"Feature","geometry":{"type":"Point","coordinates":[-66.406285,50.223512]},"properties":{"name":"MISHTA-AN-AUASS","facility":"Nursing and residential care facilities","city":"uashat","region":"qc","country":"CA","population":null,"tier":"major","source":"ODHF"}},{"type":"Feature","geometry":{"type":"Point","coordinates":[-72.94521999999999,45.632893]},"properties":{"name":"CENTRE D'H\u00c9BERGEMENT ANDR\u00c9E-PERRAULT","facility":"Nursing and residential care facilities","city":"saint-hyacinthe","region":"qc","country":"CA","population":null,"tier":"major","source":"ODHF"}},{"type":"Feature","geometry":{"type":"Point","coordinates":[-79.437859,47.327002]},"properties":{"name":"CHSLD DE VILLE-MARIE","facility":"Nursing and residential care facilities","city":"ville-marie","region":"qc","country":"CA","population":null,"tier":"major","source":"ODHF"}},{"type":"Feature","geometry":{"type":"Point","coordinates":[-73.535754,45.599041]},"properties":{"name":"CENTRE DE R\u00c9ADAPTATION POUR LES JEUNES EN DIFFICULT\u00c9 D'ADAPTATION DU MONT SAINT-ANTOINE","facility":"Nursing and residential care facilities","city":"montr\u00e9al","region":"qc","country":"CA","population":null,"tier":"major","source":"ODHF"}},{"type":"Feature","geometry":{"type":"Point","coordinates":[-70.894765,46.71237]},"properties":{"name":"CHSLD DE SAINT-GERVAIS","facility":"Nursing and residential care facilities","city":"saint-gervais","region":"qc","country":"CA","population":null,"tier":"major","source":"ODHF"}},{"type":"Feature","geometry":{"type":"Point","coordinates":[-70.75166899999999,46.792727]},"properties":{"name":"CHSLD DE SAINT-RAPHA\u00cbL","facility":"Nursing and residential care facilities","city":"saint-rapha\u00ebl","region":"qc","country":"CA","population":null,"tier":"major","source":"ODHF"}},{"type":"Feature","geometry":{"type":"Point","coordinates":[-63.77435838,46.41954933]},"properties":{"name":"Summerset Manor","facility":"Nursing and residential care facilities","city":"summerside","region":"pe","country":"CA","population":null,"tier":"major","source":"ODHF"}},{"type":"Feature","geometry":{"type":"Point","coordinates":[-73.710728,45.537934]},"properties":{"name":"FOYER DE GROUPE POUR LES JEUNES EN DIFFICULT\u00c9 D'ADAPTATION GOUIN","facility":"Nursing and residential care facilities","city":"montr\u00e9al","region":"qc","country":"CA","population":null,"tier":"major","source":"ODHF"}},{"type":"Feature","geometry":{"type":"Point","coordinates":[-73.633105,45.420026]},"properties":{"name":"FOYER DE GROUPE POUR LES JEUNES EN DIFFICULT\u00c9 D'ADAPTATION GODBOUT","facility":"Nursing and residential care facilities","city":"montr\u00e9al","region":"qc","country":"CA","population":null,"tier":"major","source":"ODHF"}},{"type":"Feature","geometry":{"type":"Point","coordinates":[-73.64631999999999,45.553197]},"properties":{"name":"CENTRE DE R\u00c9ADAPTATION POUR LES JEUNES EN DIFFICULT\u00c9 D'ADAPTATION DOMINIQUE-SAVIO","facility":"Nursing and residential care facilities","city":"montr\u00e9al","region":"qc","country":"CA","population":null,"tier":"major","source":"ODHF"}},{"type":"Feature","geometry":{"type":"Point","coordinates":[-71.86931899999999,46.17777]},"properties":{"name":"CENTRE D'H\u00c9BERGEMENT DE SAINT-EUS\u00c8BE","facility":"Nursing and residential care facilities","city":"princeville","region":"qc","country":"CA","population":null,"tier":"major","source":"ODHF"}},{"type":"Feature","geometry":{"type":"Point","coordinates":[-63.79535829,46.40494985]},"properties":{"name":"Wedgewood Manor","facility":"Nursing and residential care facilities","city":"summerside","region":"pe","country":"CA","population":null,"tier":"major","source":"ODHF"}},{"type":"Feature","geometry":{"type":"Point","coordinates":[-71.620473,46.370653999999995]},"properties":{"name":"CENTRE D'H\u00c9BERGEMENT DE LYSTER","facility":"Nursing and residential care facilities","city":"lyster","region":"qc","country":"CA","population":null,"tier":"major","source":"ODHF"}},{"type":"Feature","geometry":{"type":"Point","coordinates":[-67.532015,48.840928999999996]},"properties":{"name":"CENTRE D'H\u00c9BERGEMENT DE MATANE","facility":"Nursing and residential care facilities","city":"matane","region":"qc","country":"CA","population":null,"tier":"major","source":"ODHF"}},{"type":"Feature","geometry":{"type":"Point","coordinates":[-64.674041,48.349483]},"properties":{"name":"CENTRE D'H\u00c9BERGEMENT DU ROCHER-PERC\u00c9","facility":"Nursing and residential care facilities","city":"chandler","region":"qc","country":"CA","population":null,"tier":"major","source":"ODHF"}},{"type":"Feature","geometry":{"type":"Point","coordinates":[-73.453158,45.447262]},"properties":{"name":"CHSLD CHAMPLAIN","facility":"Nursing and residential care facilities","city":"brossard","region":"qc","country":"CA","population":null,"tier":"major","source":"ODHF"}},{"type":"Feature","geometry":{"type":"Point","coordinates":[-73.404036,45.496614]},"properties":{"name":"CHSLD HENRIETTE-C\u00c9R\u00c9","facility":"Nursing and residential care facilities","city":"longueuil","region":"qc","country":"CA","population":null,"tier":"major","source":"ODHF"}},{"type":"Feature","geometry":{"type":"Point","coordinates":[-71.90283000000001,45.408112]},"properties":{"name":"CHSLD SAINT-JOSEPH","facility":"Nursing and residential care facilities","city":"sherbrooke","region":"qc","country":"CA","population":null,"tier":"major","source":"ODHF"}},{"type":"Feature","geometry":{"type":"Point","coordinates":[-76.721926,45.853943]},"properties":{"name":"CENTRE D'H\u00c9BERGEMENT DE MANSFIELD-ET-PONTEFRACT","facility":"Nursing and residential care facilities","city":"mansfield-et-pontefract","region":"qc","country":"CA","population":null,"tier":"major","source":"ODHF"}},{"type":"Feature","geometry":{"type":"Point","coordinates":[-73.627223,45.487092]},"properties":{"name":"FOYER DE GROUPE DORNAL","facility":"Nursing and residential care facilities","city":"montr\u00e9al","region":"qc","country":"CA","population":null,"tier":"major","source":"ODHF"}},{"type":"Feature","geometry":{"type":"Point","coordinates":[-72.77628,47.440806]},"properties":{"name":"FOYER MAMO","facility":"Nursing and residential care facilities","city":"la tuque","region":"qc","country":"CA","population":null,"tier":"major","source":"ODHF"}},{"type":"Feature","geometry":{"type":"Point","coordinates":[-77.79876999999999,48.101797999999995]},"properties":{"name":"CHSLD DE VAL-D'OR","facility":"Nursing and residential care facilities","city":"val-d'or","region":"qc","country":"CA","population":null,"tier":"major","source":"ODHF"}},{"type":"Feature","geometry":{"type":"Point","coordinates":[-78.125264,48.575777]},"properties":{"name":"CHSLD D'AMOS","facility":"Nursing and residential care facilities","city":"amos","region":"qc","country":"CA","population":null,"tier":"major","source":"ODHF"}},{"type":"Feature","geometry":{"type":"Point","coordinates":[-73.658888,45.460208]},"properties":{"name":"MOUNTAIN VIEW SCHOOL 'PROJECT CENTER'","facility":"Nursing and residential care facilities","city":"c\u00f4te-saint-luc","region":"qc","country":"CA","population":null,"tier":"major","source":"ODHF"}},{"type":"Feature","geometry":{"type":"Point","coordinates":[-63.04555788,46.23818974]},"properties":{"name":"Provincial Addictions Facility","facility":"Nursing and residential care facilities","city":"mount herbert","region":"pe","country":"CA","population":null,"tier":"major","source":"ODHF"}},{"type":"Feature","geometry":{"type":"Point","coordinates":[-73.441335,46.018376]},"properties":{"name":"CENTRE DE R\u00c9ADAPTATION EN D\u00c9PENDANCE DE JOLIETTE","facility":"Nursing and residential care facilities","city":"joliette","region":"qc","country":"CA","population":null,"tier":"major","source":"ODHF"}},{"type":"Feature","geometry":{"type":"Point","coordinates":[-73.233063,45.307859]},"properties":{"name":"CHSLD CHAMPAGNAT","facility":"Nursing and residential care facilities","city":"saint-jean-sur-richelieu","region":"qc","country":"CA","population":null,"tier":"major","source":"ODHF"}},{"type":"Feature","geometry":{"type":"Point","coordinates":[-71.27425600000001,46.851371]},"properties":{"name":"CENTRE D'H\u00c9BERGEMENT DE CHARLESBOURG","facility":"Nursing and residential care facilities","city":"qu\u00e9bec","region":"qc","country":"CA","population":null,"tier":"major","source":"ODHF"}},{"type":"Feature","geometry":{"type":"Point","coordinates":[-71.281609,46.103675]},"properties":{"name":"CHSLD DENIS-MARCOTTE","facility":"Nursing and residential care facilities","city":"thetford mines","region":"qc","country":"CA","population":null,"tier":"major","source":"ODHF"}},{"type":"Feature","geometry":{"type":"Point","coordinates":[-73.648363,45.553915]},"properties":{"name":"CENTRE DE R\u00c9ADAPTATION EN D\u00c9PENDANCE LOUVAIN","facility":"Nursing and residential care facilities","city":"montr\u00e9al","region":"qc","country":"CA","population":null,"tier":"major","source":"ODHF"}},{"type":"Feature","geometry":{"type":"Point","coordinates":[-63.92925847,46.58067968]},"properties":{"name":"Stewart Memorial Home","facility":"Nursing and residential care facilities","city":"tyne valley","region":"pe","country":"CA","population":null,"tier":"major","source":"ODHF"}},{"type":"Feature","geometry":{"type":"Point","coordinates":[-73.572946,45.511939]},"properties":{"name":"CENTRE DE R\u00c9ADAPTATION EN D\u00c9PENDANCE SAINT-URBAIN","facility":"Nursing and residential care facilities","city":"montr\u00e9al","region":"qc","country":"CA","population":null,"tier":"major","source":"ODHF"}},{"type":"Feature","geometry":{"type":"Point","coordinates":[-73.573676,45.512357]},"properties":{"name":"CENTRE DE R\u00c9ADAPTATION EN D\u00c9PENDANCE PRINCE-ARTHUR","facility":"Nursing and residential care facilities","city":"montr\u00e9al","region":"qc","country":"CA","population":null,"tier":"major","source":"ODHF"}},{"type":"Feature","geometry":{"type":"Point","coordinates":[-71.074242,46.215942999999996]},"properties":{"name":"CHSLD MARC-ANDR\u00c9-JACQUES","facility":"Nursing and residential care facilities","city":"east broughton","region":"qc","country":"CA","population":null,"tier":"major","source":"ODHF"}},{"type":"Feature","geometry":{"type":"Point","coordinates":[-71.36164000000001,46.046479]},"properties":{"name":"CHSLD DU LAC-NOIR","facility":"Nursing and residential care facilities","city":"thetford mines","region":"qc","country":"CA","population":null,"tier":"major","source":"ODHF"}},{"type":"Feature","geometry":{"type":"Point","coordinates":[-73.778562,45.604219]},"properties":{"name":"FOYER DE GROUPE POUR LES JEUNES EN DIFFICULT\u00c9 D'ADAPTATION DES PATRIOTES","facility":"Nursing and residential care facilities","city":"laval","region":"qc","country":"CA","population":null,"tier":"major","source":"ODHF"}},{"type":"Feature","geometry":{"type":"Point","coordinates":[-73.867914,45.477903999999995]},"properties":{"name":"FOYER DE GROUPE POUR LES JEUNES EN DIFFICULT\u00c9 D'ADAPTATION DE PIERREFONDS","facility":"Nursing and residential care facilities","city":"montr\u00e9al","region":"qc","country":"CA","population":null,"tier":"major","source":"ODHF"}},{"type":"Feature","geometry":{"type":"Point","coordinates":[-71.206747,46.861243]},"properties":{"name":"CENTRE DE R\u00c9ADAPTATION POUR LES JEUNES EN DIFFICULT\u00c9 D'ADAPTATION DE BEAUPORT","facility":"Nursing and residential care facilities","city":"qu\u00e9bec","region":"qc","country":"CA","population":null,"tier":"major","source":"ODHF"}},{"type":"Feature","geometry":{"type":"Point","coordinates":[-71.355361,45.899025]},"properties":{"name":"CHSLD REN\u00c9-LAVOIE","facility":"Nursing and residential care facilities","city":"disraeli","region":"qc","country":"CA","population":null,"tier":"major","source":"ODHF"}},{"type":"Feature","geometry":{"type":"Point","coordinates":[-72.448111,48.652613]},"properties":{"name":"CENTRE D'H\u00c9BERGEMENT DE SAINT-F\u00c9LICIEN","facility":"Nursing and residential care facilities","city":"saint-f\u00e9licien","region":"qc","country":"CA","population":null,"tier":"major","source":"ODHF"}},{"type":"Feature","geometry":{"type":"Point","coordinates":[-74.00220300000001,45.764167]},"properties":{"name":"CENTRE D'H\u00c9BERGEMENT LUCIEN-G. ROLLAND","facility":"Nursing and residential care facilities","city":"saint-j\u00e9r\u00f4me","region":"qc","country":"CA","population":null,"tier":"major","source":"ODHF"}},{"type":"Feature","geometry":{"type":"Point","coordinates":[-72.964223,45.633513]},"properties":{"name":"RESIDENCE BOURG-JOLI","facility":"Nursing and residential care facilities","city":"saint-hyacinthe","region":"qc","country":"CA","population":null,"tier":"standard","source":"ODHF"}},{"type":"Feature","geometry":{"type":"Point","coordinates":[-70.145953,46.655807]},"properties":{"name":"CHSLD DE SAINT-FABIEN-DE-PANET","facility":"Nursing and residential care facilities","city":"saint-fabien-de-panet","region":"qc","country":"CA","population":null,"tier":"major","source":"ODHF"}},{"type":"Feature","geometry":{"type":"Point","coordinates":[-71.053002,48.425761]},"properties":{"name":"APPARTEMENT SUPERVIS\u00c9 POUR LES JEUNES EN DIFFICULT\u00c9 D'ADAPTATION DE CHICOUTIMI","facility":"Nursing and residential care facilities","city":"saguenay","region":"qc","country":"CA","population":null,"tier":"major","source":"ODHF"}},{"type":"Feature","geometry":{"type":"Point","coordinates":[-72.743036,45.207844]},"properties":{"name":"CHSLD DE COWANSVILLE","facility":"Nursing and residential care facilities","city":"cowansville","region":"qc","country":"CA","population":null,"tier":"major","source":"ODHF"}},{"type":"Feature","geometry":{"type":"Point","coordinates":[-72.971999,45.28767]},"properties":{"name":"CHSLD DE FARNHAM","facility":"Nursing and residential care facilities","city":"farnham","region":"qc","country":"CA","population":null,"tier":"major","source":"ODHF"}},{"type":"Feature","geometry":{"type":"Point","coordinates":[-72.618898,45.109915]},"properties":{"name":"CHSLD DE SUTTON","facility":"Nursing and residential care facilities","city":"sutton","region":"qc","country":"CA","population":null,"tier":"major","source":"ODHF"}},{"type":"Feature","geometry":{"type":"Point","coordinates":[-75.422804,45.580417]},"properties":{"name":"CENTRE D'H\u00c9BERGEMENT DE VALL\u00c9E-DE-LA-LI\u00c8VRE","facility":"Nursing and residential care facilities","city":"gatineau","region":"qc","country":"CA","population":null,"tier":"major","source":"ODHF"}},{"type":"Feature","geometry":{"type":"Point","coordinates":[-75.647406,45.481586]},"properties":{"name":"CENTRE D'H\u00c9BERGEMENT ERNEST-BRISSON","facility":"Nursing and residential care facilities","city":"gatineau","region":"qc","country":"CA","population":null,"tier":"major","source":"ODHF"}},{"type":"Feature","geometry":{"type":"Point","coordinates":[-73.386983,46.295479]},"properties":{"name":"CENTRE D'H\u00c9BERGEMENT DE SAINT-GABRIEL-DE-BRANDON","facility":"Nursing and residential care facilities","city":"saint-gabriel-de-brandon","region":"qc","country":"CA","population":null,"tier":"major","source":"ODHF"}},{"type":"Feature","geometry":{"type":"Point","coordinates":[-72.75256,46.540616]},"properties":{"name":"CENTRE D'H\u00c9BERGEMENT SAINT-MAURICE","facility":"Nursing and residential care facilities","city":"shawinigan","region":"qc","country":"CA","population":null,"tier":"major","source":"ODHF"}},{"type":"Feature","geometry":{"type":"Point","coordinates":[-73.916075,46.675709999999995]},"properties":{"name":"CENTRE D'H\u00c9BERGEMENT BRASSARD","facility":"Nursing and residential care facilities","city":"saint-michel-des-saints","region":"qc","country":"CA","population":null,"tier":"major","source":"ODHF"}},{"type":"Feature","geometry":{"type":"Point","coordinates":[-74.222045,46.321961]},"properties":{"name":"CENTRE D'H\u00c9BERGEMENT DE SAINT-DONAT","facility":"Nursing and residential care facilities","city":"saint-donat","region":"qc","country":"CA","population":null,"tier":"major","source":"ODHF"}},{"type":"Feature","geometry":{"type":"Point","coordinates":[-70.850923,48.309855]},"properties":{"name":"CENTRE D'H\u00c9BERGEMENT SAINT-JOSEPH","facility":"Nursing and residential care facilities","city":"saguenay","region":"qc","country":"CA","population":null,"tier":"major","source":"ODHF"}},{"type":"Feature","geometry":{"type":"Point","coordinates":[-70.879194,48.340752]},"properties":{"name":"CENTRE D'H\u00c9BERGEMENT DE BAGOTVILLE","facility":"Nursing and residential care facilities","city":"saguenay","region":"qc","country":"CA","population":null,"tier":"major","source":"ODHF"}},{"type":"Feature","geometry":{"type":"Point","coordinates":[-76.05025400000001,46.092216]},"properties":{"name":"CENTRE D'H\u00c9BERGEMENT DE GRACEFIELD","facility":"Nursing and residential care facilities","city":"gracefield","region":"qc","country":"CA","population":null,"tier":"major","source":"ODHF"}},{"type":"Feature","geometry":{"type":"Point","coordinates":[-66.682158,49.093099]},"properties":{"name":"CENTRE D'H\u00c9BERGEMENT DE CAP-CHAT","facility":"Nursing and residential care facilities","city":"cap-chat","region":"qc","country":"CA","population":null,"tier":"major","source":"ODHF"}},{"type":"Feature","geometry":{"type":"Point","coordinates":[-73.541995,45.576914]},"properties":{"name":"CHSLD \u00c9LORIA-LEPAGE","facility":"Nursing and residential care facilities","city":"montr\u00e9al","region":"qc","country":"CA","population":null,"tier":"major","source":"ODHF"}},{"type":"Feature","geometry":{"type":"Point","coordinates":[-73.62759399999999,45.477255]},"properties":{"name":"FOYER DE GROUPE COLTON","facility":"Nursing and residential care facilities","city":"montr\u00e9al","region":"qc","country":"CA","population":null,"tier":"major","source":"ODHF"}},{"type":"Feature","geometry":{"type":"Point","coordinates":[-75.979588,46.376684000000004]},"properties":{"name":"CENTRE D'H\u00c9BERGEMENT DE MANIWAKI","facility":"Nursing and residential care facilities","city":"maniwaki","region":"qc","country":"CA","population":null,"tier":"major","source":"ODHF"}},{"type":"Feature","geometry":{"type":"Point","coordinates":[-75.64050300000001,62.200095999999995]},"properties":{"name":"CENTRE DE READAPTATION SAPUMMIVIK","facility":"Nursing and residential care facilities","city":"salluit","region":"qc","country":"CA","population":null,"tier":"major","source":"ODHF"}},{"type":"Feature","geometry":{"type":"Point","coordinates":[-74.593804,46.117903999999996]},"properties":{"name":"CENTRE D'H\u00c9BERGEMENT DE MONT-TREMBLANT","facility":"Nursing and residential care facilities","city":"mont-tremblant","region":"qc","country":"CA","population":null,"tier":"major","source":"ODHF"}},{"type":"Feature","geometry":{"type":"Point","coordinates":[-66.365728,50.220348]},"properties":{"name":"CENTRE DE R\u00c9ADAPTATION POUR LES JEUNES EN DIFFICULT\u00c9 D'ADAPTATION DE SEPT-\u00ceLES","facility":"Nursing and residential care facilities","city":"sept-\u00eeles","region":"qc","country":"CA","population":null,"tier":"major","source":"ODHF"}},{"type":"Feature","geometry":{"type":"Point","coordinates":[-79.47047099999999,47.607068]},"properties":{"name":"LE CHSLD DES PREMIERES NATIONS DU TIMISKAMING","facility":"Nursing and residential care facilities","city":"notre-dame-du-nord","region":"qc","country":"CA","population":null,"tier":"major","source":"ODHF"}},{"type":"Feature","geometry":{"type":"Point","coordinates":[-73.585102,45.583728]},"properties":{"name":"CENTRE D'HEBERGEMENT VINCENZO-NAVARRO","facility":"Nursing and residential care facilities","city":"montr\u00e9al","region":"qc","country":"CA","population":null,"tier":"major","source":"ODHF"}},{"type":"Feature","geometry":{"type":"Point","coordinates":[-68.571889,48.434967]},"properties":{"name":"CENTRE D'H\u00c9BERGEMENT DE RIMOUSKI","facility":"Nursing and residential care facilities","city":"rimouski","region":"qc","country":"CA","population":null,"tier":"major","source":"ODHF"}},{"type":"Feature","geometry":{"type":"Point","coordinates":[-74.139788,45.266661]},"properties":{"name":"FOYER DE GROUPE POUR LES JEUNES EN DIFFICULT\u00c9 D'ADAPTATION LE COLIBRI","facility":"Nursing and residential care facilities","city":"salaberry-de-valleyfield","region":"qc","country":"CA","population":null,"tier":"major","source":"ODHF"}},{"type":"Feature","geometry":{"type":"Point","coordinates":[-73.439299,45.683871999999994]},"properties":{"name":"CENTRE D'H\u00c9BERGEMENT DE LAJEMMERAIS","facility":"Nursing and residential care facilities","city":"varennes","region":"qc","country":"CA","population":null,"tier":"major","source":"ODHF"}},{"type":"Feature","geometry":{"type":"Point","coordinates":[-73.452534,45.613506]},"properties":{"name":"CENTRE D'H\u00c9BERGEMENT JEANNE-CREVIER","facility":"Nursing and residential care facilities","city":"boucherville","region":"qc","country":"CA","population":null,"tier":"major","source":"ODHF"}},{"type":"Feature","geometry":{"type":"Point","coordinates":[-73.722551,45.619475]},"properties":{"name":"CENTRE D'HEBERGEMENT ET DE SOINS DE LONGUE DUREE VIGI L'ORCHIDEE BLANCHE","facility":"Nursing and residential care facilities","city":"laval","region":"qc","country":"CA","population":null,"tier":"major","source":"ODHF"}},{"type":"Feature","geometry":{"type":"Point","coordinates":[-73.54661,45.578453]},"properties":{"name":"H\u00d4PITAL GRACE DART","facility":"Nursing and residential care facilities","city":"montr\u00e9al","region":"qc","country":"CA","population":null,"tier":"major","source":"ODHF"}},{"type":"Feature","geometry":{"type":"Point","coordinates":[-73.843135,45.640169]},"properties":{"name":"CENTRE DE R\u00c9ADAPTATION EN D\u00c9PENDANCE DE TH\u00c9R\u00c8SE-DE BLAINVILLE","facility":"Nursing and residential care facilities","city":"sainte-th\u00e9r\u00e8se","region":"qc","country":"CA","population":null,"tier":"major","source":"ODHF"}},{"type":"Feature","geometry":{"type":"Point","coordinates":[-73.993904,45.790636]},"properties":{"name":"CENTRE D'HEBERGEMENT CHAMPLAIN-DE-LA-VILLA-SOLEIL","facility":"Nursing and residential care facilities","city":"saint-j\u00e9r\u00f4me","region":"qc","country":"CA","population":null,"tier":"major","source":"ODHF"}},{"type":"Feature","geometry":{"type":"Point","coordinates":[-73.474733,45.527673]},"properties":{"name":"FOYER DE GROUPE POUR LES JEUNES EN DIFFICULT\u00c9 D'ADAPTATION L'\u00c9QUIP\u00c9E","facility":"Nursing and residential care facilities","city":"longueuil","region":"qc","country":"CA","population":null,"tier":"major","source":"ODHF"}},{"type":"Feature","geometry":{"type":"Point","coordinates":[-75.63753299999999,45.500605]},"properties":{"name":"CENTRE D'HEBERGEMENT CHAMPLAIN-DE-GATINEAU","facility":"Nursing and residential care facilities","city":"gatineau","region":"qc","country":"CA","population":null,"tier":"major","source":"ODHF"}},{"type":"Feature","geometry":{"type":"Point","coordinates":[-75.69216999999999,45.494653]},"properties":{"name":"CENTRE D'HEBERGEMENT ET DE SOINS DE LONGUE DUREE VIGI DE L'OUTAOUAIS","facility":"Nursing and residential care facilities","city":"gatineau","region":"qc","country":"CA","population":null,"tier":"major","source":"ODHF"}},{"type":"Feature","geometry":{"type":"Point","coordinates":[-73.605736,45.745084999999996]},"properties":{"name":"CENTRE D'HEBERGEMENT ET DE SOINS DE LONGUE DUREE VIGI YVES-BLAIS","facility":"Nursing and residential care facilities","city":"mascouche","region":"qc","country":"CA","population":null,"tier":"major","source":"ODHF"}},{"type":"Feature","geometry":{"type":"Point","coordinates":[-72.68871800000001,46.287655]},"properties":{"name":"CENTRE DE R\u00c9ADAPTATION EN D\u00c9PENDANCE DE POINTE-DU-LAC","facility":"Nursing and residential care facilities","city":"trois-rivi\u00e8res","region":"qc","country":"CA","population":null,"tier":"major","source":"ODHF"}},{"type":"Feature","geometry":{"type":"Point","coordinates":[-73.436029,45.468921]},"properties":{"name":"CENTRE D'HEBERGEMENT ET DE SOINS DE LONGUE DUREE VIGI DE BROSSARD","facility":"Nursing and residential care facilities","city":"brossard","region":"qc","country":"CA","population":null,"tier":"major","source":"ODHF"}},{"type":"Feature","geometry":{"type":"Point","coordinates":[-74.000759,45.857]},"properties":{"name":"CENTRE DE R\u00c9ADAPTATION POUR LES JEUNES EN DIFFICULT\u00c9 D'ADAPTATION DE SAINTE-SOPHIE","facility":"Nursing and residential care facilities","city":"sainte-sophie","region":"qc","country":"CA","population":null,"tier":"major","source":"ODHF"}},{"type":"Feature","geometry":{"type":"Point","coordinates":[-71.0321,46.453778]},"properties":{"name":"FOYER DE GROUPE POUR LES JEUNES EN DIFFICULT\u00c9 D'ADAPTATION DE SAINTE-MARIE","facility":"Nursing and residential care facilities","city":"sainte-marie","region":"qc","country":"CA","population":null,"tier":"major","source":"ODHF"}},{"type":"Feature","geometry":{"type":"Point","coordinates":[-73.804737,45.523826]},"properties":{"name":"CENTRE D'H\u00c9BERGEMENT SAINTE-DOROTH\u00c9E","facility":"Nursing and residential care facilities","city":"laval","region":"qc","country":"CA","population":null,"tier":"major","source":"ODHF"}},{"type":"Feature","geometry":{"type":"Point","coordinates":[-79.444265,47.332937]},"properties":{"name":"SERVICES EXTERNES DE VILLE-MARIE","facility":"Nursing and residential care facilities","city":"ville-marie","region":"qc","country":"CA","population":null,"tier":"major","source":"ODHF"}},{"type":"Feature","geometry":{"type":"Point","coordinates":[-70.871103,45.573681]},"properties":{"name":"CHSLD DE LAC-M\u00c9GANTIC","facility":"Nursing and residential care facilities","city":"lac-m\u00e9gantic","region":"qc","country":"CA","population":null,"tier":"major","source":"ODHF"}},{"type":"Feature","geometry":{"type":"Point","coordinates":[-71.232809,46.814676]},"properties":{"name":"CENTRE D'H\u00c9BERGEMENT DE L'H\u00d4PITAL G\u00c9N\u00c9RAL DE QU\u00c9BEC","facility":"Nursing and residential care facilities","city":"notre-dame-des-anges","region":"qc","country":"CA","population":null,"tier":"major","source":"ODHF"}},{"type":"Feature","geometry":{"type":"Point","coordinates":[-71.232281,46.809902]},"properties":{"name":"CENTRE D'H\u00c9BERGEMENT NOTRE-DAME-DE-LOURDES","facility":"Nursing and residential care facilities","city":"qu\u00e9bec","region":"qc","country":"CA","population":null,"tier":"major","source":"ODHF"}},{"type":"Feature","geometry":{"type":"Point","coordinates":[-73.637075,45.581814]},"properties":{"name":"FOYER DE GROUPE POUR LES JEUNES EN DIFFICULT\u00c9 D'ADAPTATION SAINT-VITAL","facility":"Nursing and residential care facilities","city":"montr\u00e9al","region":"qc","country":"CA","population":null,"tier":"major","source":"ODHF"}},{"type":"Feature","geometry":{"type":"Point","coordinates":[-73.66159499999999,45.712758]},"properties":{"name":"CHSLD DE LA C\u00d4TE BOIS\u00c9E","facility":"Nursing and residential care facilities","city":"terrebonne","region":"qc","country":"CA","population":null,"tier":"major","source":"ODHF"}},{"type":"Feature","geometry":{"type":"Point","coordinates":[-63.15173785,46.27112963]},"properties":{"name":"Andrews of Charlottetown","facility":"Nursing and residential care facilities","city":"charlottetown","region":"pe","country":"CA","population":null,"tier":"major","source":"ODHF"}},{"type":"Feature","geometry":{"type":"Point","coordinates":[-71.237719,46.755313]},"properties":{"name":"CENTRE D'HEBERGEMENT CHAMPLAIN - CHANOINE-AUDET","facility":"Nursing and residential care facilities","city":"l\u00e9vis","region":"qc","country":"CA","population":null,"tier":"major","source":"ODHF"}},{"type":"Feature","geometry":{"type":"Point","coordinates":[-73.619043,45.630064000000004]},"properties":{"name":"CENTRE D'HEBERGEMENT DE LA MAREE","facility":"Nursing and residential care facilities","city":"montr\u00e9al","region":"qc","country":"CA","population":null,"tier":"major","source":"ODHF"}},{"type":"Feature","geometry":{"type":"Point","coordinates":[-73.601776,45.559382]},"properties":{"name":"CHSLD JOSEPH-FRAN\u00c7OIS-PERREAULT","facility":"Nursing and residential care facilities","city":"montr\u00e9al","region":"qc","country":"CA","population":null,"tier":"major","source":"ODHF"}},{"type":"Feature","geometry":{"type":"Point","coordinates":[-72.477064,45.879478999999996]},"properties":{"name":"CENTRE D'H\u00c9BERGEMENT MARGUERITE-D'YOUVILLE","facility":"Nursing and residential care facilities","city":"drummondville","region":"qc","country":"CA","population":null,"tier":"major","source":"ODHF"}},{"type":"Feature","geometry":{"type":"Point","coordinates":[-73.606059,45.474083]},"properties":{"name":"CENTRE D'HEBERGEMENT ET DE SOINS DE LONGUE DUREE VIGI REINE-ELIZABETH","facility":"Nursing and residential care facilities","city":"montr\u00e9al","region":"qc","country":"CA","population":null,"tier":"major","source":"ODHF"}},{"type":"Feature","geometry":{"type":"Point","coordinates":[-73.840661,45.640346]},"properties":{"name":"CENTRE D'H\u00c9BERGEMENT DRAPEAU-DESCHAMBAULT","facility":"Nursing and residential care facilities","city":"sainte-th\u00e9r\u00e8se","region":"qc","country":"CA","population":null,"tier":"major","source":"ODHF"}},{"type":"Feature","geometry":{"type":"Point","coordinates":[-72.732792,46.572990999999995]},"properties":{"name":"CENTRE D'HEBERGEMENT ET DE SOINS DE LONGUE DUREE VIGI LES CHUTES","facility":"Nursing and residential care facilities","city":"shawinigan","region":"qc","country":"CA","population":null,"tier":"major","source":"ODHF"}},{"type":"Feature","geometry":{"type":"Point","coordinates":[-73.69028399999999,45.541009]},"properties":{"name":"CHSLD SAINT-JOSEPH-DE-LA-PROVIDENCE","facility":"Nursing and residential care facilities","city":"montr\u00e9al","region":"qc","country":"CA","population":null,"tier":"major","source":"ODHF"}},{"type":"Feature","geometry":{"type":"Point","coordinates":[-72.722545,45.400964]},"properties":{"name":"CENTRE D'H\u00c9BERGEMENT VITTIE-DESJARDINS","facility":"Nursing and residential care facilities","city":"granby","region":"qc","country":"CA","population":null,"tier":"major","source":"ODHF"}},{"type":"Feature","geometry":{"type":"Point","coordinates":[-63.78651797,46.40117981]},"properties":{"name":"Andrews of Park Hill","facility":"Nursing and residential care facilities","city":"summerside","region":"pe","country":"CA","population":null,"tier":"major","source":"ODHF"}},{"type":"Feature","geometry":{"type":"Point","coordinates":[-72.72330500000001,45.401396000000005]},"properties":{"name":"CHSLD VILLA-BONHEUR","facility":"Nursing and residential care facilities","city":"granby","region":"qc","country":"CA","population":null,"tier":"major","source":"ODHF"}},{"type":"Feature","geometry":{"type":"Point","coordinates":[-72.506162,45.341136999999996]},"properties":{"name":"SANTE COURVILLE DE WATERLOO","facility":"Nursing and residential care facilities","city":"waterloo","region":"qc","country":"CA","population":null,"tier":"major","source":"ODHF"}},{"type":"Feature","geometry":{"type":"Point","coordinates":[-73.658302,45.460695]},"properties":{"name":"CENTRE D'HEBERGEMENT WALDORF","facility":"Nursing and residential care facilities","city":"c\u00f4te-saint-luc","region":"qc","country":"CA","population":null,"tier":"major","source":"ODHF"}},{"type":"Feature","geometry":{"type":"Point","coordinates":[-71.23772,46.755314]},"properties":{"name":"CENTRE DE SERVICES EXTERNES POUR LES A\u00ceN\u00c9S DE SAINT-ROMUALD","facility":"Nursing and residential care facilities","city":"l\u00e9vis","region":"qc","country":"CA","population":null,"tier":"major","source":"ODHF"}},{"type":"Feature","geometry":{"type":"Point","coordinates":[-71.881124,45.406186]},"properties":{"name":"CHSLD SAINT-VINCENT-DE-PAUL","facility":"Nursing and residential care facilities","city":"sherbrooke","region":"qc","country":"CA","population":null,"tier":"major","source":"ODHF"}},{"type":"Feature","geometry":{"type":"Point","coordinates":[-73.57294,45.512215999999995]},"properties":{"name":"CHSLD SAINT-GEORGES","facility":"Nursing and residential care facilities","city":"montr\u00e9al","region":"qc","country":"CA","population":null,"tier":"major","source":"ODHF"}},{"type":"Feature","geometry":{"type":"Point","coordinates":[-74.177525,45.082509]},"properties":{"name":"CENTRE D'H\u00c9BERGEMENT DU COMT\u00c9-DE-HUNTINGDON","facility":"Nursing and residential care facilities","city":"huntingdon","region":"qc","country":"CA","population":null,"tier":"major","source":"ODHF"}},{"type":"Feature","geometry":{"type":"Point","coordinates":[-73.870001,45.490637]},"properties":{"name":"CENTRE D'H\u00c9BERGEMENT DENIS-BENJAMIN-VIGER","facility":"Nursing and residential care facilities","city":"montr\u00e9al","region":"qc","country":"CA","population":null,"tier":"major","source":"ODHF"}},{"type":"Feature","geometry":{"type":"Point","coordinates":[-73.620614,45.416432]},"properties":{"name":"CENTRE D'H\u00c9BERGEMENT DE LASALLE","facility":"Nursing and residential care facilities","city":"montr\u00e9al","region":"qc","country":"CA","population":null,"tier":"major","source":"ODHF"}},{"type":"Feature","geometry":{"type":"Point","coordinates":[-73.566305,45.481951]},"properties":{"name":"CENTRE D'H\u00c9BERGEMENT LOUIS-RIEL","facility":"Nursing and residential care facilities","city":"montr\u00e9al","region":"qc","country":"CA","population":null,"tier":"major","source":"ODHF"}},{"type":"Feature","geometry":{"type":"Point","coordinates":[-73.603465,45.453839]},"properties":{"name":"CENTRE D'H\u00c9BERGEMENT YVON-BRUNET","facility":"Nursing and residential care facilities","city":"montr\u00e9al","region":"qc","country":"CA","population":null,"tier":"major","source":"ODHF"}},{"type":"Feature","geometry":{"type":"Point","coordinates":[-73.59397299999999,45.469662]},"properties":{"name":"CENTRE D'H\u00c9BERGEMENT DE SAINT-HENRI","facility":"Nursing and residential care facilities","city":"montr\u00e9al","region":"qc","country":"CA","population":null,"tier":"major","source":"ODHF"}},{"type":"Feature","geometry":{"type":"Point","coordinates":[-73.71717,45.531461]},"properties":{"name":"CHSLD DE CARTIERVILLE","facility":"Nursing and residential care facilities","city":"montr\u00e9al","region":"qc","country":"CA","population":null,"tier":"major","source":"ODHF"}},{"type":"Feature","geometry":{"type":"Point","coordinates":[-73.662337,45.568139]},"properties":{"name":"CHSLD LAURENDEAU","facility":"Nursing and residential care facilities","city":"montr\u00e9al","region":"qc","country":"CA","population":null,"tier":"major","source":"ODHF"}},{"type":"Feature","geometry":{"type":"Point","coordinates":[-73.55999,45.509309]},"properties":{"name":"CENTRE D'H\u00c9BERGEMENT PAUL-\u00c9MILE-L\u00c9GER","facility":"Nursing and residential care facilities","city":"montr\u00e9al","region":"qc","country":"CA","population":null,"tier":"major","source":"ODHF"}},{"type":"Feature","geometry":{"type":"Point","coordinates":[-73.548129,45.528382]},"properties":{"name":"CENTRE D'H\u00c9BERGEMENT \u00c9MILIE-GAMELIN","facility":"Nursing and residential care facilities","city":"montr\u00e9al","region":"qc","country":"CA","population":null,"tier":"major","source":"ODHF"}},{"type":"Feature","geometry":{"type":"Point","coordinates":[-73.61026600000001,45.561965]},"properties":{"name":"CHSLD DE SAINT-MICHEL","facility":"Nursing and residential care facilities","city":"montr\u00e9al","region":"qc","country":"CA","population":null,"tier":"major","source":"ODHF"}},{"type":"Feature","geometry":{"type":"Point","coordinates":[-73.550851,45.572941]},"properties":{"name":"CHSLD BENJAMIN-VICTOR-ROUSSELOT","facility":"Nursing and residential care facilities","city":"montr\u00e9al","region":"qc","country":"CA","population":null,"tier":"major","source":"ODHF"}},{"type":"Feature","geometry":{"type":"Point","coordinates":[-73.536452,45.59626]},"properties":{"name":"CHSLD JEAN-HUBERT-BIERMANS","facility":"Nursing and residential care facilities","city":"montr\u00e9al","region":"qc","country":"CA","population":null,"tier":"major","source":"ODHF"}},{"type":"Feature","geometry":{"type":"Point","coordinates":[-75.748486,45.445274]},"properties":{"name":"CENTRE D'H\u00c9BERGEMENT LIONEL-\u00c9MOND","facility":"Nursing and residential care facilities","city":"gatineau","region":"qc","country":"CA","population":null,"tier":"major","source":"ODHF"}},{"type":"Feature","geometry":{"type":"Point","coordinates":[-71.922211,45.397666]},"properties":{"name":"CENTRE DE R\u00c9ADAPTATION EN D\u00c9PENDANCE JEAN-PATRICE-CHIASSON","facility":"Nursing and residential care facilities","city":"sherbrooke","region":"qc","country":"CA","population":null,"tier":"major","source":"ODHF"}},{"type":"Feature","geometry":{"type":"Point","coordinates":[-71.861058,45.398131]},"properties":{"name":"FOYER DE GROUPE POUR LES JEUNES EN DIFFICULT\u00c9 D'ADAPTATION KELLY","facility":"Nursing and residential care facilities","city":"sherbrooke","region":"qc","country":"CA","population":null,"tier":"major","source":"ODHF"}},{"type":"Feature","geometry":{"type":"Point","coordinates":[-69.53784300000001,47.820861]},"properties":{"name":"CENTRE DE R\u00c9ADAPTATION POUR LES JEUNES EN DIFFICULT\u00c9 D'ADAPTATION DE RIVI\u00c8RE-DU-LOUP","facility":"Nursing and residential care facilities","city":"rivi\u00e8re-du-loup","region":"qc","country":"CA","population":null,"tier":"major","source":"ODHF"}},{"type":"Feature","geometry":{"type":"Point","coordinates":[-79.01664699999999,48.228681]},"properties":{"name":"CHSLD PIE-XII","facility":"Nursing and residential care facilities","city":"rouyn-noranda","region":"qc","country":"CA","population":null,"tier":"major","source":"ODHF"}},{"type":"Feature","geometry":{"type":"Point","coordinates":[-63.09466788,46.22789955]},"properties":{"name":"Andrews of Stratford","facility":"Nursing and residential care facilities","city":"stratford","region":"pe","country":"CA","population":null,"tier":"major","source":"ODHF"}},{"type":"Feature","geometry":{"type":"Point","coordinates":[-73.502611,45.538732]},"properties":{"name":"CENTRE D'H\u00c9BERGEMENT DU CHEVALIER-DE L\u00c9VIS","facility":"Nursing and residential care facilities","city":"longueuil","region":"qc","country":"CA","population":null,"tier":"major","source":"ODHF"}},{"type":"Feature","geometry":{"type":"Point","coordinates":[-73.15926,45.435221999999996]},"properties":{"name":"CHSLD SAINTE-CROIX","facility":"Nursing and residential care facilities","city":"marieville","region":"qc","country":"CA","population":null,"tier":"major","source":"ODHF"}},{"type":"Feature","geometry":{"type":"Point","coordinates":[-73.108815,46.046326]},"properties":{"name":"CENTRE D'H\u00c9BERGEMENT \u00c9LISABETH-LAFRANCE","facility":"Nursing and residential care facilities","city":"sorel-tracy","region":"qc","country":"CA","population":null,"tier":"major","source":"ODHF"}},{"type":"Feature","geometry":{"type":"Point","coordinates":[-74.13588399999999,45.254207]},"properties":{"name":"CHSLD DOCTEUR-AIM\u00c9-LEDUC","facility":"Nursing and residential care facilities","city":"salaberry-de-valleyfield","region":"qc","country":"CA","population":null,"tier":"major","source":"ODHF"}},{"type":"Feature","geometry":{"type":"Point","coordinates":[-72.565647,45.652999]},"properties":{"name":"CENTRE D'H\u00c9BERGEMENT D'ACTON VALE","facility":"Nursing and residential care facilities","city":"acton vale","region":"qc","country":"CA","population":null,"tier":"major","source":"ODHF"}},{"type":"Feature","geometry":{"type":"Point","coordinates":[-73.353875,46.014317999999996]},"properties":{"name":"CENTRE DE R\u00c9ADAPTATION POUR LES JEUNES EN DIFFICULT\u00c9 D'ADAPTATION DE SAINT-THOMAS","facility":"Nursing and residential care facilities","city":"saint-thomas","region":"qc","country":"CA","population":null,"tier":"major","source":"ODHF"}},{"type":"Feature","geometry":{"type":"Point","coordinates":[-63.7912485,46.41099958]},"properties":{"name":"Andrews of Summerside","facility":"Nursing and residential care facilities","city":"summerside","region":"pe","country":"CA","population":null,"tier":"major","source":"ODHF"}},{"type":"Feature","geometry":{"type":"Point","coordinates":[-71.99369899999999,45.571531]},"properties":{"name":"CENTRE DE JOUR LE BEL \u00c2GE","facility":"Nursing and residential care facilities","city":"windsor","region":"qc","country":"CA","population":null,"tier":"major","source":"ODHF"}},{"type":"Feature","geometry":{"type":"Point","coordinates":[-71.23881300000001,46.828598]},"properties":{"name":"CENTRE D'H\u00c9BERGEMENT D'ASSISE","facility":"Nursing and residential care facilities","city":"qu\u00e9bec","region":"qc","country":"CA","population":null,"tier":"major","source":"ODHF"}},{"type":"Feature","geometry":{"type":"Point","coordinates":[-73.465231,45.748717]},"properties":{"name":"CENTRE D'H\u00c9BERGEMENT DE REPENTIGNY","facility":"Nursing and residential care facilities","city":"repentigny","region":"qc","country":"CA","population":null,"tier":"major","source":"ODHF"}},{"type":"Feature","geometry":{"type":"Point","coordinates":[-73.75224,45.626758]},"properties":{"name":"CENTRE D'H\u00c9BERGEMENT DE LA VILLA-LES-TILLEULS","facility":"Nursing and residential care facilities","city":"laval","region":"qc","country":"CA","population":null,"tier":"major","source":"ODHF"}},{"type":"Feature","geometry":{"type":"Point","coordinates":[-71.229965,46.841109]},"properties":{"name":"CENTRE DE SERVICES EXTERNES POUR LES A\u00ceN\u00c9S DE VITR\u00c9","facility":"Nursing and residential care facilities","city":"qu\u00e9bec","region":"qc","country":"CA","population":null,"tier":"major","source":"ODHF"}},{"type":"Feature","geometry":{"type":"Point","coordinates":[-73.525837,45.603113]},"properties":{"name":"CENTRE DE CRISE \u00c9MILE-NELLIGAN","facility":"Nursing and residential care facilities","city":"montr\u00e9al","region":"qc","country":"CA","population":null,"tier":"major","source":"ODHF"}},{"type":"Feature","geometry":{"type":"Point","coordinates":[-73.874465,45.477990999999996]},"properties":{"name":"CH\u00c2TEAU SUR LE LAC","facility":"Nursing and residential care facilities","city":"montr\u00e9al","region":"qc","country":"CA","population":null,"tier":"major","source":"ODHF"}},{"type":"Feature","geometry":{"type":"Point","coordinates":[-71.320225,46.90507]},"properties":{"name":"CENTRE D'H\u00c9BERGEMENT CHAMPLAIN-DES-MONTAGNES","facility":"Nursing and residential care facilities","city":"qu\u00e9bec","region":"qc","country":"CA","population":null,"tier":"major","source":"ODHF"}},{"type":"Feature","geometry":{"type":"Point","coordinates":[-63.12256775,46.25968978]},"properties":{"name":"Bevan Lodge","facility":"Nursing and residential care facilities","city":"charlottetown","region":"pe","country":"CA","population":null,"tier":"major","source":"ODHF"}},{"type":"Feature","geometry":{"type":"Point","coordinates":[-73.62737,45.685602]},"properties":{"name":"CENTRE D'H\u00c9BERGEMENT CHAMPLAIN-DE-SAINT-FRAN\u00c7OIS","facility":"Nursing and residential care facilities","city":"laval","region":"qc","country":"CA","population":null,"tier":"major","source":"ODHF"}},{"type":"Feature","geometry":{"type":"Point","coordinates":[-73.610702,45.55142]},"properties":{"name":"FOYER DE GROUPE POUR LES JEUNES EN DIFFICULT\u00c9 D'ADAPTATION HARMONY","facility":"Nursing and residential care facilities","city":"montr\u00e9al","region":"qc","country":"CA","population":null,"tier":"major","source":"ODHF"}},{"type":"Feature","geometry":{"type":"Point","coordinates":[-63.257177600000006,46.22237958]},"properties":{"name":"Burnside Community Care","facility":"Nursing and residential care facilities","city":"clyde river","region":"pe","country":"CA","population":null,"tier":"major","source":"ODHF"}},{"type":"Feature","geometry":{"type":"Point","coordinates":[-75.639134,45.492729]},"properties":{"name":"CENTRE DE R\u00c9ADAPTATION EN D\u00c9PENDANCE SAINT-REN\u00c9","facility":"Nursing and residential care facilities","city":"gatineau","region":"qc","country":"CA","population":null,"tier":"major","source":"ODHF"}},{"type":"Feature","geometry":{"type":"Point","coordinates":[-64.79623634,46.09155355]},"properties":{"name":"Autumn Lee Retirement Home Ii","facility":"Nursing and residential care facilities","city":"moncton","region":"nb","country":"CA","population":null,"tier":"major","source":"ODHF"}},{"type":"Feature","geometry":{"type":"Point","coordinates":[-63.53524841,46.45561937]},"properties":{"name":"Clinton View Lodge","facility":"Nursing and residential care facilities","city":"clinton","region":"pe","country":"CA","population":null,"tier":"major","source":"ODHF"}},{"type":"Feature","geometry":{"type":"Point","coordinates":[-63.11583758,46.26140954]},"properties":{"name":"Corrigan Home","facility":"Nursing and residential care facilities","city":"charlottetown","region":"pe","country":"CA","population":null,"tier":"major","source":"ODHF"}},{"type":"Feature","geometry":{"type":"Point","coordinates":[-63.12938776,46.24237984]},"properties":{"name":"Geneva Villa","facility":"Nursing and residential care facilities","city":"charlottetown","region":"pe","country":"CA","population":null,"tier":"major","source":"ODHF"}},{"type":"Feature","geometry":{"type":"Point","coordinates":[-63.63312794,46.43505931]},"properties":{"name":"Kensington Community Care Facility","facility":"Nursing and residential care facilities","city":"kensington","region":"pe","country":"CA","population":null,"tier":"major","source":"ODHF"}},{"type":"Feature","geometry":{"type":"Point","coordinates":[-64.00419863,46.45579946]},"properties":{"name":"LA COOP\u00c3?\u00c6\u0092\u00c3\u0082\u00c2\u00a9RATIVE LE CHEZ-NOUS LT\u00c3?\u00c6\u0092\u00c3\u0082\u00c2\u00a9E","facility":"Nursing and residential care facilities","city":"wellington","region":"pe","country":"CA","population":null,"tier":"major","source":"ODHF"}},{"type":"Feature","geometry":{"type":"Point","coordinates":[-64.2275782,46.70649941]},"properties":{"name":"Lady Slipper Villa","facility":"Nursing and residential care facilities","city":"o'leary","region":"pe","country":"CA","population":null,"tier":"major","source":"ODHF"}},{"type":"Feature","geometry":{"type":"Point","coordinates":[-62.65730781,46.16896969]},"properties":{"name":"Mackinnon Pines Lodge","facility":"Nursing and residential care facilities","city":"montague","region":"pe","country":"CA","population":null,"tier":"major","source":"ODHF"}},{"type":"Feature","geometry":{"type":"Point","coordinates":[-62.64795815,46.16567985]},"properties":{"name":"Perrins Marina Villa","facility":"Nursing and residential care facilities","city":"montague","region":"pe","country":"CA","population":null,"tier":"major","source":"ODHF"}},{"type":"Feature","geometry":{"type":"Point","coordinates":[-64.79623634,46.09155355]},"properties":{"name":"Birchmount Lodge","facility":"Nursing and residential care facilities","city":"moncton","region":"nb","country":"CA","population":null,"tier":"major","source":"ODHF"}},{"type":"Feature","geometry":{"type":"Point","coordinates":[-63.34918845,46.35360948]},"properties":{"name":"Rosewood Residence","facility":"Nursing and residential care facilities","city":"hunter river","region":"pe","country":"CA","population":null,"tier":"standard","source":"ODHF"}},{"type":"Feature","geometry":{"type":"Point","coordinates":[-64.06331855,46.81476965]},"properties":{"name":"Rev Wj Phillips Residence","facility":"Nursing and residential care facilities","city":"alberton","region":"pe","country":"CA","population":null,"tier":"standard","source":"ODHF"}},{"type":"Feature","geometry":{"type":"Point","coordinates":[-63.86691809,46.43356974]},"properties":{"name":"Miscouche Villa","facility":"Nursing and residential care facilities","city":"miscouche","region":"pe","country":"CA","population":null,"tier":"major","source":"ODHF"}},{"type":"Feature","geometry":{"type":"Point","coordinates":[-62.88354762,46.09286929]},"properties":{"name":"Dr John Gillis Memorial Lodge","facility":"Nursing and residential care facilities","city":"eldon","region":"pe","country":"CA","population":null,"tier":"major","source":"ODHF"}},{"type":"Feature","geometry":{"type":"Point","coordinates":[-63.50505783,46.23730931]},"properties":{"name":"South Shore Villa","facility":"Nursing and residential care facilities","city":"crapaud","region":"pe","country":"CA","population":null,"tier":"major","source":"ODHF"}},{"type":"Feature","geometry":{"type":"Point","coordinates":[-64.79623634,46.09155355]},"properties":{"name":"Lefurgey Residence","facility":"Nursing and residential care facilities","city":"moncton","region":"nb","country":"CA","population":null,"tier":"standard","source":"ODHF"}},{"type":"Feature","geometry":{"type":"Point","coordinates":[-63.11915775,46.24646959]},"properties":{"name":"Tenderwood Lodge","facility":"Nursing and residential care facilities","city":"charlottetown","region":"pe","country":"CA","population":null,"tier":"major","source":"ODHF"}},{"type":"Feature","geometry":{"type":"Point","coordinates":[-63.59218812,46.45701984]},"properties":{"name":"the Mews","facility":"Nursing and residential care facilities","city":"margate","region":"pe","country":"CA","population":null,"tier":"major","source":"ODHF"}},{"type":"Feature","geometry":{"type":"Point","coordinates":[-63.13327837,46.25979971]},"properties":{"name":"the Mount Continuing Care Community","facility":"Nursing and residential care facilities","city":"charlottetown","region":"pe","country":"CA","population":null,"tier":"major","source":"ODHF"}},{"type":"Feature","geometry":{"type":"Point","coordinates":[-64.03091812,46.94899973]},"properties":{"name":"Tignish Seniors Home Care Cooperative","facility":"Nursing and residential care facilities","city":"tignish","region":"pe","country":"CA","population":null,"tier":"major","source":"ODHF"}},{"type":"Feature","geometry":{"type":"Point","coordinates":[-63.12397811,46.244119399999995]},"properties":{"name":"Valley House","facility":"Nursing and residential care facilities","city":"charlottetown","region":"pe","country":"CA","population":null,"tier":"major","source":"ODHF"}},{"type":"Feature","geometry":{"type":"Point","coordinates":[-63.31020785,46.45928973]},"properties":{"name":"Villa Marguerite","facility":"Nursing and residential care facilities","city":"north rustico","region":"pe","country":"CA","population":null,"tier":"major","source":"ODHF"}},{"type":"Feature","geometry":{"type":"Point","coordinates":[-63.11819835,46.26137973]},"properties":{"name":"Whisperwood Villa","facility":"Nursing and residential care facilities","city":"charlottetown","region":"pe","country":"CA","population":null,"tier":"major","source":"ODHF"}},{"type":"Feature","geometry":{"type":"Point","coordinates":[-62.24214781,46.35428964]},"properties":{"name":"Woodland Home","facility":"Nursing and residential care facilities","city":"souris","region":"pe","country":"CA","population":null,"tier":"major","source":"ODHF"}},{"type":"Feature","geometry":{"type":"Point","coordinates":[-64.79623634,46.09155355]},"properties":{"name":"Lj Jaillet Residence Inc.","facility":"Nursing and residential care facilities","city":"moncton","region":"nb","country":"CA","population":null,"tier":"standard","source":"ODHF"}},{"type":"Feature","geometry":{"type":"Point","coordinates":[-63.14947769,46.25064973]},"properties":{"name":"Garden Home","facility":"Nursing and residential care facilities","city":"charlottetown","region":"pe","country":"CA","population":null,"tier":"major","source":"ODHF"}},{"type":"Feature","geometry":{"type":"Point","coordinates":[-63.12913803,46.25678985]},"properties":{"name":"Pei Atlantic Baptist Home","facility":"Nursing and residential care facilities","city":"charlottetown","region":"pe","country":"CA","population":null,"tier":"major","source":"ODHF"}},{"type":"Feature","geometry":{"type":"Point","coordinates":[-62.65395799,46.16939956]},"properties":{"name":"6 Harmony Lane","facility":"Nursing and residential care facilities","city":"montague","region":"pe","country":"CA","population":null,"tier":"major","source":"ODHF"}},{"type":"Feature","geometry":{"type":"Point","coordinates":[-64.79623634,46.09155355]},"properties":{"name":"Maison Bonheur","facility":"Nursing and residential care facilities","city":"moncton","region":"nb","country":"CA","population":null,"tier":"major","source":"ODHF"}},{"type":"Feature","geometry":{"type":"Point","coordinates":[-63.15141805,46.27740963]},"properties":{"name":"165 John Yeo Drive","facility":"Nursing and residential care facilities","city":"charlottetown","region":"pe","country":"CA","population":null,"tier":"major","source":"ODHF"}},{"type":"Feature","geometry":{"type":"Point","coordinates":[-64.07200796,46.81171969]},"properties":{"name":"Maplewood Manor","facility":"Nursing and residential care facilities","city":"alberton","region":"pe","country":"CA","population":null,"tier":"major","source":"ODHF"}},{"type":"Feature","geometry":{"type":"Point","coordinates":[-64.79623634,46.09155355]},"properties":{"name":"Manoir Notre-Dame Manor","facility":"Nursing and residential care facilities","city":"moncton","region":"nb","country":"CA","population":null,"tier":"major","source":"ODHF"}},{"type":"Feature","geometry":{"type":"Point","coordinates":[-63.80975829,46.40202973]},"properties":{"name":"St Eleanors House","facility":"Nursing and residential care facilities","city":"summerside","region":"pe","country":"CA","population":null,"tier":"major","source":"ODHF"}},{"type":"Feature","geometry":{"type":"Point","coordinates":[-64.23812801,46.70626964]},"properties":{"name":"Margaret Stewart Ellis Home","facility":"Nursing and residential care facilities","city":"o'leary","region":"pe","country":"CA","population":null,"tier":"major","source":"ODHF"}},{"type":"Feature","geometry":{"type":"Point","coordinates":[-64.79623634,46.09155355]},"properties":{"name":"Open Arms Special Care Home","facility":"Nursing and residential care facilities","city":"moncton","region":"nb","country":"CA","population":null,"tier":"major","source":"ODHF"}},{"type":"Feature","geometry":{"type":"Point","coordinates":[-64.79623634,46.09155355]},"properties":{"name":"Residence Aventure","facility":"Nursing and residential care facilities","city":"moncton","region":"nb","country":"CA","population":null,"tier":"standard","source":"ODHF"}},{"type":"Feature","geometry":{"type":"Point","coordinates":[-73.593365,45.646259]},"properties":{"name":"FOYER DE GROUPE POUR LES JEUNES EN DIFFICULT\u00c9 D'ADAPTATION L\u00c9ON-RINGUET","facility":"Nursing and residential care facilities","city":"montr\u00e9al","region":"qc","country":"CA","population":null,"tier":"major","source":"ODHF"}},{"type":"Feature","geometry":{"type":"Point","coordinates":[-73.620857,45.609017]},"properties":{"name":"FOYER DE GROUPE POUR LES JEUNES EN DIFFICULT\u00c9 D'ADAPTATION JEAN-DARCET","facility":"Nursing and residential care facilities","city":"montr\u00e9al","region":"qc","country":"CA","population":null,"tier":"major","source":"ODHF"}},{"type":"Feature","geometry":{"type":"Point","coordinates":[-73.570989,45.367063]},"properties":{"name":"CENTRE D'H\u00c9BERGEMENT CHAMPLAIN - JEAN-LOUIS-LAPIERRE","facility":"Nursing and residential care facilities","city":"saint-constant","region":"qc","country":"CA","population":null,"tier":"major","source":"ODHF"}},{"type":"Feature","geometry":{"type":"Point","coordinates":[-73.576677,45.484724]},"properties":{"name":"CENTRE D'ACCUEIL LE PROGRAMME DE PORTAGE","facility":"Nursing and residential care facilities","city":"montr\u00e9al","region":"qc","country":"CA","population":null,"tier":"major","source":"ODHF"}},{"type":"Feature","geometry":{"type":"Point","coordinates":[-74.014337,45.880879]},"properties":{"name":"CENTRE D'ACCUEIL LE PROGRAMME DE PORTAGE","facility":"Nursing and residential care facilities","city":"pr\u00e9vost","region":"qc","country":"CA","population":null,"tier":"major","source":"ODHF"}},{"type":"Feature","geometry":{"type":"Point","coordinates":[-71.174476,46.803813]},"properties":{"name":"FOYER DE GROUPE POUR LES JEUNES EN DIFFICULT\u00c9 D'ADAPTATION VINCENT-CHAGNON","facility":"Nursing and residential care facilities","city":"l\u00e9vis","region":"qc","country":"CA","population":null,"tier":"major","source":"ODHF"}},{"type":"Feature","geometry":{"type":"Point","coordinates":[-64.79623634,46.09155355]},"properties":{"name":"Residence Collette Residence Inc.","facility":"Nursing and residential care facilities","city":"moncton","region":"nb","country":"CA","population":null,"tier":"standard","source":"ODHF"}},{"type":"Feature","geometry":{"type":"Point","coordinates":[-73.181925,46.071219]},"properties":{"name":"CENTRE D'H\u00c9BERGEMENT CHAMPLAIN-DU-CH\u00c2TEAU","facility":"Nursing and residential care facilities","city":"berthierville","region":"qc","country":"CA","population":null,"tier":"major","source":"ODHF"}},{"type":"Feature","geometry":{"type":"Point","coordinates":[-73.63068,45.507126]},"properties":{"name":"CENTRE D'H\u00c9BERGEMENT FATHER-DOWD","facility":"Nursing and residential care facilities","city":"montr\u00e9al","region":"qc","country":"CA","population":null,"tier":"major","source":"ODHF"}},{"type":"Feature","geometry":{"type":"Point","coordinates":[-71.254874,46.833596]},"properties":{"name":"FOYER DE GROUPE POUR LES JEUNES EN DIFFICULT\u00c9 D'ADAPTATION DE LIMOILOU","facility":"Nursing and residential care facilities","city":"qu\u00e9bec","region":"qc","country":"CA","population":null,"tier":"major","source":"ODHF"}},{"type":"Feature","geometry":{"type":"Point","coordinates":[-71.231077,46.845096000000005]},"properties":{"name":"FOYER DE GROUPE POUR LES JEUNES EN DIFFICULT\u00c9 D'ADAPTATION PIERRE-BOUCHER","facility":"Nursing and residential care facilities","city":"qu\u00e9bec","region":"qc","country":"CA","population":null,"tier":"major","source":"ODHF"}},{"type":"Feature","geometry":{"type":"Point","coordinates":[-73.589629,45.481971]},"properties":{"name":"CENTRE D'H\u00c9BERGEMENT SAINT-MARGARET","facility":"Nursing and residential care facilities","city":"westmount","region":"qc","country":"CA","population":null,"tier":"major","source":"ODHF"}},{"type":"Feature","geometry":{"type":"Point","coordinates":[-64.79623634,46.09155355]},"properties":{"name":"Smith Special Care Home Ltd","facility":"Nursing and residential care facilities","city":"moncton","region":"nb","country":"CA","population":null,"tier":"major","source":"ODHF"}},{"type":"Feature","geometry":{"type":"Point","coordinates":[-64.79623634,46.09155355]},"properties":{"name":"Sunset Village","facility":"Nursing and residential care facilities","city":"moncton","region":"nb","country":"CA","population":null,"tier":"major","source":"ODHF"}},{"type":"Feature","geometry":{"type":"Point","coordinates":[-71.860726,45.449356]},"properties":{"name":"CENTRE D'H\u00c9BERGEMENT ET DE SOINS DE LONGUE DUR\u00c9E VIGI SHERMONT","facility":"Nursing and residential care facilities","city":"sherbrooke","region":"qc","country":"CA","population":null,"tier":"major","source":"ODHF"}},{"type":"Feature","geometry":{"type":"Point","coordinates":[-78.123745,48.574601]},"properties":{"name":"CENTRE DE R\u00c9ADAPTATION EN D\u00c9PENDANCE D'AMOS","facility":"Nursing and residential care facilities","city":"amos","region":"qc","country":"CA","population":null,"tier":"major","source":"ODHF"}},{"type":"Feature","geometry":{"type":"Point","coordinates":[-73.85889499999999,45.56219]},"properties":{"name":"CENTRE D'H\u00c9BERGEMENT DE LA RIVE","facility":"Nursing and residential care facilities","city":"laval","region":"qc","country":"CA","population":null,"tier":"major","source":"ODHF"}},{"type":"Feature","geometry":{"type":"Point","coordinates":[-71.781658,46.22664]},"properties":{"name":"CENTRE D'ACTIVIT\u00c9 DE JOUR EN D\u00c9FICIENCE INTELLECTUELLE ET EN TROUBLES DU SPECTRE DE L'AUTISME DE LA GARE","facility":"Nursing and residential care facilities","city":"plessisville","region":"qc","country":"CA","population":null,"tier":"major","source":"ODHF"}},{"type":"Feature","geometry":{"type":"Point","coordinates":[-73.679924,45.517002000000005]},"properties":{"name":"CHSLD DE SAINT-LAURENT","facility":"Nursing and residential care facilities","city":"montr\u00e9al","region":"qc","country":"CA","population":null,"tier":"major","source":"ODHF"}},{"type":"Feature","geometry":{"type":"Point","coordinates":[-73.914874,45.542258000000004]},"properties":{"name":"CENTRE D'H\u00c9BERGEMENT ET DE SOINS DE LONGUE DUR\u00c9E VIGI DE DEUX-MONTAGNES","facility":"Nursing and residential care facilities","city":"deux-montagnes","region":"qc","country":"CA","population":null,"tier":"major","source":"ODHF"}},{"type":"Feature","geometry":{"type":"Point","coordinates":[-69.02429599999999,47.89567]},"properties":{"name":"CENTRE D'H\u00c9BERGEMENT DE SAINT-CYPRIEN","facility":"Nursing and residential care facilities","city":"saint-cyprien","region":"qc","country":"CA","population":null,"tier":"major","source":"ODHF"}},{"type":"Feature","geometry":{"type":"Point","coordinates":[-64.79623634,46.09155355]},"properties":{"name":"Residence Mcdougall","facility":"Nursing and residential care facilities","city":"moncton","region":"nb","country":"CA","population":null,"tier":"standard","source":"ODHF"}},{"type":"Feature","geometry":{"type":"Point","coordinates":[-71.261128,46.788034]},"properties":{"name":"CENTRE D'H\u00c9BERGEMENT ET DE SOINS DE LONGUE DUR\u00c9E C\u00d4T\u00c9-JARDIN","facility":"Nursing and residential care facilities","city":"qu\u00e9bec","region":"qc","country":"CA","population":null,"tier":"major","source":"ODHF"}},{"type":"Feature","geometry":{"type":"Point","coordinates":[-71.27868199999999,46.107984]},"properties":{"name":"CHSLD SAINT-ALEXANDRE","facility":"Nursing and residential care facilities","city":"thetford mines","region":"qc","country":"CA","population":null,"tier":"major","source":"ODHF"}},{"type":"Feature","geometry":{"type":"Point","coordinates":[-72.228533,48.500432]},"properties":{"name":"FOYER DE GROUPE POUR LES JEUNES EN DIFFICULT\u00c9 D'ADAPTATION DE ROBERVAL","facility":"Nursing and residential care facilities","city":"roberval","region":"qc","country":"CA","population":null,"tier":"major","source":"ODHF"}},{"type":"Feature","geometry":{"type":"Point","coordinates":[-73.600633,45.450313]},"properties":{"name":"CENTRE DE JOUR POUR LES JEUNES EN DIFFICULT\u00c9 D'ADAPTATION JOGUES","facility":"Nursing and residential care facilities","city":"montr\u00e9al","region":"qc","country":"CA","population":null,"tier":"major","source":"ODHF"}},{"type":"Feature","geometry":{"type":"Point","coordinates":[-73.555513,45.530907]},"properties":{"name":"CENTRE DE JOUR POUR LES JEUNES EN DIFFICULT\u00c9 D'ADAPTATION FULLUM","facility":"Nursing and residential care facilities","city":"montr\u00e9al","region":"qc","country":"CA","population":null,"tier":"major","source":"ODHF"}},{"type":"Feature","geometry":{"type":"Point","coordinates":[-64.79623634,46.09155355]},"properties":{"name":"Brae Manor","facility":"Nursing and residential care facilities","city":"moncton","region":"nb","country":"CA","population":null,"tier":"major","source":"ODHF"}},{"type":"Feature","geometry":{"type":"Point","coordinates":[-73.670063,45.555377]},"properties":{"name":"CENTRE DE JOUR POUR LES JEUNES EN DIFFICULT\u00c9 D'ADAPTATION LAJEUNESSE","facility":"Nursing and residential care facilities","city":"montr\u00e9al","region":"qc","country":"CA","population":null,"tier":"major","source":"ODHF"}},{"type":"Feature","geometry":{"type":"Point","coordinates":[-70.64988000000001,46.097389]},"properties":{"name":"CENTRE D'H\u00c9BERGEMENT CHAMPLAIN-DE-L'ASSOMPTION","facility":"Nursing and residential care facilities","city":"saint-georges","region":"qc","country":"CA","population":null,"tier":"major","source":"ODHF"}},{"type":"Feature","geometry":{"type":"Point","coordinates":[-72.17380899999999,45.675424]},"properties":{"name":"CENTRE D'H\u00c9BERGEMENT ET DE SOINS DE LONGUE DUR\u00c9E WALES","facility":"Nursing and residential care facilities","city":"cleveland","region":"qc","country":"CA","population":null,"tier":"major","source":"ODHF"}},{"type":"Feature","geometry":{"type":"Point","coordinates":[-70.709686,46.493319]},"properties":{"name":"CENTRE D'ACCUEIL LE PROGRAMME DE PORTAGE","facility":"Nursing and residential care facilities","city":"saint-malachie","region":"qc","country":"CA","population":null,"tier":"major","source":"ODHF"}},{"type":"Feature","geometry":{"type":"Point","coordinates":[-71.22363299999999,46.836361]},"properties":{"name":"CENTRE D'H\u00c9BERGEMENT DE LIMOILOU","facility":"Nursing and residential care facilities","city":"qu\u00e9bec","region":"qc","country":"CA","population":null,"tier":"major","source":"ODHF"}},{"type":"Feature","geometry":{"type":"Point","coordinates":[-73.797655,45.507102]},"properties":{"name":"FOYER DE GROUPE ROXBORO","facility":"Nursing and residential care facilities","city":"montr\u00e9al","region":"qc","country":"CA","population":null,"tier":"major","source":"ODHF"}},{"type":"Feature","geometry":{"type":"Point","coordinates":[-64.79623634,46.09155355]},"properties":{"name":"the Briarlea","facility":"Nursing and residential care facilities","city":"moncton","region":"nb","country":"CA","population":null,"tier":"major","source":"ODHF"}},{"type":"Feature","geometry":{"type":"Point","coordinates":[-74.871476,46.414752]},"properties":{"name":"CASIS RIVI\u00c8RE-ROUGE","facility":"Nursing and residential care facilities","city":"rivi\u00e8re-rouge","region":"qc","country":"CA","population":null,"tier":"major","source":"ODHF"}},{"type":"Feature","geometry":{"type":"Point","coordinates":[-70.336635,47.084632]},"properties":{"name":"CHSLD DE SAINT-EUG\u00c8NE","facility":"Nursing and residential care facilities","city":"l'islet","region":"qc","country":"CA","population":null,"tier":"major","source":"ODHF"}},{"type":"Feature","geometry":{"type":"Point","coordinates":[-64.79623634,46.09155355]},"properties":{"name":"Carey House (the)","facility":"Nursing and residential care facilities","city":"moncton","region":"nb","country":"CA","population":null,"tier":"major","source":"ODHF"}},{"type":"Feature","geometry":{"type":"Point","coordinates":[-73.495839,45.523406]},"properties":{"name":"CENTRE DE R\u00c9ADAPTATION EN D\u00c9PENDANCE DE LONGUEUIL","facility":"Nursing and residential care facilities","city":"longueuil","region":"qc","country":"CA","population":null,"tier":"major","source":"ODHF"}},{"type":"Feature","geometry":{"type":"Point","coordinates":[-73.26764,45.337344]},"properties":{"name":"CENTRE DE R\u00c9ADAPTATION EN D\u00c9PENDANCE DE SAINT-JEAN-SUR-RICHELIEU","facility":"Nursing and residential care facilities","city":"saint-jean-sur-richelieu","region":"qc","country":"CA","population":null,"tier":"major","source":"ODHF"}},{"type":"Feature","geometry":{"type":"Point","coordinates":[-73.08991,46.045181]},"properties":{"name":"CENTRE DE R\u00c9ADAPTATION EN D\u00c9PENDANCE DE SOREL-TRACY","facility":"Nursing and residential care facilities","city":"sorel-tracy","region":"qc","country":"CA","population":null,"tier":"major","source":"ODHF"}},{"type":"Feature","geometry":{"type":"Point","coordinates":[-72.965905,45.634166]},"properties":{"name":"CENTRE DE R\u00c9ADAPTATION EN D\u00c9PENDANCE DE SAINT-HYACINTHE","facility":"Nursing and residential care facilities","city":"saint-hyacinthe","region":"qc","country":"CA","population":null,"tier":"major","source":"ODHF"}},{"type":"Feature","geometry":{"type":"Point","coordinates":[-73.516692,45.390813]},"properties":{"name":"CENTRE DE R\u00c9ADAPTATION EN D\u00c9PENDANCE DE CANDIAC","facility":"Nursing and residential care facilities","city":"candiac","region":"qc","country":"CA","population":null,"tier":"major","source":"ODHF"}},{"type":"Feature","geometry":{"type":"Point","coordinates":[-69.92590600000001,47.059893]},"properties":{"name":"CHSLD DE SAINTE-PERP\u00c9TUE","facility":"Nursing and residential care facilities","city":"sainte-perp\u00e9tue","region":"qc","country":"CA","population":null,"tier":"major","source":"ODHF"}},{"type":"Feature","geometry":{"type":"Point","coordinates":[-73.649736,45.586495]},"properties":{"name":"CHSLD VIGI MARIE-CLARET","facility":"Nursing and residential care facilities","city":"montr\u00e9al","region":"qc","country":"CA","population":null,"tier":"major","source":"ODHF"}},{"type":"Feature","geometry":{"type":"Point","coordinates":[-73.315253,45.515285999999996]},"properties":{"name":"FOYER DE GROUPE POUR LES JEUNES EN DIFFICULT\u00c9\u00a0D'ADAPTATION L'EXPLORATEUR","facility":"Nursing and residential care facilities","city":"saint-basile-le-grand","region":"qc","country":"CA","population":null,"tier":"major","source":"ODHF"}},{"type":"Feature","geometry":{"type":"Point","coordinates":[-64.79623634,46.09155355]},"properties":{"name":"Trueman House","facility":"Nursing and residential care facilities","city":"moncton","region":"nb","country":"CA","population":null,"tier":"major","source":"ODHF"}},{"type":"Feature","geometry":{"type":"Point","coordinates":[-73.200716,45.591116]},"properties":{"name":"CENTRE D'H\u00c9BERGEMENT CHAMPLAIN-DES-POMMETIERS","facility":"Nursing and residential care facilities","city":"beloeil","region":"qc","country":"CA","population":null,"tier":"major","source":"ODHF"}},{"type":"Feature","geometry":{"type":"Point","coordinates":[-74.036705,45.289358]},"properties":{"name":"LA MAISON DES A\u00ceN\u00c9(E)S","facility":"Nursing and residential care facilities","city":"salaberry-de-valleyfield","region":"qc","country":"CA","population":null,"tier":"major","source":"ODHF"}},{"type":"Feature","geometry":{"type":"Point","coordinates":[-64.79623634,46.09155355]},"properties":{"name":"Sunshine House","facility":"Nursing and residential care facilities","city":"moncton","region":"nb","country":"CA","population":null,"tier":"major","source":"ODHF"}},{"type":"Feature","geometry":{"type":"Point","coordinates":[-77.381199,48.075482]},"properties":{"name":"FOYER DE GROUPE POUR LES JEUNES EN DIFFICULT\u00c9 D'ADAPTATION DE LOUVICOURT","facility":"Nursing and residential care facilities","city":"val-d'or","region":"qc","country":"CA","population":null,"tier":"major","source":"ODHF"}},{"type":"Feature","geometry":{"type":"Point","coordinates":[-79.021067,48.225325]},"properties":{"name":"CENTRE DE R\u00c9ADAPTATION POUR LES JEUNES EN DIFFICULT\u00c9 D'ADAPTATION DE ROUYN-NORANDA","facility":"Nursing and residential care facilities","city":"rouyn-noranda","region":"qc","country":"CA","population":null,"tier":"major","source":"ODHF"}},{"type":"Feature","geometry":{"type":"Point","coordinates":[-72.391857,45.049591]},"properties":{"name":"CENTRE DE SERVICES EXTERNES POUR LES A\u00ceN\u00c9S DE POTTON","facility":"Nursing and residential care facilities","city":"potton","region":"qc","country":"CA","population":null,"tier":"major","source":"ODHF"}},{"type":"Feature","geometry":{"type":"Point","coordinates":[-64.79623634,46.09155355]},"properties":{"name":"Residence Helene Residence Inc","facility":"Nursing and residential care facilities","city":"moncton","region":"nb","country":"CA","population":null,"tier":"standard","source":"ODHF"}},{"type":"Feature","geometry":{"type":"Point","coordinates":[-71.880718,45.398027]},"properties":{"name":"CENTRE D'H\u00c9BERGEMENT CHAMPLAIN-DE-LA-ROSE-BLANCHE","facility":"Nursing and residential care facilities","city":"sherbrooke","region":"qc","country":"CA","population":null,"tier":"major","source":"ODHF"}},{"type":"Feature","geometry":{"type":"Point","coordinates":[-71.2416,46.795013]},"properties":{"name":"CHSLD DOMAINE SAINT-DOMINIQUE S.E.C.","facility":"Nursing and residential care facilities","city":"qu\u00e9bec","region":"qc","country":"CA","population":null,"tier":"major","source":"ODHF"}},{"type":"Feature","geometry":{"type":"Point","coordinates":[-73.621557,45.611823]},"properties":{"name":"FOYER DE GROUPE POUR LES JEUNES EN DIFFICULT\u00c9 D'ADAPTATION DROLET","facility":"Nursing and residential care facilities","city":"montr\u00e9al","region":"qc","country":"CA","population":null,"tier":"major","source":"ODHF"}},{"type":"Feature","geometry":{"type":"Point","coordinates":[-73.619324,45.610233]},"properties":{"name":"FOYER DE GROUPE POUR LES JEUNES EN DIFFICULT\u00c9 D'ADAPTATION D\u00c9SY","facility":"Nursing and residential care facilities","city":"montr\u00e9al","region":"qc","country":"CA","population":null,"tier":"major","source":"ODHF"}},{"type":"Feature","geometry":{"type":"Point","coordinates":[-73.653288,45.583368]},"properties":{"name":"FOYER DE GROUPE POUR LES JEUNES EN DIFFICULT\u00c9 D'ADAPTATION MONTPETIT","facility":"Nursing and residential care facilities","city":"montr\u00e9al","region":"qc","country":"CA","population":null,"tier":"major","source":"ODHF"}},{"type":"Feature","geometry":{"type":"Point","coordinates":[-73.50174200000001,45.510425]},"properties":{"name":"CENTRE D'H\u00c9BERGEMENT ET DE SOINS DE LONGUE DUR\u00c9E DE SAINT-LAMBERT-SUR-LE-GOLF","facility":"Nursing and residential care facilities","city":"saint-lambert","region":"qc","country":"CA","population":null,"tier":"major","source":"ODHF"}},{"type":"Feature","geometry":{"type":"Point","coordinates":[-64.79623634,46.09155355]},"properties":{"name":"Grass Home Ltd.","facility":"Nursing and residential care facilities","city":"riverview","region":"nb","country":"CA","population":null,"tier":"major","source":"ODHF"}},{"type":"Feature","geometry":{"type":"Point","coordinates":[-78.128936,48.141856]},"properties":{"name":"CHSLD DE MALARTIC","facility":"Nursing and residential care facilities","city":"malartic","region":"qc","country":"CA","population":null,"tier":"major","source":"ODHF"}},{"type":"Feature","geometry":{"type":"Point","coordinates":[-74.001611,45.776777]},"properties":{"name":"CENTRE ANDR\u00c9-BOUDREAU","facility":"Nursing and residential care facilities","city":"saint-j\u00e9r\u00f4me","region":"qc","country":"CA","population":null,"tier":"major","source":"ODHF"}},{"type":"Feature","geometry":{"type":"Point","coordinates":[-73.628771,45.463042]},"properties":{"name":"CENTRE D'H\u00c9BERGEMENT SAINT-ANDREW","facility":"Nursing and residential care facilities","city":"montr\u00e9al","region":"qc","country":"CA","population":null,"tier":"major","source":"ODHF"}},{"type":"Feature","geometry":{"type":"Point","coordinates":[-64.79623634,46.09155355]},"properties":{"name":"ALOUETTE SPECIAL CARE HOME/FOYER DE SOINS SPECIAUX","facility":"Nursing and residential care facilities","city":"dieppe","region":"nb","country":"CA","population":null,"tier":"major","source":"ODHF"}},{"type":"Feature","geometry":{"type":"Point","coordinates":[-68.511498,48.440344]},"properties":{"name":"CENTRE DE R\u00c9ADAPTATION POUR LES JEUNES EN DIFFICULT\u00c9 D'ADAPTATION ARTHUR-BUIES","facility":"Nursing and residential care facilities","city":"rimouski","region":"qc","country":"CA","population":null,"tier":"major","source":"ODHF"}},{"type":"Feature","geometry":{"type":"Point","coordinates":[-71.0395,48.423101]},"properties":{"name":"CENTRE D'H\u00c9BERGEMENT ST-FRAN\u00c7OIS","facility":"Nursing and residential care facilities","city":"saguenay","region":"qc","country":"CA","population":null,"tier":"major","source":"ODHF"}},{"type":"Feature","geometry":{"type":"Point","coordinates":[-71.221108,46.847214]},"properties":{"name":"CENTRE D'H\u00c9BERGEMENT ROY-ROUSSEAU","facility":"Nursing and residential care facilities","city":"qu\u00e9bec","region":"qc","country":"CA","population":null,"tier":"major","source":"ODHF"}},{"type":"Feature","geometry":{"type":"Point","coordinates":[-64.79623634,46.09155355]},"properties":{"name":"AUBERGE DU SOLEIL","facility":"Nursing and residential care facilities","city":"dieppe","region":"nb","country":"CA","population":null,"tier":"major","source":"ODHF"}},{"type":"Feature","geometry":{"type":"Point","coordinates":[-71.905312,45.405535]},"properties":{"name":"CENTRE DE R\u00c9ADAPTATION POUR LES M\u00c8RES ET LEURS ENFANTS VILLA MARIE-CLAIRE","facility":"Nursing and residential care facilities","city":"sherbrooke","region":"qc","country":"CA","population":null,"tier":"major","source":"ODHF"}},{"type":"Feature","geometry":{"type":"Point","coordinates":[-71.69036899999999,46.746371]},"properties":{"name":"CENTRE D'H\u00c9BERGEMENT DE PONT-ROUGE","facility":"Nursing and residential care facilities","city":"pont-rouge","region":"qc","country":"CA","population":null,"tier":"major","source":"ODHF"}},{"type":"Feature","geometry":{"type":"Point","coordinates":[-73.477623,45.354185]},"properties":{"name":"CENTRE DE R\u00c9ADAPTATION EN D\u00c9PENDANCE DE SAINT-PHILIPPE","facility":"Nursing and residential care facilities","city":"saint-philippe","region":"qc","country":"CA","population":null,"tier":"major","source":"ODHF"}},{"type":"Feature","geometry":{"type":"Point","coordinates":[-64.79623634,46.09155355]},"properties":{"name":"Daly's Home Care Inc","facility":"Nursing and residential care facilities","city":"riverview","region":"nb","country":"CA","population":null,"tier":"major","source":"ODHF"}},{"type":"Feature","geometry":{"type":"Point","coordinates":[-73.42756899999999,45.50347]},"properties":{"name":"CENTRE DE R\u00c9ADAPTATION EN D\u00c9PENDANCE BOULEVARD COUSINEAU","facility":"Nursing and residential care facilities","city":"longueuil","region":"qc","country":"CA","population":null,"tier":"major","source":"ODHF"}},{"type":"Feature","geometry":{"type":"Point","coordinates":[-75.748327,45.422378]},"properties":{"name":"CENTRE DE R\u00c9ADAPTATION EN D\u00c9PENDANCE DE L'OUTAOUAIS","facility":"Nursing and residential care facilities","city":"gatineau","region":"qc","country":"CA","population":null,"tier":"major","source":"ODHF"}},{"type":"Feature","geometry":{"type":"Point","coordinates":[-72.777825,47.435641]},"properties":{"name":"CENTRE DE R\u00c9ADAPTATION EN D\u00c9PENDANCE DE LA TUQUE","facility":"Nursing and residential care facilities","city":"la tuque","region":"qc","country":"CA","population":null,"tier":"major","source":"ODHF"}},{"type":"Feature","geometry":{"type":"Point","coordinates":[-71.96155,46.064876]},"properties":{"name":"CENTRE DE R\u00c9ADAPTATION EN D\u00c9PENDANCE DE VICTORIAVILLE","facility":"Nursing and residential care facilities","city":"victoriaville","region":"qc","country":"CA","population":null,"tier":"major","source":"ODHF"}},{"type":"Feature","geometry":{"type":"Point","coordinates":[-72.579559,46.344229]},"properties":{"name":"CENTRE D'H\u00c9BERGEMENT ROLAND-LECLERC","facility":"Nursing and residential care facilities","city":"trois-rivi\u00e8res","region":"qc","country":"CA","population":null,"tier":"major","source":"ODHF"}},{"type":"Feature","geometry":{"type":"Point","coordinates":[-73.679162,45.517578]},"properties":{"name":"CENTRE D'H\u00c9BERGEMENT ST-VINCENT-MARIE","facility":"Nursing and residential care facilities","city":"montr\u00e9al","region":"qc","country":"CA","population":null,"tier":"major","source":"ODHF"}},{"type":"Feature","geometry":{"type":"Point","coordinates":[-64.79623634,46.09155355]},"properties":{"name":"Emery House","facility":"Nursing and residential care facilities","city":"riverview","region":"nb","country":"CA","population":null,"tier":"major","source":"ODHF"}},{"type":"Feature","geometry":{"type":"Point","coordinates":[-71.259518,46.850524]},"properties":{"name":"CENTRE D'H\u00c9BERGEMENT ST-JEAN-EUDES","facility":"Nursing and residential care facilities","city":"qu\u00e9bec","region":"qc","country":"CA","population":null,"tier":"major","source":"ODHF"}},{"type":"Feature","geometry":{"type":"Point","coordinates":[-73.622434,45.522306]},"properties":{"name":"CENTRE DE R\u00c9ADAPTATION EN D\u00c9PENDANCE DU NOUVEAU D\u00c9PART","facility":"Nursing and residential care facilities","city":"mont-royal","region":"qc","country":"CA","population":null,"tier":"major","source":"ODHF"}},{"type":"Feature","geometry":{"type":"Point","coordinates":[-72.731048,45.400575]},"properties":{"name":"SERVICES EXTERNES POUR LES JEUNES EN DIFFICULT\u00c9 D'ADAPTATION DE GRANBY","facility":"Nursing and residential care facilities","city":"granby","region":"qc","country":"CA","population":null,"tier":"major","source":"ODHF"}},{"type":"Feature","geometry":{"type":"Point","coordinates":[-72.96153000000001,45.622252]},"properties":{"name":"FOYER DE GROUPE POUR LES JEUNES EN DIFFICULT\u00c9 D'ADAPTATION LE VOILIER","facility":"Nursing and residential care facilities","city":"saint-hyacinthe","region":"qc","country":"CA","population":null,"tier":"major","source":"ODHF"}},{"type":"Feature","geometry":{"type":"Point","coordinates":[-72.96141,45.621992999999996]},"properties":{"name":"FOYER DE GROUPE POUR LES JEUNES EN DIFFICULT\u00c9 D'ADAPTATION L'ORCHID\u00c9E","facility":"Nursing and residential care facilities","city":"saint-hyacinthe","region":"qc","country":"CA","population":null,"tier":"major","source":"ODHF"}},{"type":"Feature","geometry":{"type":"Point","coordinates":[-71.309093,46.816959999999995]},"properties":{"name":"MAISON LE PETIT BLANCHON","facility":"Nursing and residential care facilities","city":"qu\u00e9bec","region":"qc","country":"CA","population":null,"tier":"major","source":"ODHF"}},{"type":"Feature","geometry":{"type":"Point","coordinates":[-73.63565200000001,45.613579]},"properties":{"name":"CHSLD DE LA BELLE-RIVE","facility":"Nursing and residential care facilities","city":"montr\u00e9al","region":"qc","country":"CA","population":null,"tier":"major","source":"ODHF"}},{"type":"Feature","geometry":{"type":"Point","coordinates":[-64.79623634,46.09155355]},"properties":{"name":"Burns Manor","facility":"Nursing and residential care facilities","city":"moncton","region":"nb","country":"CA","population":null,"tier":"major","source":"ODHF"}},{"type":"Feature","geometry":{"type":"Point","coordinates":[-73.840924,45.649163]},"properties":{"name":"CENTRE D'H\u00c9BERGEMENT DU BOIS\u00c9 SAINTE-TH\u00c9R\u00c8SE","facility":"Nursing and residential care facilities","city":"sainte-th\u00e9r\u00e8se","region":"qc","country":"CA","population":null,"tier":"major","source":"ODHF"}},{"type":"Feature","geometry":{"type":"Point","coordinates":[-73.639994,45.599557]},"properties":{"name":"CENTRE D'H\u00c9BERGEMENT CHAMPLAIN-DE-GOUIN","facility":"Nursing and residential care facilities","city":"montr\u00e9al","region":"qc","country":"CA","population":null,"tier":"major","source":"ODHF"}},{"type":"Feature","geometry":{"type":"Point","coordinates":[-61.867644999999996,47.375741999999995]},"properties":{"name":"CHSLD EUDORE-LABRIE","facility":"Nursing and residential care facilities","city":"les \u00eeles-de-la-madeleine","region":"qc","country":"CA","population":null,"tier":"major","source":"ODHF"}},{"type":"Feature","geometry":{"type":"Point","coordinates":[-74.28729,46.055099]},"properties":{"name":"CENTRE DE R\u00c9ADAPTATION EN D\u00c9PENDANCE DE SAINTE-AGATHE-DES-MONTS","facility":"Nursing and residential care facilities","city":"sainte-agathe-des-monts","region":"qc","country":"CA","population":null,"tier":"major","source":"ODHF"}},{"type":"Feature","geometry":{"type":"Point","coordinates":[-73.907108,45.544163]},"properties":{"name":"TERRITOIRE JEAN-OLIVIER CHENIER","facility":"Nursing and residential care facilities","city":"deux-montagnes","region":"qc","country":"CA","population":null,"tier":"major","source":"ODHF"}},{"type":"Feature","geometry":{"type":"Point","coordinates":[-74.006185,45.788665]},"properties":{"name":"CENTRE DE R\u00c9ADAPTATION EN D\u00c9PENDANCE DE SAINT-J\u00c9R\u00d4ME","facility":"Nursing and residential care facilities","city":"saint-j\u00e9r\u00f4me","region":"qc","country":"CA","population":null,"tier":"major","source":"ODHF"}},{"type":"Feature","geometry":{"type":"Point","coordinates":[-74.001611,45.776777]},"properties":{"name":"CENTRE DE R\u00c9ADAPTATION EN D\u00c9PENDANCE ANDR\u00c9-BOUDREAU","facility":"Nursing and residential care facilities","city":"saint-j\u00e9r\u00f4me","region":"qc","country":"CA","population":null,"tier":"major","source":"ODHF"}},{"type":"Feature","geometry":{"type":"Point","coordinates":[-64.79623634,46.09155355]},"properties":{"name":"Mazerolle Special Care Home Ltd.","facility":"Nursing and residential care facilities","city":"dieppe","region":"nb","country":"CA","population":null,"tier":"major","source":"ODHF"}},{"type":"Feature","geometry":{"type":"Point","coordinates":[-73.543376,45.400304999999996]},"properties":{"name":"CHSLD DE SAINTE-CATHERINE","facility":"Nursing and residential care facilities","city":"sainte-catherine","region":"qc","country":"CA","population":null,"tier":"major","source":"ODHF"}},{"type":"Feature","geometry":{"type":"Point","coordinates":[-73.766552,45.570861]},"properties":{"name":"CHSLD DE LAVAL","facility":"Nursing and residential care facilities","city":"laval","region":"qc","country":"CA","population":null,"tier":"major","source":"ODHF"}},{"type":"Feature","geometry":{"type":"Point","coordinates":[-72.762155,45.40747]},"properties":{"name":"CHSLD DE GRANBY","facility":"Nursing and residential care facilities","city":"granby","region":"qc","country":"CA","population":null,"tier":"major","source":"ODHF"}},{"type":"Feature","geometry":{"type":"Point","coordinates":[-73.560624,45.546543]},"properties":{"name":"CHSLD ANGUS","facility":"Nursing and residential care facilities","city":"montr\u00e9al","region":"qc","country":"CA","population":null,"tier":"major","source":"ODHF"}},{"type":"Feature","geometry":{"type":"Point","coordinates":[-72.972032,45.287054]},"properties":{"name":"CHSLD G\u00c9RARD-HARBEC","facility":"Nursing and residential care facilities","city":"farnham","region":"qc","country":"CA","population":null,"tier":"major","source":"ODHF"}},{"type":"Feature","geometry":{"type":"Point","coordinates":[-71.822153,46.894933]},"properties":{"name":"CENTRE DE SERVICES DE R\u00c9ADAPTATION EN D\u00c9PENDANCE DE SAINT-RAYMOND","facility":"Nursing and residential care facilities","city":"saint-raymond","region":"qc","country":"CA","population":null,"tier":"major","source":"ODHF"}},{"type":"Feature","geometry":{"type":"Point","coordinates":[-71.07616800000001,48.450035]},"properties":{"name":"CENTRE D'H\u00c9BERGEMENT DE LA COLLINE","facility":"Nursing and residential care facilities","city":"saguenay","region":"qc","country":"CA","population":null,"tier":"major","source":"ODHF"}},{"type":"Feature","geometry":{"type":"Point","coordinates":[-64.79623634,46.09155355]},"properties":{"name":"Residence Bellevue","facility":"Nursing and residential care facilities","city":"dieppe","region":"nb","country":"CA","population":null,"tier":"standard","source":"ODHF"}},{"type":"Feature","geometry":{"type":"Point","coordinates":[-73.514702,45.501540999999996]},"properties":{"name":"CHSLD ARGYLE - SAINT-LAMBERT","facility":"Nursing and residential care facilities","city":"saint-lambert","region":"qc","country":"CA","population":null,"tier":"major","source":"ODHF"}},{"type":"Feature","geometry":{"type":"Point","coordinates":[-66.484914,49.118662]},"properties":{"name":"CENTRE DE R\u00c9ADAPTATION EN D\u00c9PENDANCE DE LA HAUTE-GASP\u00c9SIE","facility":"Nursing and residential care facilities","city":"sainte-anne-des-monts","region":"qc","country":"CA","population":null,"tier":"major","source":"ODHF"}},{"type":"Feature","geometry":{"type":"Point","coordinates":[-73.40758100000001,45.788090000000004]},"properties":{"name":"CHSLD \u00c9MILE-MCDUFF","facility":"Nursing and residential care facilities","city":"repentigny","region":"qc","country":"CA","population":null,"tier":"major","source":"ODHF"}},{"type":"Feature","geometry":{"type":"Point","coordinates":[-73.641182,45.576681]},"properties":{"name":"FOYER DE GROUPE POUR LES JEUNES EN DIFFICULT\u00c9 D'ADAPTATION D'AHUNTSIC","facility":"Nursing and residential care facilities","city":"montr\u00e9al","region":"qc","country":"CA","population":null,"tier":"major","source":"ODHF"}},{"type":"Feature","geometry":{"type":"Point","coordinates":[-73.65133399999999,45.589940999999996]},"properties":{"name":"CHSLD ANGELICA","facility":"Nursing and residential care facilities","city":"montr\u00e9al","region":"qc","country":"CA","population":null,"tier":"major","source":"ODHF"}},{"type":"Feature","geometry":{"type":"Point","coordinates":[-73.651589,45.589328]},"properties":{"name":"CENTRE DE SERVICES EXTERNES POUR LES AIN\u00c9S ANGELICA","facility":"Nursing and residential care facilities","city":"montr\u00e9al","region":"qc","country":"CA","population":null,"tier":"major","source":"ODHF"}},{"type":"Feature","geometry":{"type":"Point","coordinates":[-73.261495,45.311578999999995]},"properties":{"name":"CHSLD DE SAINT-JEAN-SUR-RICHELIEU","facility":"Nursing and residential care facilities","city":"saint-jean-sur-richelieu","region":"qc","country":"CA","population":null,"tier":"major","source":"ODHF"}},{"type":"Feature","geometry":{"type":"Point","coordinates":[-64.79623634,46.09155355]},"properties":{"name":"RESIDENCE DU MARAIS LTEE","facility":"Nursing and residential care facilities","city":"dieppe","region":"nb","country":"CA","population":null,"tier":"standard","source":"ODHF"}},{"type":"Feature","geometry":{"type":"Point","coordinates":[-73.632576,45.494202]},"properties":{"name":"CHSLD KASTNER","facility":"Nursing and residential care facilities","city":"montr\u00e9al","region":"qc","country":"CA","population":null,"tier":"major","source":"ODHF"}},{"type":"Feature","geometry":{"type":"Point","coordinates":[-71.261302,46.792081]},"properties":{"name":"FOYER DE GROUPE POUR LES JEUNES EN DIFFICULT\u00c9 D'ADAPTATION DE SAINTE-FOY","facility":"Nursing and residential care facilities","city":"qu\u00e9bec","region":"qc","country":"CA","population":null,"tier":"major","source":"ODHF"}},{"type":"Feature","geometry":{"type":"Point","coordinates":[-74.012149,45.879309]},"properties":{"name":"CENTRE D'ACCUEIL LE PROGRAMME DE PORTAGE","facility":"Nursing and residential care facilities","city":"pr\u00e9vost","region":"qc","country":"CA","population":null,"tier":"major","source":"ODHF"}},{"type":"Feature","geometry":{"type":"Point","coordinates":[-73.63376099999999,45.492983]},"properties":{"name":"CHSLD HOPE","facility":"Nursing and residential care facilities","city":"montr\u00e9al","region":"qc","country":"CA","population":null,"tier":"major","source":"ODHF"}},{"type":"Feature","geometry":{"type":"Point","coordinates":[-71.778544,46.216402]},"properties":{"name":"CENTRE D'H\u00c9BERGEMENT DE PLESSISVILLE","facility":"Nursing and residential care facilities","city":"plessisville","region":"qc","country":"CA","population":null,"tier":"major","source":"ODHF"}},{"type":"Feature","geometry":{"type":"Point","coordinates":[-74.134835,45.255165000000005]},"properties":{"name":"CENTRE DE R\u00c9ADAPTATION EN D\u00c9PENDANCE DE SALABERRY-DE-VALLEYFIELD","facility":"Nursing and residential care facilities","city":"salaberry-de-valleyfield","region":"qc","country":"CA","population":null,"tier":"major","source":"ODHF"}},{"type":"Feature","geometry":{"type":"Point","coordinates":[-77.765084,55.275674]},"properties":{"name":"FOYER DE GROUPE DE KUUJJUARAAPIK","facility":"Nursing and residential care facilities","city":"kuujjuarapik","region":"qc","country":"CA","population":null,"tier":"major","source":"ODHF"}},{"type":"Feature","geometry":{"type":"Point","coordinates":[-68.405252,58.10704200000001]},"properties":{"name":"FOYER DE GROUPE DE KUUJJUAQ","facility":"Nursing and residential care facilities","city":"kuujjuaq","region":"qc","country":"CA","population":null,"tier":"major","source":"ODHF"}},{"type":"Feature","geometry":{"type":"Point","coordinates":[-64.79623634,46.09155355]},"properties":{"name":"Residence Moncton - Aile Centennaire","facility":"Nursing and residential care facilities","city":"moncton","region":"nb","country":"CA","population":null,"tier":"standard","source":"ODHF"}},{"type":"Feature","geometry":{"type":"Point","coordinates":[-73.828369,45.469046]},"properties":{"name":"CENTRE D'ACCEUIL LE PROGRAMME DE PORTAGE","facility":"Nursing and residential care facilities","city":"pointe-claire","region":"qc","country":"CA","population":null,"tier":"major","source":"ODHF"}},{"type":"Feature","geometry":{"type":"Point","coordinates":[-73.862656,50.414947999999995]},"properties":{"name":"UNIT\u00c9 DE VIE MISTISSINI","facility":"Nursing and residential care facilities","city":"mistissini","region":"qc","country":"CA","population":null,"tier":"major","source":"ODHF"}},{"type":"Feature","geometry":{"type":"Point","coordinates":[-73.87625,50.420707]},"properties":{"name":"FOYER DE GROUPE UPAACHIKUSH","facility":"Nursing and residential care facilities","city":"mistissini","region":"qc","country":"CA","population":null,"tier":"major","source":"ODHF"}},{"type":"Feature","geometry":{"type":"Point","coordinates":[-78.897998,53.782219999999995]},"properties":{"name":"FOYER DE GROUPE WEESAPOU","facility":"Nursing and residential care facilities","city":"chisasibi","region":"qc","country":"CA","population":null,"tier":"major","source":"ODHF"}},{"type":"Feature","geometry":{"type":"Point","coordinates":[-78.104796,58.462518]},"properties":{"name":"ULLURIAQ","facility":"Nursing and residential care facilities","city":"inukjuak","region":"qc","country":"CA","population":null,"tier":"major","source":"ODHF"}},{"type":"Feature","geometry":{"type":"Point","coordinates":[-73.549624,45.552669]},"properties":{"name":"FOYER DE GROUPE POUR LES JEUNES EN DIFFICULT\u00c9 D'ADAPTATION CHAMBORD","facility":"Nursing and residential care facilities","city":"montr\u00e9al","region":"qc","country":"CA","population":null,"tier":"major","source":"ODHF"}},{"type":"Feature","geometry":{"type":"Point","coordinates":[-74.162798,45.889728999999996]},"properties":{"name":"CASIS SAINTE-MARGUERITE","facility":"Nursing and residential care facilities","city":"saint-sauveur","region":"qc","country":"CA","population":null,"tier":"major","source":"ODHF"}},{"type":"Feature","geometry":{"type":"Point","coordinates":[-73.997287,45.763954999999996]},"properties":{"name":"CENTRE DE R\u00c9ADAPTATION EN D\u00c9PENDANCE SAINT-ANTOINE","facility":"Nursing and residential care facilities","city":"saint-j\u00e9r\u00f4me","region":"qc","country":"CA","population":null,"tier":"major","source":"ODHF"}},{"type":"Feature","geometry":{"type":"Point","coordinates":[-64.79623634,46.09155355]},"properties":{"name":"R\u00c9SIDENCE OASIS RESIDENCE INC","facility":"Nursing and residential care facilities","city":"dieppe","region":"nb","country":"CA","population":null,"tier":"standard","source":"ODHF"}},{"type":"Feature","geometry":{"type":"Point","coordinates":[-73.748253,45.654149]},"properties":{"name":"CENTRE DE R\u00c9ADAPTATION EN D\u00c9PENDANCE BIENVILLE","facility":"Nursing and residential care facilities","city":"laval","region":"qc","country":"CA","population":null,"tier":"major","source":"ODHF"}},{"type":"Feature","geometry":{"type":"Point","coordinates":[-71.22946800000001,46.812785999999996]},"properties":{"name":"CENTRE D'ACCUEIL LE PROGRAMME DE PORTAGE","facility":"Nursing and residential care facilities","city":"qu\u00e9bec","region":"qc","country":"CA","population":null,"tier":"major","source":"ODHF"}},{"type":"Feature","geometry":{"type":"Point","coordinates":[-71.486307,46.946704]},"properties":{"name":"FOYER DE GROUPE DE SAINT-GABRIEL-DE-VALCARTIER","facility":"Nursing and residential care facilities","city":"saint-gabriel-de-valcartier","region":"qc","country":"CA","population":null,"tier":"major","source":"ODHF"}},{"type":"Feature","geometry":{"type":"Point","coordinates":[-73.501699,45.509559]},"properties":{"name":"CHSLD VALEO","facility":"Nursing and residential care facilities","city":"saint-lambert","region":"qc","country":"CA","population":null,"tier":"major","source":"ODHF"}},{"type":"Feature","geometry":{"type":"Point","coordinates":[-76.485157,45.60565]},"properties":{"name":"CHSLD DU PONTIAC","facility":"Nursing and residential care facilities","city":"shawville","region":"qc","country":"CA","population":null,"tier":"major","source":"ODHF"}},{"type":"Feature","geometry":{"type":"Point","coordinates":[-64.79623634,46.09155355]},"properties":{"name":"RESIDENCE REINE DE LA PAIX","facility":"Nursing and residential care facilities","city":"dieppe","region":"nb","country":"CA","population":null,"tier":"standard","source":"ODHF"}},{"type":"Feature","geometry":{"type":"Point","coordinates":[-73.635698,45.458960999999995]},"properties":{"name":"CENTRE DE JOUR MAB-MACKAY","facility":"Nursing and residential care facilities","city":"montr\u00e9al","region":"qc","country":"CA","population":null,"tier":"major","source":"ODHF"}},{"type":"Feature","geometry":{"type":"Point","coordinates":[-74.014377,45.777489]},"properties":{"name":"CHSLD AU C\u008cUR-DE-LA-VIE","facility":"Nursing and residential care facilities","city":"saint-j\u00e9r\u00f4me","region":"qc","country":"CA","population":null,"tier":"major","source":"ODHF"}},{"type":"Feature","geometry":{"type":"Point","coordinates":[-70.511909,47.439419]},"properties":{"name":"CENTRE D'H\u00c9BERGEMENT DE BAIE-SAINT-PAUL","facility":"Nursing and residential care facilities","city":"baie-saint-paul","region":"qc","country":"CA","population":null,"tier":"major","source":"ODHF"}},{"type":"Feature","geometry":{"type":"Point","coordinates":[-69.539113,47.817209999999996]},"properties":{"name":"CHSLD DE CHAUFFAILLES","facility":"Nursing and residential care facilities","city":"rivi\u00e8re-du-loup","region":"qc","country":"CA","population":null,"tier":"major","source":"ODHF"}},{"type":"Feature","geometry":{"type":"Point","coordinates":[-73.45417900000001,45.607587]},"properties":{"name":"CHSLD DES SEIGNEURS","facility":"Nursing and residential care facilities","city":"boucherville","region":"qc","country":"CA","population":null,"tier":"major","source":"ODHF"}},{"type":"Feature","geometry":{"type":"Point","coordinates":[-74.001166,45.762718]},"properties":{"name":"CHSLD LOUISE-FAUBERT","facility":"Nursing and residential care facilities","city":"saint-j\u00e9r\u00f4me","region":"qc","country":"CA","population":null,"tier":"major","source":"ODHF"}},{"type":"Feature","geometry":{"type":"Point","coordinates":[-64.79623634,46.09155355]},"properties":{"name":"Residence Virginia Inc","facility":"Nursing and residential care facilities","city":"dieppe","region":"nb","country":"CA","population":null,"tier":"standard","source":"ODHF"}},{"type":"Feature","geometry":{"type":"Point","coordinates":[-74.003437,45.766683]},"properties":{"name":"CHSLD DE SAINT-J\u00c9R\u00d4ME","facility":"Nursing and residential care facilities","city":"saint-j\u00e9r\u00f4me","region":"qc","country":"CA","population":null,"tier":"major","source":"ODHF"}},{"type":"Feature","geometry":{"type":"Point","coordinates":[-73.382499,45.477346999999995]},"properties":{"name":"CHSLD MARGUERITE-ROCHELEAU","facility":"Nursing and residential care facilities","city":"longueuil","region":"qc","country":"CA","population":null,"tier":"major","source":"ODHF"}},{"type":"Feature","geometry":{"type":"Point","coordinates":[-73.907543,45.67751]},"properties":{"name":"CHSLD MICH\u00c8LE-BOHEC","facility":"Nursing and residential care facilities","city":"blainville","region":"qc","country":"CA","population":null,"tier":"major","source":"ODHF"}},{"type":"Feature","geometry":{"type":"Point","coordinates":[-74.350346,49.914328000000005]},"properties":{"name":"CHSLD BOR\u00c9AL","facility":"Nursing and residential care facilities","city":"chibougamau","region":"qc","country":"CA","population":null,"tier":"major","source":"ODHF"}},{"type":"Feature","geometry":{"type":"Point","coordinates":[-73.458943,46.035872999999995]},"properties":{"name":"CHSLD SYLVIE-LESP\u00c9RANCE","facility":"Nursing and residential care facilities","city":"saint-charles-borrom\u00e9e","region":"qc","country":"CA","population":null,"tier":"major","source":"ODHF"}},{"type":"Feature","geometry":{"type":"Point","coordinates":[-75.74335,45.472326]},"properties":{"name":"CENTRE DE R\u00c9ADAPTATION POUR LES JEUNES EN DIFFICULT\u00c9 D'ADAPTATION FREEMAN","facility":"Nursing and residential care facilities","city":"gatineau","region":"qc","country":"CA","population":null,"tier":"major","source":"ODHF"}},{"type":"Feature","geometry":{"type":"Point","coordinates":[-75.67710699999999,45.493231]},"properties":{"name":"CENTRE DE SERVICES EXTERNES POUR LES A\u00ceN\u00c9S DE GATINEAU","facility":"Nursing and residential care facilities","city":"gatineau","region":"qc","country":"CA","population":null,"tier":"major","source":"ODHF"}},{"type":"Feature","geometry":{"type":"Point","coordinates":[-66.383271,50.210862]},"properties":{"name":"CHSLD DE SEPT-\u00ceLES","facility":"Nursing and residential care facilities","city":"sept-\u00eeles","region":"qc","country":"CA","population":null,"tier":"major","source":"ODHF"}},{"type":"Feature","geometry":{"type":"Point","coordinates":[-64.79623634,46.09155355]},"properties":{"name":"Residence Austin Inc","facility":"Nursing and residential care facilities","city":"dieppe","region":"nb","country":"CA","population":null,"tier":"standard","source":"ODHF"}},{"type":"Feature","geometry":{"type":"Point","coordinates":[-74.15699000000001,45.88919]},"properties":{"name":"CENTRE D'H\u00c9BERGEMENT ET DE SOINS DE LONGUE DUR\u00c9E L.-B.-DESJARDINS","facility":"Nursing and residential care facilities","city":"saint-sauveur","region":"qc","country":"CA","population":null,"tier":"major","source":"ODHF"}},{"type":"Feature","geometry":{"type":"Point","coordinates":[-73.921289,45.582065]},"properties":{"name":"CHSLD DES PATRIOTES","facility":"Nursing and residential care facilities","city":"saint-eustache","region":"qc","country":"CA","population":null,"tier":"major","source":"ODHF"}},{"type":"Feature","geometry":{"type":"Point","coordinates":[-73.905574,45.676765]},"properties":{"name":"CHSLD DE BLAINVILLE","facility":"Nursing and residential care facilities","city":"blainville","region":"qc","country":"CA","population":null,"tier":"major","source":"ODHF"}},{"type":"Feature","geometry":{"type":"Point","coordinates":[-74.13584499999999,45.934208]},"properties":{"name":"CHSLD DE SAINTE-AD\u00c8LE","facility":"Nursing and residential care facilities","city":"sainte-ad\u00e8le","region":"qc","country":"CA","population":null,"tier":"major","source":"ODHF"}},{"type":"Feature","geometry":{"type":"Point","coordinates":[-73.480551,45.569783]},"properties":{"name":"FOYER DE GROUPE POUR LES JEUNES EN DIFFICULT\u00c9 D'ADAPTATION DU PARC","facility":"Nursing and residential care facilities","city":"longueuil","region":"qc","country":"CA","population":null,"tier":"major","source":"ODHF"}},{"type":"Feature","geometry":{"type":"Point","coordinates":[-64.79623634,46.09155355]},"properties":{"name":"Shannex Rlc Limited, Canterbury Hall","facility":"Nursing and residential care facilities","city":"riverview","region":"nb","country":"CA","population":null,"tier":"major","source":"ODHF"}},{"type":"Feature","geometry":{"type":"Point","coordinates":[-72.526308,46.369104]},"properties":{"name":"FOYER DE GROUPE POUR LES JEUNES EN DIFFICULT\u00c9 D'ADAPTATION ARCAND","facility":"Nursing and residential care facilities","city":"trois-rivi\u00e8res","region":"qc","country":"CA","population":null,"tier":"major","source":"ODHF"}},{"type":"Feature","geometry":{"type":"Point","coordinates":[-73.463994,45.537299]},"properties":{"name":"CHSLD ARGYLE - LONGUEUIL","facility":"Nursing and residential care facilities","city":"longueuil","region":"qc","country":"CA","population":null,"tier":"major","source":"ODHF"}},{"type":"Feature","geometry":{"type":"Point","coordinates":[-73.699931,45.493005]},"properties":{"name":"CENTRE D'H\u00c9BERGEMENT TEMPORAIRE - H\u00d4TEL COURTYARD MARRIOTT","facility":"Nursing and residential care facilities","city":"montr\u00e9al","region":"qc","country":"CA","population":null,"tier":"major","source":"ODHF"}},{"type":"Feature","geometry":{"type":"Point","coordinates":[-74.12898,45.258887]},"properties":{"name":"H\u00d4TEL PLAZA VALLEYFIELD","facility":"Nursing and residential care facilities","city":"salaberry-de-valleyfield","region":"qc","country":"CA","population":null,"tier":"major","source":"ODHF"}},{"type":"Feature","geometry":{"type":"Point","coordinates":[-72.48047199999999,45.879718]},"properties":{"name":"CENTRE D'H\u00c9BERGEMENT TEMPORAIRE DE NICOLET - \u00c9COLE DE POLICE DE NICOLET","facility":"Nursing and residential care facilities","city":"nicolet","region":"qc","country":"CA","population":null,"tier":"major","source":"ODHF"}},{"type":"Feature","geometry":{"type":"Point","coordinates":[-73.55924300000001,45.516113]},"properties":{"name":"H\u00d4TEL SAPA","facility":"Nursing and residential care facilities","city":"montr\u00e9al","region":"qc","country":"CA","population":null,"tier":"major","source":"ODHF"}},{"type":"Feature","geometry":{"type":"Point","coordinates":[-73.604169,45.564483]},"properties":{"name":"H\u00d4TEL MONTR\u00c9AL M\u00c9TROPOLITAIN - BEST WESTERN PREMIER COLLECTION","facility":"Nursing and residential care facilities","city":"montr\u00e9al","region":"qc","country":"CA","population":null,"tier":"major","source":"ODHF"}},{"type":"Feature","geometry":{"type":"Point","coordinates":[-64.79623634,46.09155355]},"properties":{"name":"Camden Park Terrace","facility":"Nursing and residential care facilities","city":"moncton","region":"nb","country":"CA","population":null,"tier":"major","source":"ODHF"}},{"type":"Feature","geometry":{"type":"Point","coordinates":[-71.195155,48.430721000000005]},"properties":{"name":"CENTRE D'H\u00c9BERGEMENT DESCH\u00caNES","facility":"Nursing and residential care facilities","city":"saguenay","region":"qc","country":"CA","population":null,"tier":"major","source":"ODHF"}},{"type":"Feature","geometry":{"type":"Point","coordinates":[-73.56745699999999,45.578926]},"properties":{"name":"CENTRE D'H\u00c9BERGEMENT DE LA MAISON-SAINT-JOSEPH","facility":"Nursing and residential care facilities","city":"montr\u00e9al","region":"qc","country":"CA","population":null,"tier":"major","source":"ODHF"}},{"type":"Feature","geometry":{"type":"Point","coordinates":[-73.254172,45.307006]},"properties":{"name":"CHSLD GEORGES-PHANEUF","facility":"Nursing and residential care facilities","city":"saint-jean-sur-richelieu","region":"qc","country":"CA","population":null,"tier":"major","source":"ODHF"}},{"type":"Feature","geometry":{"type":"Point","coordinates":[-73.35351800000001,46.096378]},"properties":{"name":"CENTRE D'H\u00c9BERGEMENT DE SAINTE-\u00c9LISABETH","facility":"Nursing and residential care facilities","city":"sainte-\u00e9lisabeth","region":"qc","country":"CA","population":null,"tier":"major","source":"ODHF"}},{"type":"Feature","geometry":{"type":"Point","coordinates":[-64.79623634,46.09155355]},"properties":{"name":"Shar's Care","facility":"Nursing and residential care facilities","city":"moncton","region":"nb","country":"CA","population":null,"tier":"major","source":"ODHF"}},{"type":"Feature","geometry":{"type":"Point","coordinates":[-73.600575,45.546211]},"properties":{"name":"CHSLD DE LA PETITE-PATRIE","facility":"Nursing and residential care facilities","city":"montr\u00e9al","region":"qc","country":"CA","population":null,"tier":"major","source":"ODHF"}},{"type":"Feature","geometry":{"type":"Point","coordinates":[-71.244049,46.824311]},"properties":{"name":"CENTRE D'H\u00c9BERGEMENT LOUIS-H\u00c9BERT","facility":"Nursing and residential care facilities","city":"qu\u00e9bec","region":"qc","country":"CA","population":null,"tier":"major","source":"ODHF"}},{"type":"Feature","geometry":{"type":"Point","coordinates":[-71.247793,46.788049]},"properties":{"name":"FOYER DE GROUPE POUR LES JEUNES EN DIFFICULT\u00c9 D'ADAPTATION SAINT-LOUIS","facility":"Nursing and residential care facilities","city":"qu\u00e9bec","region":"qc","country":"CA","population":null,"tier":"major","source":"ODHF"}},{"type":"Feature","geometry":{"type":"Point","coordinates":[-71.362324,46.852089]},"properties":{"name":"FOYER DE GROUPE POUR LES JEUNES EN DIFFICULT\u00c9 D'ADAPTATION DU PARC-PLEAU","facility":"Nursing and residential care facilities","city":"qu\u00e9bec","region":"qc","country":"CA","population":null,"tier":"major","source":"ODHF"}},{"type":"Feature","geometry":{"type":"Point","coordinates":[-73.638966,45.467911]},"properties":{"name":"FOYER DE GROUPE ODYSSEY","facility":"Nursing and residential care facilities","city":"montr\u00e9al","region":"qc","country":"CA","population":null,"tier":"major","source":"ODHF"}},{"type":"Feature","geometry":{"type":"Point","coordinates":[-73.592578,45.484614]},"properties":{"name":"FOYER DE GROUPE MAISONNEUVE","facility":"Nursing and residential care facilities","city":"westmount","region":"qc","country":"CA","population":null,"tier":"major","source":"ODHF"}},{"type":"Feature","geometry":{"type":"Point","coordinates":[-64.79623634,46.09155355]},"properties":{"name":"Shar's Care Ii","facility":"Nursing and residential care facilities","city":"moncton","region":"nb","country":"CA","population":null,"tier":"major","source":"ODHF"}},{"type":"Feature","geometry":{"type":"Point","coordinates":[-73.684872,45.52778]},"properties":{"name":"FOYER DE GROUPE COUVRETTE","facility":"Nursing and residential care facilities","city":"montr\u00e9al","region":"qc","country":"CA","population":null,"tier":"major","source":"ODHF"}},{"type":"Feature","geometry":{"type":"Point","coordinates":[-73.61538399999999,45.47437]},"properties":{"name":"FOYER DE GROUPE RUDEL","facility":"Nursing and residential care facilities","city":"montr\u00e9al","region":"qc","country":"CA","population":null,"tier":"major","source":"ODHF"}},{"type":"Feature","geometry":{"type":"Point","coordinates":[-73.616309,45.464345]},"properties":{"name":"FOYER DE GROUPE SAINT-JAMES","facility":"Nursing and residential care facilities","city":"montr\u00e9al","region":"qc","country":"CA","population":null,"tier":"major","source":"ODHF"}},{"type":"Feature","geometry":{"type":"Point","coordinates":[-73.617885,45.544736]},"properties":{"name":"FOYER DE GROUPE POUR LES M\u00c8RES ET LEURS ENFANTS CHRISTOPHE-COLOMB","facility":"Nursing and residential care facilities","city":"montr\u00e9al","region":"qc","country":"CA","population":null,"tier":"major","source":"ODHF"}},{"type":"Feature","geometry":{"type":"Point","coordinates":[-73.572509,45.491836]},"properties":{"name":"CENTRE D'ACCUEIL LE PROGRAMME DE PORTAGE","facility":"Nursing and residential care facilities","city":"montr\u00e9al","region":"qc","country":"CA","population":null,"tier":"major","source":"ODHF"}},{"type":"Feature","geometry":{"type":"Point","coordinates":[-64.79623634,46.09155355]},"properties":{"name":"the Kenneth e. Spencer Nursing Home Inc.","facility":"Nursing and residential care facilities","city":"moncton","region":"nb","country":"CA","population":null,"tier":"major","source":"ODHF"}},{"type":"Feature","geometry":{"type":"Point","coordinates":[-73.667777,45.540596]},"properties":{"name":"FOYER DE GROUPE POUR LES JEUNES EN DIFFICULT\u00c9 D'ADAPTATION MEILLEUR","facility":"Nursing and residential care facilities","city":"montr\u00e9al","region":"qc","country":"CA","population":null,"tier":"major","source":"ODHF"}},{"type":"Feature","geometry":{"type":"Point","coordinates":[-73.573278,45.580064]},"properties":{"name":"CENTRE D'ACCUEIL DANTE","facility":"Nursing and residential care facilities","city":"montr\u00e9al","region":"qc","country":"CA","population":null,"tier":"major","source":"ODHF"}},{"type":"Feature","geometry":{"type":"Point","coordinates":[-73.627509,45.490671999999996]},"properties":{"name":"CHSLD ALFRED-DESROCHERS","facility":"Nursing and residential care facilities","city":"montr\u00e9al","region":"qc","country":"CA","population":null,"tier":"major","source":"ODHF"}},{"type":"Feature","geometry":{"type":"Point","coordinates":[-72.722651,45.412446]},"properties":{"name":"CHSLD MARIE-BERTHE-COUTURE","facility":"Nursing and residential care facilities","city":"granby","region":"qc","country":"CA","population":null,"tier":"major","source":"ODHF"}},{"type":"Feature","geometry":{"type":"Point","coordinates":[-73.575818,45.573341]},"properties":{"name":"CHSLD MARIE-ROLLET","facility":"Nursing and residential care facilities","city":"montr\u00e9al","region":"qc","country":"CA","population":null,"tier":"major","source":"ODHF"}},{"type":"Feature","geometry":{"type":"Point","coordinates":[-73.564425,45.521184999999996]},"properties":{"name":"CENTRE D'H\u00c9BERGEMENT ERNEST-ROUTHIER","facility":"Nursing and residential care facilities","city":"montr\u00e9al","region":"qc","country":"CA","population":null,"tier":"major","source":"ODHF"}},{"type":"Feature","geometry":{"type":"Point","coordinates":[-71.07311800000001,48.408669]},"properties":{"name":"CENTRE D'H\u00c9BERGEMENT MGR-VICTOR-TREMBLAY","facility":"Nursing and residential care facilities","city":"saguenay","region":"qc","country":"CA","population":null,"tier":"major","source":"ODHF"}},{"type":"Feature","geometry":{"type":"Point","coordinates":[-73.280874,45.340084999999995]},"properties":{"name":"CHSLD GERTRUDE-LAFRANCE","facility":"Nursing and residential care facilities","city":"saint-jean-sur-richelieu","region":"qc","country":"CA","population":null,"tier":"major","source":"ODHF"}},{"type":"Feature","geometry":{"type":"Point","coordinates":[-64.79623634,46.09155355]},"properties":{"name":"Shannex Rlc Ltd. - Monarch Hall","facility":"Nursing and residential care facilities","city":"riverview","region":"nb","country":"CA","population":null,"tier":"major","source":"ODHF"}},{"type":"Feature","geometry":{"type":"Point","coordinates":[-75.749652,45.421347]},"properties":{"name":"CENTRE DE R\u00c9ADAPTATION POUR LES JEUNES EN DIFFICULT\u00c9 D'ADAPTATION LA TRAVERS\u00c9E","facility":"Nursing and residential care facilities","city":"gatineau","region":"qc","country":"CA","population":null,"tier":"major","source":"ODHF"}},{"type":"Feature","geometry":{"type":"Point","coordinates":[-75.74971500000001,45.421708]},"properties":{"name":"CENTRE DE R\u00c9ADAPTATION POUR LES JEUNES EN DIFFICULT\u00c9 D'ADAPTATION JEAN-EUDES-MORIN","facility":"Nursing and residential care facilities","city":"gatineau","region":"qc","country":"CA","population":null,"tier":"major","source":"ODHF"}},{"type":"Feature","geometry":{"type":"Point","coordinates":[-73.441489,46.023313]},"properties":{"name":"CENTRE D'H\u00c9BERGEMENT SAINT-EUS\u00c8BE","facility":"Nursing and residential care facilities","city":"joliette","region":"qc","country":"CA","population":null,"tier":"major","source":"ODHF"}},{"type":"Feature","geometry":{"type":"Point","coordinates":[-71.209709,46.854271999999995]},"properties":{"name":"CENTRE D'H\u00c9BERGEMENT YVONNE-SYLVAIN","facility":"Nursing and residential care facilities","city":"qu\u00e9bec","region":"qc","country":"CA","population":null,"tier":"major","source":"ODHF"}},{"type":"Feature","geometry":{"type":"Point","coordinates":[-73.493525,45.666872999999995]},"properties":{"name":"CHSLD FRAN\u00c7OIS-S\u00c9GUENOT","facility":"Nursing and residential care facilities","city":"montr\u00e9al","region":"qc","country":"CA","population":null,"tier":"major","source":"ODHF"}},{"type":"Feature","geometry":{"type":"Point","coordinates":[-73.578767,45.557575]},"properties":{"name":"CHSLD ROBERT-CLICHE","facility":"Nursing and residential care facilities","city":"montr\u00e9al","region":"qc","country":"CA","population":null,"tier":"major","source":"ODHF"}},{"type":"Feature","geometry":{"type":"Point","coordinates":[-64.79623634,46.09155355]},"properties":{"name":"the Salvation Army Lakeview Manor","facility":"Nursing and residential care facilities","city":"riverview","region":"nb","country":"CA","population":null,"tier":"major","source":"ODHF"}},{"type":"Feature","geometry":{"type":"Point","coordinates":[-73.001581,45.407654]},"properties":{"name":"CHSLD VAL-JOLI","facility":"Nursing and residential care facilities","city":"saint-c\u00e9saire","region":"qc","country":"CA","population":null,"tier":"major","source":"ODHF"}},{"type":"Feature","geometry":{"type":"Point","coordinates":[-73.291568,45.450609]},"properties":{"name":"CHSLD SAINT-JOSEPH","facility":"Nursing and residential care facilities","city":"chambly","region":"qc","country":"CA","population":null,"tier":"major","source":"ODHF"}},{"type":"Feature","geometry":{"type":"Point","coordinates":[-73.599755,45.532156]},"properties":{"name":"CHSLD PAUL-GOUIN","facility":"Nursing and residential care facilities","city":"montr\u00e9al","region":"qc","country":"CA","population":null,"tier":"major","source":"ODHF"}},{"type":"Feature","geometry":{"type":"Point","coordinates":[-71.246677,46.749831]},"properties":{"name":"FOYER DE GROUPE POUR LES JEUNES EN DIFFICULT\u00c9 D'ADAPTATION DE SAINT-ROMUALD","facility":"Nursing and residential care facilities","city":"l\u00e9vis","region":"qc","country":"CA","population":null,"tier":"major","source":"ODHF"}},{"type":"Feature","geometry":{"type":"Point","coordinates":[-73.529723,45.606414]},"properties":{"name":"CHSLD JUDITH-JASMIN","facility":"Nursing and residential care facilities","city":"montr\u00e9al","region":"qc","country":"CA","population":null,"tier":"major","source":"ODHF"}},{"type":"Feature","geometry":{"type":"Point","coordinates":[-73.645064,45.471978]},"properties":{"name":"CENTRE D'H\u00c9BERGEMENT HENRI-BRADET","facility":"Nursing and residential care facilities","city":"montr\u00e9al","region":"qc","country":"CA","population":null,"tier":"major","source":"ODHF"}},{"type":"Feature","geometry":{"type":"Point","coordinates":[-64.79623634,46.09155355]},"properties":{"name":"VILLA DU REPOS INC","facility":"Nursing and residential care facilities","city":"moncton","region":"nb","country":"CA","population":null,"tier":"major","source":"ODHF"}},{"type":"Feature","geometry":{"type":"Point","coordinates":[-73.620514,45.627464]},"properties":{"name":"CHSLD PAUL-LIZOTTE","facility":"Nursing and residential care facilities","city":"montr\u00e9al","region":"qc","country":"CA","population":null,"tier":"major","source":"ODHF"}},{"type":"Feature","geometry":{"type":"Point","coordinates":[-74.08557900000001,45.878062]},"properties":{"name":"CAMPUS PR\u00c9VOST","facility":"Nursing and residential care facilities","city":"pr\u00e9vost","region":"qc","country":"CA","population":null,"tier":"major","source":"ODHF"}},{"type":"Feature","geometry":{"type":"Point","coordinates":[-73.657599,45.456358]},"properties":{"name":"FOYER DE GROUPE TOBIN HOUSE","facility":"Nursing and residential care facilities","city":"montr\u00e9al-ouest","region":"qc","country":"CA","population":null,"tier":"major","source":"ODHF"}},{"type":"Feature","geometry":{"type":"Point","coordinates":[-73.615181,45.474595]},"properties":{"name":"FOYER DE GROUPE HAWKINS","facility":"Nursing and residential care facilities","city":"montr\u00e9al","region":"qc","country":"CA","population":null,"tier":"major","source":"ODHF"}},{"type":"Feature","geometry":{"type":"Point","coordinates":[-64.79623634,46.09155355]},"properties":{"name":"Villa Heritage Inc","facility":"Nursing and residential care facilities","city":"moncton","region":"nb","country":"CA","population":null,"tier":"major","source":"ODHF"}},{"type":"Feature","geometry":{"type":"Point","coordinates":[-73.566227,45.534528]},"properties":{"name":"CENTRE D'H\u00c9BERGEMENT PAUL-BRUCH\u00c9SI","facility":"Nursing and residential care facilities","city":"montr\u00e9al","region":"qc","country":"CA","population":null,"tier":"major","source":"ODHF"}},{"type":"Feature","geometry":{"type":"Point","coordinates":[-64.79623634,46.09155355]},"properties":{"name":"Mcnair Manor - 11 Beechwood","facility":"Nursing and residential care facilities","city":"moncton","region":"nb","country":"CA","population":null,"tier":"major","source":"ODHF"}},{"type":"Feature","geometry":{"type":"Point","coordinates":[-64.79623634,46.09155355]},"properties":{"name":"Mcnair Manor- 44 Beechwood","facility":"Nursing and residential care facilities","city":"moncton","region":"nb","country":"CA","population":null,"tier":"major","source":"ODHF"}},{"type":"Feature","geometry":{"type":"Point","coordinates":[-64.79623634,46.09155355]},"properties":{"name":"Mcnair Manor - Riverview","facility":"Nursing and residential care facilities","city":"riverview","region":"nb","country":"CA","population":null,"tier":"major","source":"ODHF"}},{"type":"Feature","geometry":{"type":"Point","coordinates":[-64.79623634,46.09155355]},"properties":{"name":"Church Court","facility":"Nursing and residential care facilities","city":"moncton","region":"nb","country":"CA","population":null,"tier":"major","source":"ODHF"}},{"type":"Feature","geometry":{"type":"Point","coordinates":[-64.79623634,46.09155355]},"properties":{"name":"Serenacare Inc","facility":"Nursing and residential care facilities","city":"moncton","region":"nb","country":"CA","population":null,"tier":"major","source":"ODHF"}},{"type":"Feature","geometry":{"type":"Point","coordinates":[-64.79623634,46.09155355]},"properties":{"name":"Serenacare by Serene Living Inc","facility":"Nursing and residential care facilities","city":"moncton","region":"nb","country":"CA","population":null,"tier":"major","source":"ODHF"}},{"type":"Feature","geometry":{"type":"Point","coordinates":[-64.79623634,46.09155355]},"properties":{"name":"Hillside View Special Care Home Inc","facility":"Nursing and residential care facilities","city":"moncton","region":"nb","country":"CA","population":null,"tier":"major","source":"ODHF"}},{"type":"Feature","geometry":{"type":"Point","coordinates":[-64.79623634,46.09155355]},"properties":{"name":"Protem Health Services Inc. - 77 Gorge Road","facility":"Nursing and residential care facilities","city":"moncton","region":"nb","country":"CA","population":null,"tier":"major","source":"ODHF"}},{"type":"Feature","geometry":{"type":"Point","coordinates":[-64.79623634,46.09155355]},"properties":{"name":"Protem Health Services Inc. - 61 Gorge Road","facility":"Nursing and residential care facilities","city":"moncton","region":"nb","country":"CA","population":null,"tier":"major","source":"ODHF"}},{"type":"Feature","geometry":{"type":"Point","coordinates":[-69.038515,47.432394]},"properties":{"name":"CENTRE D'HEBERGEMENT DE RIVIERE-BLEUE","facility":"Nursing and residential care facilities","city":"rivi\u00e8re-bleue","region":"qc","country":"CA","population":null,"tier":"major","source":"ODHF"}},{"type":"Feature","geometry":{"type":"Point","coordinates":[-74.128236,45.949061]},"properties":{"name":"CENTRE D'H\u00c9BERGEMENT DES HAUTEURS","facility":"Nursing and residential care facilities","city":"sainte-ad\u00e8le","region":"qc","country":"CA","population":null,"tier":"major","source":"ODHF"}},{"type":"Feature","geometry":{"type":"Point","coordinates":[-72.340112,45.999049]},"properties":{"name":"CENTRE D'H\u00c9BERGEMENT ET CLSC DE NOTRE-DAME-DU-BON-CONSEIL","facility":"Nursing and residential care facilities","city":"notre-dame-du-bon-conseil","region":"qc","country":"CA","population":null,"tier":"major","source":"ODHF"}},{"type":"Feature","geometry":{"type":"Point","coordinates":[-72.431569,46.213669]},"properties":{"name":"CENTRE D'H\u00c9BERGEMENT ET CLSC DE SAINT-C\u00c9LESTIN","facility":"Nursing and residential care facilities","city":"saint-c\u00e9lestin","region":"qc","country":"CA","population":null,"tier":"major","source":"ODHF"}},{"type":"Feature","geometry":{"type":"Point","coordinates":[-64.79623634,46.09155355]},"properties":{"name":"Protem Health Services Inc. - 71 Gorge Road","facility":"Nursing and residential care facilities","city":"moncton","region":"nb","country":"CA","population":null,"tier":"major","source":"ODHF"}},{"type":"Feature","geometry":{"type":"Point","coordinates":[-72.203756,46.573503]},"properties":{"name":"CENTRE D'H\u00c9BERGEMENT ET CLSC DE SAINTE-ANNE-DE-LA-P\u00c9RADE","facility":"Nursing and residential care facilities","city":"sainte-anne-de-la-p\u00e9rade","region":"qc","country":"CA","population":null,"tier":"major","source":"ODHF"}},{"type":"Feature","geometry":{"type":"Point","coordinates":[-72.504816,46.819915]},"properties":{"name":"CENTRE D'H\u00c9BERGEMENT ET CLSC DE SAINTE-TH\u00c8CLE","facility":"Nursing and residential care facilities","city":"sainte-th\u00e8cle","region":"qc","country":"CA","population":null,"tier":"major","source":"ODHF"}},{"type":"Feature","geometry":{"type":"Point","coordinates":[-72.470754,46.565353]},"properties":{"name":"CENTRE D'H\u00c9BERGEMENT ET CLSC DE SAINT-NARCISSE","facility":"Nursing and residential care facilities","city":"saint-narcisse","region":"qc","country":"CA","population":null,"tier":"major","source":"ODHF"}},{"type":"Feature","geometry":{"type":"Point","coordinates":[-72.493206,45.888309]},"properties":{"name":"CENTRE D'H\u00c9BERGEMENT ET CLSC FREDERICK-GEORGE-HERIOT","facility":"Nursing and residential care facilities","city":"drummondville","region":"qc","country":"CA","population":null,"tier":"major","source":"ODHF"}},{"type":"Feature","geometry":{"type":"Point","coordinates":[-72.811351,46.068173]},"properties":{"name":"CENTRE D'H\u00c9BERGEMENT ET CLSC LUCIEN-SHOONER","facility":"Nursing and residential care facilities","city":"pierreville","region":"qc","country":"CA","population":null,"tier":"major","source":"ODHF"}},{"type":"Feature","geometry":{"type":"Point","coordinates":[-72.560748,46.727838]},"properties":{"name":"CENTRE D'H\u00c9BERGEMENT ET CLSC MGR PAQUIN","facility":"Nursing and residential care facilities","city":"saint-tite","region":"qc","country":"CA","population":null,"tier":"major","source":"ODHF"}},{"type":"Feature","geometry":{"type":"Point","coordinates":[-78.98536899999999,48.757015]},"properties":{"name":"CENTRE D'HEBERGEMENT ET DE SOINS DE LONGUE DUREE MACAMIC (CHSLD)","facility":"Nursing and residential care facilities","city":"macamic","region":"qc","country":"CA","population":null,"tier":"major","source":"ODHF"}},{"type":"Feature","geometry":{"type":"Point","coordinates":[-79.200625,48.665729999999996]},"properties":{"name":"CENTRE D'H\u00c9BERGEMENT ET DE SOINS DE LONGUE DUR\u00c9E PALMAROLLE","facility":"Nursing and residential care facilities","city":"palmarolle","region":"qc","country":"CA","population":null,"tier":"major","source":"ODHF"}},{"type":"Feature","geometry":{"type":"Point","coordinates":[-69.620141,47.685657]},"properties":{"name":"CENTRE D'HEBERGEMENT VILLA MARIA","facility":"Nursing and residential care facilities","city":"saint-alexandre-de-kamouraska","region":"qc","country":"CA","population":null,"tier":"major","source":"ODHF"}},{"type":"Feature","geometry":{"type":"Point","coordinates":[-64.79623634,46.09155355]},"properties":{"name":"Protem Health Services Inc. - 2069 Mountain Road","facility":"Nursing and residential care facilities","city":"moncton","region":"nb","country":"CA","population":null,"tier":"major","source":"ODHF"}},{"type":"Feature","geometry":{"type":"Point","coordinates":[-64.79623634,46.09155355]},"properties":{"name":"Protem Health Services Inc. - 2166 Mountain Road","facility":"Nursing and residential care facilities","city":"moncton","region":"nb","country":"CA","population":null,"tier":"major","source":"ODHF"}},{"type":"Feature","geometry":{"type":"Point","coordinates":[-64.79623634,46.09155355]},"properties":{"name":"Residence Beaux Souvenirs Ltee","facility":"Nursing and residential care facilities","city":"dieppe","region":"nb","country":"CA","population":null,"tier":"standard","source":"ODHF"}},{"type":"Feature","geometry":{"type":"Point","coordinates":[-64.79623634,46.09155355]},"properties":{"name":"Residence Moncton - Aile Victoria i","facility":"Nursing and residential care facilities","city":"moncton","region":"nb","country":"CA","population":null,"tier":"standard","source":"ODHF"}},{"type":"Feature","geometry":{"type":"Point","coordinates":[-73.56350400000001,45.535693]},"properties":{"name":"CENTRE D'H\u00c9BERGEMENT ARMAND-LAVERGNE","facility":"Nursing and residential care facilities","city":"montr\u00e9al","region":"qc","country":"CA","population":null,"tier":"major","source":"ODHF"}},{"type":"Feature","geometry":{"type":"Point","coordinates":[-73.592112,45.641609]},"properties":{"name":"FOYER DE GROUPE POUR LES JEUNES EN DIFFICULT\u00c9 D'ADAPTATION DE RIVI\u00c8RE-DES-PRAIRIES","facility":"Nursing and residential care facilities","city":"montr\u00e9al","region":"qc","country":"CA","population":null,"tier":"major","source":"ODHF"}},{"type":"Feature","geometry":{"type":"Point","coordinates":[-64.79623634,46.09155355]},"properties":{"name":"Maison Renaissance Ltee","facility":"Nursing and residential care facilities","city":"moncton","region":"nb","country":"CA","population":null,"tier":"major","source":"ODHF"}},{"type":"Feature","geometry":{"type":"Point","coordinates":[-73.587795,45.555174]},"properties":{"name":"FOYER DE GROUPE POUR LES JEUNES EN DIFFICULT\u00c9 D'ADAPTATION ROSEMONT","facility":"Nursing and residential care facilities","city":"montr\u00e9al","region":"qc","country":"CA","population":null,"tier":"major","source":"ODHF"}},{"type":"Feature","geometry":{"type":"Point","coordinates":[-73.647449,45.686551]},"properties":{"name":"LA R\u00c9SIDENCE DU BONHEUR","facility":"Nursing and residential care facilities","city":"laval","region":"qc","country":"CA","population":null,"tier":"major","source":"ODHF"}},{"type":"Feature","geometry":{"type":"Point","coordinates":[-64.79623634,46.09155355]},"properties":{"name":"FAUBOURG DU MASCARET","facility":"Nursing and residential care facilities","city":"moncton","region":"nb","country":"CA","population":null,"tier":"major","source":"ODHF"}},{"type":"Feature","geometry":{"type":"Point","coordinates":[-73.69569200000001,46.046793]},"properties":{"name":"CHSLD HEATHER II","facility":"Nursing and residential care facilities","city":"rawdon","region":"qc","country":"CA","population":null,"tier":"major","source":"ODHF"}},{"type":"Feature","geometry":{"type":"Point","coordinates":[-73.885616,45.462854]},"properties":{"name":"CENTRE D'H\u00c9BERGEMENT ET DE SOINS DE LONGUE DUR\u00c9E DU MANOIR-DE-L'OUEST-DE-L'\u00ceLE","facility":"Nursing and residential care facilities","city":"montr\u00e9al","region":"qc","country":"CA","population":null,"tier":"major","source":"ODHF"}},{"type":"Feature","geometry":{"type":"Point","coordinates":[-71.272529,46.789352]},"properties":{"name":"CENTRE D'H\u00c9BERGEMENT PAUL-TRIQUET","facility":"Nursing and residential care facilities","city":"qu\u00e9bec","region":"qc","country":"CA","population":null,"tier":"major","source":"ODHF"}},{"type":"Feature","geometry":{"type":"Point","coordinates":[-73.597296,45.553268]},"properties":{"name":"FOYER DE GROUPE POUR LES JEUNES EN DIFFICULT\u00c9 D'ADAPTATION 1RE AVENUE","facility":"Nursing and residential care facilities","city":"montr\u00e9al","region":"qc","country":"CA","population":null,"tier":"major","source":"ODHF"}},{"type":"Feature","geometry":{"type":"Point","coordinates":[-74.011864,45.798242]},"properties":{"name":"CASIS LAFONTAINE","facility":"Nursing and residential care facilities","city":"saint-j\u00e9r\u00f4me","region":"qc","country":"CA","population":null,"tier":"major","source":"ODHF"}},{"type":"Feature","geometry":{"type":"Point","coordinates":[-67.53695,48.841993]},"properties":{"name":"CENTRE DE R\u00c9ADAPTATION POUR LES JEUNES EN DIFFICULT\u00c9 D'ADAPTATION DE LA MATANIE","facility":"Nursing and residential care facilities","city":"matane","region":"qc","country":"CA","population":null,"tier":"major","source":"ODHF"}},{"type":"Feature","geometry":{"type":"Point","coordinates":[-64.79623634,46.09155355]},"properties":{"name":"Shannex Rlc Ltd. - Pavillon Richard","facility":"Nursing and residential care facilities","city":"moncton","region":"nb","country":"CA","population":null,"tier":"major","source":"ODHF"}},{"type":"Feature","geometry":{"type":"Point","coordinates":[-74.60250699999999,45.008738]},"properties":{"name":"IAKHIHSOHTHA LODGE","facility":"Nursing and residential care facilities","city":"akwesasne","region":"qc","country":"CA","population":null,"tier":"major","source":"ODHF"}},{"type":"Feature","geometry":{"type":"Point","coordinates":[-74.00285500000001,45.129365]},"properties":{"name":"CENTRE D'H\u00c9BERGEMENT D'ORMSTOWN","facility":"Nursing and residential care facilities","city":"ormstown","region":"qc","country":"CA","population":null,"tier":"major","source":"ODHF"}},{"type":"Feature","geometry":{"type":"Point","coordinates":[-73.614839,45.469889]},"properties":{"name":"APPARTEMENT SUPERVIS\u00c9 WILSON","facility":"Nursing and residential care facilities","city":"montr\u00e9al","region":"qc","country":"CA","population":null,"tier":"major","source":"ODHF"}},{"type":"Feature","geometry":{"type":"Point","coordinates":[-73.223967,45.96385]},"properties":{"name":"CENTRE D'H\u00c9BERGEMENT ALPHONSE-RONDEAU","facility":"Nursing and residential care facilities","city":"lanoraie","region":"qc","country":"CA","population":null,"tier":"major","source":"ODHF"}},{"type":"Feature","geometry":{"type":"Point","coordinates":[-64.79623634,46.09155355]},"properties":{"name":"the Briarlea 4","facility":"Nursing and residential care facilities","city":"moncton","region":"nb","country":"CA","population":null,"tier":"major","source":"ODHF"}},{"type":"Feature","geometry":{"type":"Point","coordinates":[-71.278398,46.809942]},"properties":{"name":"CENTRE D'H\u00c9BERGEMENT SAINT-ANTOINE","facility":"Nursing and residential care facilities","city":"qu\u00e9bec","region":"qc","country":"CA","population":null,"tier":"major","source":"ODHF"}},{"type":"Feature","geometry":{"type":"Point","coordinates":[-75.495363,46.555107]},"properties":{"name":"CASIS MONT-LAURIER","facility":"Nursing and residential care facilities","city":"mont-laurier","region":"qc","country":"CA","population":null,"tier":"major","source":"ODHF"}},{"type":"Feature","geometry":{"type":"Point","coordinates":[-73.600748,45.550340999999996]},"properties":{"name":"FOYER DE GROUPE POUR LES JEUNES EN DIFFICULT\u00c9 D'ADAPTATION LOUIS-H\u00c9MON","facility":"Nursing and residential care facilities","city":"montr\u00e9al","region":"qc","country":"CA","population":null,"tier":"major","source":"ODHF"}},{"type":"Feature","geometry":{"type":"Point","coordinates":[-73.582359,45.486798]},"properties":{"name":"LES CENTRES DE LA JEUNESSE ET DE LA FAMILLE BATSHAW","facility":"Nursing and residential care facilities","city":"westmount","region":"qc","country":"CA","population":null,"tier":"major","source":"ODHF"}},{"type":"Feature","geometry":{"type":"Point","coordinates":[-73.399703,45.486308]},"properties":{"name":"FOYER DE GROUPE POUR LES JEUNES EN DIFFICULT\u00c9 D'ADAPTATION L'ESCARGOT","facility":"Nursing and residential care facilities","city":"longueuil","region":"qc","country":"CA","population":null,"tier":"major","source":"ODHF"}},{"type":"Feature","geometry":{"type":"Point","coordinates":[-71.16333399999999,46.877679]},"properties":{"name":"CENTRE D'H\u00c9BERGEMENT SAINT-AUGUSTIN","facility":"Nursing and residential care facilities","city":"qu\u00e9bec","region":"qc","country":"CA","population":null,"tier":"major","source":"ODHF"}},{"type":"Feature","geometry":{"type":"Point","coordinates":[-73.494387,45.446057]},"properties":{"name":"CENTRE D'ACCUEIL MARCELLE FERRON","facility":"Nursing and residential care facilities","city":"brossard","region":"qc","country":"CA","population":null,"tier":"major","source":"ODHF"}},{"type":"Feature","geometry":{"type":"Point","coordinates":[-73.54855699999999,45.547469]},"properties":{"name":"CHSLD NICOLET","facility":"Nursing and residential care facilities","city":"montr\u00e9al","region":"qc","country":"CA","population":null,"tier":"major","source":"ODHF"}},{"type":"Feature","geometry":{"type":"Point","coordinates":[-64.79623634,46.09155355]},"properties":{"name":"Foyer Chez Nous Moncton","facility":"Nursing and residential care facilities","city":"moncton","region":"nb","country":"CA","population":null,"tier":"major","source":"ODHF"}},{"type":"Feature","geometry":{"type":"Point","coordinates":[-71.18259300000001,48.431497]},"properties":{"name":"CENTRE D'H\u00c9BERGEMENT GEORGES-H\u00c9BERT","facility":"Nursing and residential care facilities","city":"saguenay","region":"qc","country":"CA","population":null,"tier":"major","source":"ODHF"}},{"type":"Feature","geometry":{"type":"Point","coordinates":[-71.20943299999999,48.421965]},"properties":{"name":"CENTRE D'H\u00c9BERGEMENT DES PENS\u00c9ES","facility":"Nursing and residential care facilities","city":"saguenay","region":"qc","country":"CA","population":null,"tier":"major","source":"ODHF"}},{"type":"Feature","geometry":{"type":"Point","coordinates":[-72.233346,48.580108]},"properties":{"name":"CENTRE TSHISHEMISHK","facility":"Nursing and residential care facilities","city":"mashteuiatsh","region":"qc","country":"CA","population":null,"tier":"major","source":"ODHF"}},{"type":"Feature","geometry":{"type":"Point","coordinates":[-73.464849,45.477716]},"properties":{"name":"CENTRE DE R\u00c9ADAPTATION EN D\u00c9PENDANCE DE LONGUEUIL","facility":"Nursing and residential care facilities","city":"brossard","region":"qc","country":"CA","population":null,"tier":"major","source":"ODHF"}},{"type":"Feature","geometry":{"type":"Point","coordinates":[-71.391029,46.73937]},"properties":{"name":"CENTRE D'H\u00c9BERGEMENT ET DE SOINS DE LONGUE DUR\u00c9E VIGI DE SAINT-AUGUSTIN","facility":"Nursing and residential care facilities","city":"saint-augustin-de-desmaures","region":"qc","country":"CA","population":null,"tier":"major","source":"ODHF"}},{"type":"Feature","geometry":{"type":"Point","coordinates":[-64.79623634,46.09155355]},"properties":{"name":"Golden Years Estate Ltd","facility":"Nursing and residential care facilities","city":"moncton","region":"nb","country":"CA","population":null,"tier":"major","source":"ODHF"}},{"type":"Feature","geometry":{"type":"Point","coordinates":[-72.751308,46.537631]},"properties":{"name":"CENTRE DE SERVICES DE SHAWINIGAN","facility":"Nursing and residential care facilities","city":"shawinigan","region":"qc","country":"CA","population":null,"tier":"major","source":"ODHF"}},{"type":"Feature","geometry":{"type":"Point","coordinates":[-73.816119,45.4802]},"properties":{"name":"CENTRE D'H\u00c9BERGEMENT ET DE SOINS DE LONGUE DUR\u00c9E VIGI DE DOLLARD-DES-ORMEAUX","facility":"Nursing and residential care facilities","city":"dollard-des ormeaux","region":"qc","country":"CA","population":null,"tier":"major","source":"ODHF"}},{"type":"Feature","geometry":{"type":"Point","coordinates":[-73.858652,45.485499]},"properties":{"name":"CENTRE D'H\u00c9BERGEMENT ET DE SOINS DE LONGUE DUR\u00c9E VIGI DE PIERREFONDS","facility":"Nursing and residential care facilities","city":"montr\u00e9al","region":"qc","country":"CA","population":null,"tier":"major","source":"ODHF"}},{"type":"Feature","geometry":{"type":"Point","coordinates":[-72.721986,45.399614]},"properties":{"name":"CENTRE DE R\u00c9ADAPTATION EN D\u00c9PENDANCE DE GRANBY","facility":"Nursing and residential care facilities","city":"granby","region":"qc","country":"CA","population":null,"tier":"major","source":"ODHF"}},{"type":"Feature","geometry":{"type":"Point","coordinates":[-64.79623634,46.09155355]},"properties":{"name":"LA R\u00c9SIDENCE SIESTA LT\u00c9E","facility":"Nursing and residential care facilities","city":"moncton","region":"nb","country":"CA","population":null,"tier":"major","source":"ODHF"}},{"type":"Feature","geometry":{"type":"Point","coordinates":[-73.570971,45.489497]},"properties":{"name":"CENTRE D'H\u00c9BERGEMENT DES SEIGNEURS","facility":"Nursing and residential care facilities","city":"montr\u00e9al","region":"qc","country":"CA","population":null,"tier":"major","source":"ODHF"}},{"type":"Feature","geometry":{"type":"Point","coordinates":[-73.608611,45.539408]},"properties":{"name":"CHSLD AUCLAIR","facility":"Nursing and residential care facilities","city":"montr\u00e9al","region":"qc","country":"CA","population":null,"tier":"major","source":"ODHF"}},{"type":"Feature","geometry":{"type":"Point","coordinates":[-79.20354499999999,48.810477]},"properties":{"name":"CHSLD DE LA SARRE","facility":"Nursing and residential care facilities","city":"la sarre","region":"qc","country":"CA","population":null,"tier":"major","source":"ODHF"}},{"type":"Feature","geometry":{"type":"Point","coordinates":[-73.952855,45.392653]},"properties":{"name":"CHSLD LAURENT-BERGEVIN","facility":"Nursing and residential care facilities","city":"l'\u00eele-perrot","region":"qc","country":"CA","population":null,"tier":"major","source":"ODHF"}},{"type":"Feature","geometry":{"type":"Point","coordinates":[-73.876651,45.300647]},"properties":{"name":"CHSLD C\u00c9CILE-GODIN","facility":"Nursing and residential care facilities","city":"beauharnois","region":"qc","country":"CA","population":null,"tier":"major","source":"ODHF"}},{"type":"Feature","geometry":{"type":"Point","coordinates":[-73.110141,46.046399]},"properties":{"name":"CENTRE D'H\u00c9BERGEMENT J.-ARS\u00c8NE-PARENTEAU","facility":"Nursing and residential care facilities","city":"sorel-tracy","region":"qc","country":"CA","population":null,"tier":"major","source":"ODHF"}},{"type":"Feature","geometry":{"type":"Point","coordinates":[-73.14370799999999,46.027667]},"properties":{"name":"CENTRE D'H\u00c9BERGEMENT DE TRACY","facility":"Nursing and residential care facilities","city":"sorel-tracy","region":"qc","country":"CA","population":null,"tier":"major","source":"ODHF"}},{"type":"Feature","geometry":{"type":"Point","coordinates":[-64.858165,46.059746999999994]},"properties":{"name":"the Kenneth e. Spencer Nursing Home Inc.","facility":"Nursing and residential care facilities","city":"moncton","region":"nb","country":"CA","population":null,"tier":"major","source":"ODHF"}},{"type":"Feature","geometry":{"type":"Point","coordinates":[-75.501878,46.551727]},"properties":{"name":"CENTRE D'H\u00c9BERGEMENT SAINTE-ANNE","facility":"Nursing and residential care facilities","city":"mont-laurier","region":"qc","country":"CA","population":null,"tier":"major","source":"ODHF"}},{"type":"Feature","geometry":{"type":"Point","coordinates":[-70.909157,46.874731]},"properties":{"name":"CENTRE D'H\u00c9BERGEMENT ET DE SOINS DE LONGUE DUR\u00c9E VIGI NOTRE-DAME-DE-LOURDES","facility":"Nursing and residential care facilities","city":"saint-michel-de-bellechasse","region":"qc","country":"CA","population":null,"tier":"major","source":"ODHF"}},{"type":"Feature","geometry":{"type":"Point","coordinates":[-73.48135500000001,45.498651]},"properties":{"name":"CENTRE D'H\u00c9BERGEMENT ET DE SOINS DE LONGUE DUR\u00c9E VIGI DE MONT\u00c9R\u00c9GIE","facility":"Nursing and residential care facilities","city":"longueuil","region":"qc","country":"CA","population":null,"tier":"major","source":"ODHF"}},{"type":"Feature","geometry":{"type":"Point","coordinates":[-73.527665,45.589490000000005]},"properties":{"name":"CHSLD JEANNE-LE BER","facility":"Nursing and residential care facilities","city":"montr\u00e9al","region":"qc","country":"CA","population":null,"tier":"major","source":"ODHF"}},{"type":"Feature","geometry":{"type":"Point","coordinates":[-64.373289,45.903273999999996]},"properties":{"name":"the United Church Home for Senior Citizens - Drew Nursing Home","facility":"Nursing and residential care facilities","city":"sackville","region":"nb","country":"CA","population":null,"tier":"major","source":"ODHF"}},{"type":"Feature","geometry":{"type":"Point","coordinates":[-74.63822900000001,45.975016]},"properties":{"name":"CENTRE DE R\u00c9ADAPTATION POUR LES JEUNES EN DIFFICULT\u00c9 D'ADAPTATION D'HUBERDEAU","facility":"Nursing and residential care facilities","city":"huberdeau","region":"qc","country":"CA","population":null,"tier":"major","source":"ODHF"}},{"type":"Feature","geometry":{"type":"Point","coordinates":[-73.539985,45.66223]},"properties":{"name":"CENTRE DE R\u00c9ADAPTATION POUR LES JEUNES EN DIFFICULT\u00c9 D'ADAPTATION DE LA CIT\u00c9-DES-PRAIRIES","facility":"Nursing and residential care facilities","city":"montr\u00e9al","region":"qc","country":"CA","population":null,"tier":"major","source":"ODHF"}},{"type":"Feature","geometry":{"type":"Point","coordinates":[-73.77359200000001,45.507276]},"properties":{"name":"CENTRE DE R\u00c9ADAPTATION POUR LES JEUNES EN DIFFICULT\u00c9 D'ADAPTATION ROSE-VIRGINIE-PELLETIER","facility":"Nursing and residential care facilities","city":"montr\u00e9al","region":"qc","country":"CA","population":null,"tier":"major","source":"ODHF"}},{"type":"Feature","geometry":{"type":"Point","coordinates":[-71.596776,46.512283000000004]},"properties":{"name":"CHSLD DE SAINT-FLAVIEN","facility":"Nursing and residential care facilities","city":"saint-flavien","region":"qc","country":"CA","population":null,"tier":"major","source":"ODHF"}},{"type":"Feature","geometry":{"type":"Point","coordinates":[-71.736846,46.622137]},"properties":{"name":"CHSLD DE SAINTE-CROIX","facility":"Nursing and residential care facilities","city":"sainte-croix","region":"qc","country":"CA","population":null,"tier":"major","source":"ODHF"}},{"type":"Feature","geometry":{"type":"Point","coordinates":[-67.346563,48.417999]},"properties":{"name":"CENTRE D'H\u00c9BERGEMENT MARIE-ANNE-OUELLET","facility":"Nursing and residential care facilities","city":"lac-au-saumon","region":"qc","country":"CA","population":null,"tier":"major","source":"ODHF"}},{"type":"Feature","geometry":{"type":"Point","coordinates":[-73.60374300000001,45.616069]},"properties":{"name":"CENTRE D'H\u00c9BERGEMENT CHAMPLAIN - MARIE-VICTORIN","facility":"Nursing and residential care facilities","city":"montr\u00e9al","region":"qc","country":"CA","population":null,"tier":"major","source":"ODHF"}},{"type":"Feature","geometry":{"type":"Point","coordinates":[-73.73694,45.355003]},"properties":{"name":"CENTRE D'H\u00c9BERGEMENT CHAMPLAIN-DE-CH\u00c2TEAUGUAY","facility":"Nursing and residential care facilities","city":"ch\u00e2teauguay","region":"qc","country":"CA","population":null,"tier":"major","source":"ODHF"}},{"type":"Feature","geometry":{"type":"Point","coordinates":[-64.810702,46.064640000000004]},"properties":{"name":"the Salvation Army Lakeview Manor","facility":"Nursing and residential care facilities","city":"riverview","region":"nb","country":"CA","population":null,"tier":"major","source":"ODHF"}},{"type":"Feature","geometry":{"type":"Point","coordinates":[-66.404519,50.221758]},"properties":{"name":"UNIT\u00c9 DE VIE POUR JEUNES EN DIFFICULT\u00c9 D'ADAPTATION PISHIMUSS","facility":"Nursing and residential care facilities","city":"uashat","region":"qc","country":"CA","population":null,"tier":"major","source":"ODHF"}},{"type":"Feature","geometry":{"type":"Point","coordinates":[-71.357662,46.864988000000004]},"properties":{"name":"R\u00c9SIDENCE MARCEL SIOUI","facility":"Nursing and residential care facilities","city":"wendake","region":"qc","country":"CA","population":null,"tier":"major","source":"ODHF"}},{"type":"Feature","geometry":{"type":"Point","coordinates":[-73.600162,45.477165]},"properties":{"name":"CH\u00c2TEAU WESTMOUNT","facility":"Nursing and residential care facilities","city":"westmount","region":"qc","country":"CA","population":null,"tier":"major","source":"ODHF"}},{"type":"Feature","geometry":{"type":"Point","coordinates":[-71.266101,46.864785]},"properties":{"name":"CENTRE D'H\u00c9BERGEMENT EN SANT\u00c9 MENTALE LOUIS-XIV","facility":"Nursing and residential care facilities","city":"qu\u00e9bec","region":"qc","country":"CA","population":null,"tier":"major","source":"ODHF"}},{"type":"Feature","geometry":{"type":"Point","coordinates":[-64.777176,46.118247]},"properties":{"name":"VILLA DU REPOS INC.","facility":"Nursing and residential care facilities","city":"moncton","region":"nb","country":"CA","population":null,"tier":"major","source":"ODHF"}},{"type":"Feature","geometry":{"type":"Point","coordinates":[-73.65104699999999,45.525005]},"properties":{"name":"CENTRE D'H\u00c9BERGEMENT ET DE SOINS DE LONGUE DUR\u00c9E VIGI DE M'ONT-ROYAL","facility":"Nursing and residential care facilities","city":"mont-royal","region":"qc","country":"CA","population":null,"tier":"major","source":"ODHF"}},{"type":"Feature","geometry":{"type":"Point","coordinates":[-74.735715,46.277341]},"properties":{"name":"CENTRE D'H\u00c9BERGEMENT DE LABELLE","facility":"Nursing and residential care facilities","city":"labelle","region":"qc","country":"CA","population":null,"tier":"major","source":"ODHF"}},{"type":"Feature","geometry":{"type":"Point","coordinates":[-71.832667,46.890018]},"properties":{"name":"CENTRE D'H\u00c9BERGEMENT DE SAINT-RAYMOND","facility":"Nursing and residential care facilities","city":"saint-raymond","region":"qc","country":"CA","population":null,"tier":"major","source":"ODHF"}},{"type":"Feature","geometry":{"type":"Point","coordinates":[-64.977828,46.744642]},"properties":{"name":"Villa Maria Inc.","facility":"Nursing and residential care facilities","city":"st.-louis-de-kent","region":"nb","country":"CA","population":null,"tier":"major","source":"ODHF"}},{"type":"Feature","geometry":{"type":"Point","coordinates":[-65.51221,48.056868]},"properties":{"name":"CENTRE DE R\u00c9ADAPTATION POUR LES JEUNES EN DIFFICULT\u00c9 D'ADAPTATION DE BONAVENTURE","facility":"Nursing and residential care facilities","city":"bonaventure","region":"qc","country":"CA","population":null,"tier":"major","source":"ODHF"}},{"type":"Feature","geometry":{"type":"Point","coordinates":[-75.74971500000001,45.421708]},"properties":{"name":"CENTRE DE R\u00c9DAPTATION POUR LES JEUNES EN DIFFICULT\u00c9 D'ADAPTATION TACH\u00c9","facility":"Nursing and residential care facilities","city":"gatineau","region":"qc","country":"CA","population":null,"tier":"major","source":"ODHF"}},{"type":"Feature","geometry":{"type":"Point","coordinates":[-71.729567,46.675424]},"properties":{"name":"CENTRE D'H\u00c9BERGEMENT DE DONNACONA","facility":"Nursing and residential care facilities","city":"donnacona","region":"qc","country":"CA","population":null,"tier":"major","source":"ODHF"}},{"type":"Feature","geometry":{"type":"Point","coordinates":[-72.045309,46.683354]},"properties":{"name":"CENTRE D'H\u00c9BERGEMENT DE SAINT-MARC-DES-CARRI\u00c8RES","facility":"Nursing and residential care facilities","city":"saint-marc-des-carri\u00e8res","region":"qc","country":"CA","population":null,"tier":"major","source":"ODHF"}},{"type":"Feature","geometry":{"type":"Point","coordinates":[-72.149477,46.664235999999995]},"properties":{"name":"CENTRE D'H\u00c9BERGEMENT DE SAINT-CASIMIR","facility":"Nursing and residential care facilities","city":"saint-casimir","region":"qc","country":"CA","population":null,"tier":"major","source":"ODHF"}},{"type":"Feature","geometry":{"type":"Point","coordinates":[-64.53691500000001,46.218340999999995]},"properties":{"name":"VILLA PROVIDENCE SH\u00c9DIAC INC.","facility":"Nursing and residential care facilities","city":"sh\u00e9diac","region":"nb","country":"CA","population":null,"tier":"major","source":"ODHF"}},{"type":"Feature","geometry":{"type":"Point","coordinates":[-69.176479,48.124029]},"properties":{"name":"CENTRE DE R\u00c9ADAPTATION POUR LES JEUNES EN DIFFICULT\u00c9 D'ADAPTATION DES BASQUES","facility":"Nursing and residential care facilities","city":"trois-pistoles","region":"qc","country":"CA","population":null,"tier":"major","source":"ODHF"}},{"type":"Feature","geometry":{"type":"Point","coordinates":[-64.090464,46.041825]},"properties":{"name":"Westford Nursing Home","facility":"Nursing and residential care facilities","city":"port elgin","region":"nb","country":"CA","population":null,"tier":"major","source":"ODHF"}},{"type":"Feature","geometry":{"type":"Point","coordinates":[-73.569163,46.006849]},"properties":{"name":"CENTRE D'H\u00c9BERGEMENT ARMAND-MARCHAND","facility":"Nursing and residential care facilities","city":"saint-liguori","region":"qc","country":"CA","population":null,"tier":"major","source":"ODHF"}},{"type":"Feature","geometry":{"type":"Point","coordinates":[-73.576285,45.578488]},"properties":{"name":"FOYER DE GROUPE POUR LES JEUNES EN DIFFICULT\u00c9 D'ADAPTATION SAGAMO","facility":"Nursing and residential care facilities","city":"montr\u00e9al","region":"qc","country":"CA","population":null,"tier":"major","source":"ODHF"}},{"type":"Feature","geometry":{"type":"Point","coordinates":[-73.755089,45.854263]},"properties":{"name":"CENTRE D'H\u00c9BERGEMENT SAINT-ANTOINE-DE-PADOUE","facility":"Nursing and residential care facilities","city":"saint-lin--laurentides","region":"qc","country":"CA","population":null,"tier":"major","source":"ODHF"}},{"type":"Feature","geometry":{"type":"Point","coordinates":[-73.56983100000001,45.950517]},"properties":{"name":"CENTRE D'H\u00c9BERGEMENT DE SAINT-JACQUES","facility":"Nursing and residential care facilities","city":"saint-jacques","region":"qc","country":"CA","population":null,"tier":"major","source":"ODHF"}},{"type":"Feature","geometry":{"type":"Point","coordinates":[-71.076216,46.888162]},"properties":{"name":"CENTRE D'H\u00c9BERGEMENT ALPHONSE-BONENFANT","facility":"Nursing and residential care facilities","city":"saint-pierre-de-l'\u00eele-d'orl\u00e9ans","region":"qc","country":"CA","population":null,"tier":"major","source":"ODHF"}},{"type":"Feature","geometry":{"type":"Point","coordinates":[-73.635323,45.558671999999994]},"properties":{"name":"CHSLD L\u00c9GAR\u00c9","facility":"Nursing and residential care facilities","city":"montr\u00e9al","region":"qc","country":"CA","population":null,"tier":"major","source":"ODHF"}},{"type":"Feature","geometry":{"type":"Point","coordinates":[-73.207516,45.571869]},"properties":{"name":"CENTRE D'H\u00c9BERGEMENT MARGUERITE-ADAM","facility":"Nursing and residential care facilities","city":"beloeil","region":"qc","country":"CA","population":null,"tier":"major","source":"ODHF"}},{"type":"Feature","geometry":{"type":"Point","coordinates":[-66.949779,44.886916]},"properties":{"name":"Campobello Lodge","facility":"Nursing and residential care facilities","city":"welshpool","region":"nb","country":"CA","population":null,"tier":"major","source":"ODHF"}},{"type":"Feature","geometry":{"type":"Point","coordinates":[-73.344623,45.521538]},"properties":{"name":"CENTRE D'H\u00c9BERGEMENT DE MONTARVILLE","facility":"Nursing and residential care facilities","city":"saint-bruno-de-montarville","region":"qc","country":"CA","population":null,"tier":"major","source":"ODHF"}},{"type":"Feature","geometry":{"type":"Point","coordinates":[-72.505134,45.341389]},"properties":{"name":"CHSLD DE WATERLOO","facility":"Nursing and residential care facilities","city":"waterloo","region":"qc","country":"CA","population":null,"tier":"major","source":"ODHF"}},{"type":"Feature","geometry":{"type":"Point","coordinates":[-73.452073,45.535508]},"properties":{"name":"CENTRE D'H\u00c9BERGEMENT DE MONSEIGNEUR-CODERRE","facility":"Nursing and residential care facilities","city":"longueuil","region":"qc","country":"CA","population":null,"tier":"major","source":"ODHF"}},{"type":"Feature","geometry":{"type":"Point","coordinates":[-74.008107,45.777423999999996]},"properties":{"name":"CENTRE DE R\u00c9ADAPTATION POUR LES JEUNES EN DIFFICULT\u00c9 D'ADAPTATION DE SAINT-J\u00c9R\u00d4ME","facility":"Nursing and residential care facilities","city":"saint-j\u00e9r\u00f4me","region":"qc","country":"CA","population":null,"tier":"major","source":"ODHF"}},{"type":"Feature","geometry":{"type":"Point","coordinates":[-73.4795,45.567534]},"properties":{"name":"CENTRE D'H\u00c9BERGEMENT REN\u00c9-L\u00c9VESQUE","facility":"Nursing and residential care facilities","city":"longueuil","region":"qc","country":"CA","population":null,"tier":"major","source":"ODHF"}},{"type":"Feature","geometry":{"type":"Point","coordinates":[-73.53576899999999,45.600546]},"properties":{"name":"CHSLD PIERRE-JOSEPH-TRIEST","facility":"Nursing and residential care facilities","city":"montr\u00e9al","region":"qc","country":"CA","population":null,"tier":"major","source":"ODHF"}},{"type":"Feature","geometry":{"type":"Point","coordinates":[-71.088838,46.58355]},"properties":{"name":"CHSLD DE SAINT-ISIDORE","facility":"Nursing and residential care facilities","city":"saint-isidore","region":"qc","country":"CA","population":null,"tier":"major","source":"ODHF"}},{"type":"Feature","geometry":{"type":"Point","coordinates":[-70.983181,46.556668]},"properties":{"name":"CHSLD DE SAINTE-H\u00c9N\u00c9DINE","facility":"Nursing and residential care facilities","city":"sainte-h\u00e9n\u00e9dine","region":"qc","country":"CA","population":null,"tier":"major","source":"ODHF"}},{"type":"Feature","geometry":{"type":"Point","coordinates":[-72.14800100000001,45.668067]},"properties":{"name":"CHSLD DE RICHMOND","facility":"Nursing and residential care facilities","city":"richmond","region":"qc","country":"CA","population":null,"tier":"major","source":"ODHF"}},{"type":"Feature","geometry":{"type":"Point","coordinates":[-66.078417,45.25717]},"properties":{"name":"Carleton Kirk Lodge","facility":"Nursing and residential care facilities","city":"saint john","region":"nb","country":"CA","population":null,"tier":"major","source":"ODHF"}},{"type":"Feature","geometry":{"type":"Point","coordinates":[-70.14904200000001,47.653975]},"properties":{"name":"CENTRE D'H\u00c9BERGEMENT DE LA MALBAIE","facility":"Nursing and residential care facilities","city":"la malbaie","region":"qc","country":"CA","population":null,"tier":"major","source":"ODHF"}},{"type":"Feature","geometry":{"type":"Point","coordinates":[-70.226387,47.693576]},"properties":{"name":"CENTRE D'H\u00c9BERGEMENT DE CLERMONT","facility":"Nursing and residential care facilities","city":"clermont","region":"qc","country":"CA","population":null,"tier":"major","source":"ODHF"}},{"type":"Feature","geometry":{"type":"Point","coordinates":[-74.09691,45.565226]},"properties":{"name":"CENTRE D'H\u00c9BERGEMENT DE SAINT-BENO\u00ceT","facility":"Nursing and residential care facilities","city":"mirabel","region":"qc","country":"CA","population":null,"tier":"major","source":"ODHF"}},{"type":"Feature","geometry":{"type":"Point","coordinates":[-75.70881,45.439248]},"properties":{"name":"CENTRE D'H\u00c9BERGEMENT LA PIET\u00c0","facility":"Nursing and residential care facilities","city":"gatineau","region":"qc","country":"CA","population":null,"tier":"major","source":"ODHF"}},{"type":"Feature","geometry":{"type":"Point","coordinates":[-65.832022,45.514946]},"properties":{"name":"Dr. v. a. Snow Centre Inc.","facility":"Nursing and residential care facilities","city":"hampton","region":"nb","country":"CA","population":null,"tier":"major","source":"ODHF"}},{"type":"Feature","geometry":{"type":"Point","coordinates":[-66.786058,45.061793]},"properties":{"name":"Fundy Nursing Home","facility":"Nursing and residential care facilities","city":"black's harbour","region":"nb","country":"CA","population":null,"tier":"major","source":"ODHF"}},{"type":"Feature","geometry":{"type":"Point","coordinates":[-64.744016,45.755143]},"properties":{"name":"Forest Dale Home Inc.","facility":"Nursing and residential care facilities","city":"riverside albert","region":"nb","country":"CA","population":null,"tier":"major","source":"ODHF"}},{"type":"Feature","geometry":{"type":"Point","coordinates":[-66.758216,44.725991]},"properties":{"name":"Grand Manan Nursing Home Inc.","facility":"Nursing and residential care facilities","city":"grand manan","region":"nb","country":"CA","population":null,"tier":"major","source":"ODHF"}},{"type":"Feature","geometry":{"type":"Point","coordinates":[-65.961461,45.435904]},"properties":{"name":"Kings Way Care Centre Inc.","facility":"Nursing and residential care facilities","city":"quispamsis","region":"nb","country":"CA","population":null,"tier":"major","source":"ODHF"}},{"type":"Feature","geometry":{"type":"Point","coordinates":[-65.488413,45.726884999999996]},"properties":{"name":"Kiwanis Nursing Home Inc.","facility":"Nursing and residential care facilities","city":"sussex","region":"nb","country":"CA","population":null,"tier":"major","source":"ODHF"}},{"type":"Feature","geometry":{"type":"Point","coordinates":[-66.032719,45.290184]},"properties":{"name":"Loch Lomond Villa Inc.","facility":"Nursing and residential care facilities","city":"saint john","region":"nb","country":"CA","population":null,"tier":"major","source":"ODHF"}},{"type":"Feature","geometry":{"type":"Point","coordinates":[-67.044493,45.077773]},"properties":{"name":"Passamaquoddy Lodge Inc.","facility":"Nursing and residential care facilities","city":"st. andrews","region":"nb","country":"CA","population":null,"tier":"major","source":"ODHF"}},{"type":"Feature","geometry":{"type":"Point","coordinates":[-51.7074218,64.1940834]},"properties":{"name":"Plejeboliger","facility":"group_home","city":"","region":"","country":"GL","population":null,"tier":"limited","source":"OSM (Greenland)"}},{"type":"Feature","geometry":{"type":"Point","coordinates":[-69.2112289,77.4668246]},"properties":{"name":"Long-term care facility","facility":"nursing_home","city":"","region":"","country":"GL","population":null,"tier":"major","source":"OSM (Greenland)"}},{"type":"Feature","geometry":{"type":"Point","coordinates":[-53.5327417,69.2473519]},"properties":{"name":"Long-term care facility","facility":"group_home","city":"Qeqertarsuaq","region":"","country":"GL","population":null,"tier":"limited","source":"OSM (Greenland)"}},{"type":"Feature","geometry":{"type":"Point","coordinates":[-51.1860911,68.8250757]},"properties":{"name":"Puilasoq","facility":"group_home","city":"Qasigiannguit","region":"","country":"GL","population":null,"tier":"limited","source":"OSM (Greenland)"}},{"type":"Feature","geometry":{"type":"Point","coordinates":[-18.6524326,66.0664686]},"properties":{"name":"Hornbrekka","facility":"nursing_home","city":"","region":"","country":"IS","population":null,"tier":"major","source":"OSM (Iceland)"}},{"type":"Feature","geometry":{"type":"Point","coordinates":[-20.9877748,63.9391777]},"properties":{"name":"Fossheimar","facility":"nursing_home","city":"Selfoss","region":"","country":"IS","population":null,"tier":"major","source":"OSM (Iceland)"}},{"type":"Feature","geometry":{"type":"Point","coordinates":[-21.9411311,64.0923389]},"properties":{"name":"Hrafnista - \u00cdsafold","facility":"nursing_home","city":"Gar\u00f0ab\u00e6r","region":"","country":"IS","population":null,"tier":"major","source":"OSM (Iceland)"}},{"type":"Feature","geometry":{"type":"Point","coordinates":[-18.0497857,63.7909074]},"properties":{"name":"Klausturh\u00f3lar","facility":"nursing_home","city":"","region":"","country":"IS","population":null,"tier":"major","source":"OSM (Iceland)"}},{"type":"Feature","geometry":{"type":"Point","coordinates":[-21.8592742,64.1279656]},"properties":{"name":"M\u00f6rkin, \u00fej\u00f3nustu\u00edb\u00fa\u00f0ir","facility":"assisted_living","city":"","region":"","country":"IS","population":null,"tier":"major","source":"OSM (Iceland)"}},{"type":"Feature","geometry":{"type":"Point","coordinates":[-21.8587334,64.128238]},"properties":{"name":"M\u00f6rkin, \u00fej\u00f3nustu\u00edb\u00fa\u00f0ir","facility":"assisted_living","city":"","region":"","country":"IS","population":null,"tier":"major","source":"OSM (Iceland)"}},{"type":"Feature","geometry":{"type":"Point","coordinates":[-21.9518818,64.1452434]},"properties":{"name":"Grund, dvalar- og hj\u00fakrunarheimili","facility":"nursing_home","city":"Reykjav\u00edk","region":"","country":"IS","population":null,"tier":"major","source":"OSM (Iceland)"}},{"type":"Feature","geometry":{"type":"Point","coordinates":[-21.8598011,64.127684]},"properties":{"name":"M\u00f6rkin, \u00fej\u00f3nustu\u00edb\u00fa\u00f0ir","facility":"assisted_living","city":"","region":"","country":"IS","population":null,"tier":"major","source":"OSM (Iceland)"}},{"type":"Feature","geometry":{"type":"Point","coordinates":[-21.8447035,64.1054798]},"properties":{"name":"Long-term care facility","facility":"nursing_home","city":"","region":"","country":"IS","population":null,"tier":"major","source":"OSM (Iceland)"}},{"type":"Feature","geometry":{"type":"Point","coordinates":[-21.8463589,64.1055953]},"properties":{"name":"Long-term care facility","facility":"assisted_living","city":"","region":"","country":"IS","population":null,"tier":"major","source":"OSM (Iceland)"}},{"type":"Feature","geometry":{"type":"Point","coordinates":[-21.845895,64.1059333]},"properties":{"name":"Long-term care facility","facility":"assisted_living","city":"","region":"","country":"IS","population":null,"tier":"major","source":"OSM (Iceland)"}},{"type":"Feature","geometry":{"type":"Point","coordinates":[-21.8959239,64.1242875]},"properties":{"name":"Long-term care facility","facility":"group_home","city":"","region":"","country":"IS","population":null,"tier":"limited","source":"OSM (Iceland)"}},{"type":"Feature","geometry":{"type":"Point","coordinates":[-21.8977763,64.1243504]},"properties":{"name":"Long-term care facility","facility":"assisted_living","city":"","region":"","country":"IS","population":null,"tier":"major","source":"OSM (Iceland)"}},{"type":"Feature","geometry":{"type":"Point","coordinates":[-21.8971779,64.1237845]},"properties":{"name":"Long-term care facility","facility":"assisted_living","city":"","region":"","country":"IS","population":null,"tier":"major","source":"OSM (Iceland)"}},{"type":"Feature","geometry":{"type":"Point","coordinates":[-21.8954838,64.1255783]},"properties":{"name":"Long-term care facility","facility":"assisted_living","city":"","region":"","country":"IS","population":null,"tier":"major","source":"OSM (Iceland)"}},{"type":"Feature","geometry":{"type":"Point","coordinates":[-21.8930449,64.1240645]},"properties":{"name":"Long-term care facility","facility":"assisted_living","city":"","region":"","country":"IS","population":null,"tier":"major","source":"OSM (Iceland)"}},{"type":"Feature","geometry":{"type":"Point","coordinates":[-21.8938244,64.1231313]},"properties":{"name":"Long-term care facility","facility":"assisted_living","city":"","region":"","country":"IS","population":null,"tier":"major","source":"OSM (Iceland)"}},{"type":"Feature","geometry":{"type":"Point","coordinates":[-21.9523651,64.1458582]},"properties":{"name":"Long-term care facility","facility":"assisted_living","city":"","region":"","country":"IS","population":null,"tier":"major","source":"OSM (Iceland)"}},{"type":"Feature","geometry":{"type":"Point","coordinates":[-21.9519717,64.1457673]},"properties":{"name":"Long-term care facility","facility":"assisted_living","city":"","region":"","country":"IS","population":null,"tier":"major","source":"OSM (Iceland)"}},{"type":"Feature","geometry":{"type":"Point","coordinates":[-21.778745,64.1386605]},"properties":{"name":"Eir","facility":"nursing_home","city":"","region":"","country":"IS","population":null,"tier":"major","source":"OSM (Iceland)"}},{"type":"Feature","geometry":{"type":"Point","coordinates":[-21.8972165,64.1242434]},"properties":{"name":"Long-term care facility","facility":"assisted_living","city":"","region":"","country":"IS","population":null,"tier":"major","source":"OSM (Iceland)"}},{"type":"Feature","geometry":{"type":"Point","coordinates":[-21.8946591,64.1254929]},"properties":{"name":"Long-term care facility","facility":"assisted_living","city":"","region":"","country":"IS","population":null,"tier":"major","source":"OSM (Iceland)"}},{"type":"Feature","geometry":{"type":"Point","coordinates":[-21.8972457,64.1243418]},"properties":{"name":"Long-term care facility","facility":"assisted_living","city":"","region":"","country":"IS","population":null,"tier":"major","source":"OSM (Iceland)"}},{"type":"Feature","geometry":{"type":"Point","coordinates":[-21.895677,64.1258515]},"properties":{"name":"Long-term care facility","facility":"assisted_living","city":"","region":"","country":"IS","population":null,"tier":"major","source":"OSM (Iceland)"}},{"type":"Feature","geometry":{"type":"Point","coordinates":[-21.8972599,64.1244372]},"properties":{"name":"Long-term care facility","facility":"assisted_living","city":"","region":"","country":"IS","population":null,"tier":"major","source":"OSM (Iceland)"}},{"type":"Feature","geometry":{"type":"Point","coordinates":[-21.8921657,64.1238877]},"properties":{"name":"Long-term care facility","facility":"assisted_living","city":"","region":"","country":"IS","population":null,"tier":"major","source":"OSM (Iceland)"}},{"type":"Feature","geometry":{"type":"Point","coordinates":[-21.8928192,64.1232961]},"properties":{"name":"Long-term care facility","facility":"assisted_living","city":"","region":"","country":"IS","population":null,"tier":"major","source":"OSM (Iceland)"}},{"type":"Feature","geometry":{"type":"Point","coordinates":[-21.8932382,64.1283064]},"properties":{"name":"Long-term care facility","facility":"group_home","city":"Reykjav\u00edk","region":"","country":"IS","population":null,"tier":"limited","source":"OSM (Iceland)"}},{"type":"Feature","geometry":{"type":"Point","coordinates":[-21.8932729,64.128653]},"properties":{"name":"Long-term care facility","facility":"assisted_living","city":"Reykjav\u00edk","region":"","country":"IS","population":null,"tier":"major","source":"OSM (Iceland)"}},{"type":"Feature","geometry":{"type":"Point","coordinates":[-21.8700818,64.1473913]},"properties":{"name":"Long-term care facility","facility":"nursing_home","city":"","region":"","country":"IS","population":null,"tier":"major","source":"OSM (Iceland)"}},{"type":"Feature","geometry":{"type":"Point","coordinates":[-21.8694864,64.147493]},"properties":{"name":"Long-term care facility","facility":"assisted_living","city":"","region":"","country":"IS","population":null,"tier":"major","source":"OSM (Iceland)"}},{"type":"Feature","geometry":{"type":"Point","coordinates":[-21.8696321,64.1483015]},"properties":{"name":"Long-term care facility","facility":"assisted_living","city":"","region":"","country":"IS","population":null,"tier":"major","source":"OSM (Iceland)"}},{"type":"Feature","geometry":{"type":"Point","coordinates":[-21.8689704,64.1472318]},"properties":{"name":"Long-term care facility","facility":"assisted_living","city":"","region":"","country":"IS","population":null,"tier":"major","source":"OSM (Iceland)"}},{"type":"Feature","geometry":{"type":"Point","coordinates":[-21.8695331,64.1483813]},"properties":{"name":"Long-term care facility","facility":"assisted_living","city":"","region":"","country":"IS","population":null,"tier":"major","source":"OSM (Iceland)"}},{"type":"Feature","geometry":{"type":"Point","coordinates":[-21.8692219,64.1480005]},"properties":{"name":"Long-term care facility","facility":"assisted_living","city":"","region":"","country":"IS","population":null,"tier":"major","source":"OSM (Iceland)"}},{"type":"Feature","geometry":{"type":"Point","coordinates":[-21.8699281,64.1480585]},"properties":{"name":"Long-term care facility","facility":"assisted_living","city":"","region":"","country":"IS","population":null,"tier":"major","source":"OSM (Iceland)"}},{"type":"Feature","geometry":{"type":"Point","coordinates":[-21.8682417,64.1488332]},"properties":{"name":"Long-term care facility","facility":"assisted_living","city":"","region":"","country":"IS","population":null,"tier":"major","source":"OSM (Iceland)"}},{"type":"Feature","geometry":{"type":"Point","coordinates":[-21.869921,64.1476825]},"properties":{"name":"Long-term care facility","facility":"nursing_home","city":"","region":"","country":"IS","population":null,"tier":"major","source":"OSM (Iceland)"}},{"type":"Feature","geometry":{"type":"Point","coordinates":[-21.8686558,64.1484474]},"properties":{"name":"Long-term care facility","facility":"assisted_living","city":"","region":"","country":"IS","population":null,"tier":"major","source":"OSM (Iceland)"}},{"type":"Feature","geometry":{"type":"Point","coordinates":[-21.8688766,64.1475997]},"properties":{"name":"Long-term care facility","facility":"assisted_living","city":"","region":"","country":"IS","population":null,"tier":"major","source":"OSM (Iceland)"}},{"type":"Feature","geometry":{"type":"Point","coordinates":[-21.8684685,64.1480443]},"properties":{"name":"Long-term care facility","facility":"assisted_living","city":"","region":"","country":"IS","population":null,"tier":"major","source":"OSM (Iceland)"}},{"type":"Feature","geometry":{"type":"Point","coordinates":[-21.868612,64.147933]},"properties":{"name":"Long-term care facility","facility":"assisted_living","city":"","region":"","country":"IS","population":null,"tier":"major","source":"OSM (Iceland)"}},{"type":"Feature","geometry":{"type":"Point","coordinates":[-21.8698307,64.148144]},"properties":{"name":"Long-term care facility","facility":"assisted_living","city":"","region":"","country":"IS","population":null,"tier":"major","source":"OSM (Iceland)"}},{"type":"Feature","geometry":{"type":"Point","coordinates":[-21.8690051,64.1471078]},"properties":{"name":"Long-term care facility","facility":"assisted_living","city":"","region":"","country":"IS","population":null,"tier":"major","source":"OSM (Iceland)"}},{"type":"Feature","geometry":{"type":"Point","coordinates":[-21.8695815,64.1471246]},"properties":{"name":"Long-term care facility","facility":"assisted_living","city":"","region":"","country":"IS","population":null,"tier":"major","source":"OSM (Iceland)"}},{"type":"Feature","geometry":{"type":"Point","coordinates":[-21.8694544,64.1476168]},"properties":{"name":"Long-term care facility","facility":"assisted_living","city":"","region":"","country":"IS","population":null,"tier":"major","source":"OSM (Iceland)"}},{"type":"Feature","geometry":{"type":"Point","coordinates":[-21.868327,64.1481553]},"properties":{"name":"Long-term care facility","facility":"assisted_living","city":"","region":"","country":"IS","population":null,"tier":"major","source":"OSM (Iceland)"}},{"type":"Feature","geometry":{"type":"Point","coordinates":[-21.86894,64.1482247]},"properties":{"name":"Long-term care facility","facility":"assisted_living","city":"","region":"","country":"IS","population":null,"tier":"major","source":"OSM (Iceland)"}},{"type":"Feature","geometry":{"type":"Point","coordinates":[-21.8689401,64.1473547]},"properties":{"name":"Long-term care facility","facility":"assisted_living","city":"","region":"","country":"IS","population":null,"tier":"major","source":"OSM (Iceland)"}},{"type":"Feature","geometry":{"type":"Point","coordinates":[-21.8694347,64.1484594]},"properties":{"name":"Long-term care facility","facility":"assisted_living","city":"","region":"","country":"IS","population":null,"tier":"major","source":"OSM (Iceland)"}},{"type":"Feature","geometry":{"type":"Point","coordinates":[-21.8690803,64.1481115]},"properties":{"name":"Long-term care facility","facility":"assisted_living","city":"","region":"","country":"IS","population":null,"tier":"major","source":"OSM (Iceland)"}},{"type":"Feature","geometry":{"type":"Point","coordinates":[-21.8688452,64.1477222]},"properties":{"name":"Long-term care facility","facility":"assisted_living","city":"","region":"","country":"IS","population":null,"tier":"major","source":"OSM (Iceland)"}},{"type":"Feature","geometry":{"type":"Point","coordinates":[-21.8687971,64.1483331]},"properties":{"name":"Long-term care facility","facility":"assisted_living","city":"","region":"","country":"IS","population":null,"tier":"major","source":"OSM (Iceland)"}},{"type":"Feature","geometry":{"type":"Point","coordinates":[-21.8695176,64.1473694]},"properties":{"name":"Long-term care facility","facility":"assisted_living","city":"","region":"","country":"IS","population":null,"tier":"major","source":"OSM (Iceland)"}},{"type":"Feature","geometry":{"type":"Point","coordinates":[-21.8697311,64.1482224]},"properties":{"name":"Long-term care facility","facility":"assisted_living","city":"","region":"","country":"IS","population":null,"tier":"major","source":"OSM (Iceland)"}},{"type":"Feature","geometry":{"type":"Point","coordinates":[-21.8700016,64.1475365]},"properties":{"name":"Long-term care facility","facility":"nursing_home","city":"","region":"","country":"IS","population":null,"tier":"major","source":"OSM (Iceland)"}},{"type":"Feature","geometry":{"type":"Point","coordinates":[-21.8693506,64.1485378]},"properties":{"name":"Long-term care facility","facility":"assisted_living","city":"","region":"","country":"IS","population":null,"tier":"major","source":"OSM (Iceland)"}},{"type":"Feature","geometry":{"type":"Point","coordinates":[-21.8695495,64.1472469]},"properties":{"name":"Long-term care facility","facility":"assisted_living","city":"","region":"","country":"IS","population":null,"tier":"major","source":"OSM (Iceland)"}},{"type":"Feature","geometry":{"type":"Point","coordinates":[-21.8741293,64.1474312]},"properties":{"name":"Dalbraut","facility":"nursing_home","city":"","region":"","country":"IS","population":null,"tier":"major","source":"OSM (Iceland)"}},{"type":"Feature","geometry":{"type":"Point","coordinates":[-21.8689075,64.1474775]},"properties":{"name":"Long-term care facility","facility":"assisted_living","city":"","region":"","country":"IS","population":null,"tier":"major","source":"OSM (Iceland)"}},{"type":"Feature","geometry":{"type":"Point","coordinates":[-21.8864097,64.1502128]},"properties":{"name":"Long-term care facility","facility":"assisted_living","city":"","region":"","country":"IS","population":null,"tier":"major","source":"OSM (Iceland)"}},{"type":"Feature","geometry":{"type":"Point","coordinates":[-21.8872255,64.1496494]},"properties":{"name":"Long-term care facility","facility":"assisted_living","city":"","region":"","country":"IS","population":null,"tier":"major","source":"OSM (Iceland)"}},{"type":"Feature","geometry":{"type":"Point","coordinates":[-21.8764444,64.1471861]},"properties":{"name":"Long-term care facility","facility":"assisted_living","city":"","region":"","country":"IS","population":null,"tier":"major","source":"OSM (Iceland)"}},{"type":"Feature","geometry":{"type":"Point","coordinates":[-21.8756224,64.1472332]},"properties":{"name":"Long-term care facility","facility":"assisted_living","city":"","region":"","country":"IS","population":null,"tier":"major","source":"OSM (Iceland)"}},{"type":"Feature","geometry":{"type":"Point","coordinates":[-21.8654539,64.1479122]},"properties":{"name":"Long-term care facility","facility":"nursing_home","city":"","region":"","country":"IS","population":null,"tier":"major","source":"OSM (Iceland)"}},{"type":"Feature","geometry":{"type":"Point","coordinates":[-21.866774,64.1475957]},"properties":{"name":"Long-term care facility","facility":"nursing_home","city":"","region":"","country":"IS","population":null,"tier":"major","source":"OSM (Iceland)"}},{"type":"Feature","geometry":{"type":"Point","coordinates":[-21.8647591,64.1468963]},"properties":{"name":"Long-term care facility","facility":"nursing_home","city":"","region":"","country":"IS","population":null,"tier":"major","source":"OSM (Iceland)"}},{"type":"Feature","geometry":{"type":"Point","coordinates":[-21.9079775,64.1373554]},"properties":{"name":"Long-term care facility","facility":"nursing_home","city":"","region":"","country":"IS","population":null,"tier":"major","source":"OSM (Iceland)"}},{"type":"Feature","geometry":{"type":"Point","coordinates":[-21.920922,64.1407403]},"properties":{"name":"Long-term care facility","facility":"nursing_home","city":"","region":"","country":"IS","population":null,"tier":"major","source":"OSM (Iceland)"}},{"type":"Feature","geometry":{"type":"Point","coordinates":[-21.9007813,64.1440933]},"properties":{"name":"S\u00f3lt\u00fan hj\u00fakrunarheimili","facility":"group_home","city":"","region":"","country":"IS","population":null,"tier":"limited","source":"OSM (Iceland)"}},{"type":"Feature","geometry":{"type":"Point","coordinates":[-21.9405407,64.0687905]},"properties":{"name":"Long-term care facility","facility":"nursing_home","city":"","region":"","country":"IS","population":null,"tier":"major","source":"OSM (Iceland)"}},{"type":"Feature","geometry":{"type":"Point","coordinates":[-21.9086212,64.1084297]},"properties":{"name":"Sunnuhl\u00ed\u00f0 - hj\u00fakrunarheimili aldra\u00f0ra","facility":"nursing_home","city":"K\u00f3pavogur","region":"","country":"IS","population":null,"tier":"major","source":"OSM (Iceland)"}},{"type":"Feature","geometry":{"type":"Point","coordinates":[-21.9072407,64.107768]},"properties":{"name":"Long-term care facility","facility":"assisted_living","city":"K\u00f3pavogur","region":"","country":"IS","population":null,"tier":"major","source":"OSM (Iceland)"}},{"type":"Feature","geometry":{"type":"Point","coordinates":[-23.2629485,64.9226466]},"properties":{"name":"Fellaskj\u00f3l","facility":"nursing_home","city":"","region":"","country":"IS","population":null,"tier":"major","source":"OSM (Iceland)"}},{"type":"Feature","geometry":{"type":"Point","coordinates":[-21.8575481,64.1274807]},"properties":{"name":"Long-term care facility","facility":"nursing_home","city":"","region":"","country":"IS","population":null,"tier":"major","source":"OSM (Iceland)"}},{"type":"Feature","geometry":{"type":"Point","coordinates":[-21.866428,64.1470476]},"properties":{"name":"Long-term care facility","facility":"nursing_home","city":"","region":"","country":"IS","population":null,"tier":"major","source":"OSM (Iceland)"}},{"type":"Feature","geometry":{"type":"Point","coordinates":[-21.8696608,64.123907]},"properties":{"name":"Long-term care facility","facility":"assisted_living","city":"","region":"","country":"IS","population":null,"tier":"major","source":"OSM (Iceland)"}},{"type":"Feature","geometry":{"type":"Point","coordinates":[-21.8680889,64.1236718]},"properties":{"name":"Long-term care facility","facility":"assisted_living","city":"","region":"","country":"IS","population":null,"tier":"major","source":"OSM (Iceland)"}},{"type":"Feature","geometry":{"type":"Point","coordinates":[-21.8689457,64.1237624]},"properties":{"name":"Long-term care facility","facility":"assisted_living","city":"","region":"","country":"IS","population":null,"tier":"major","source":"OSM (Iceland)"}},{"type":"Feature","geometry":{"type":"Point","coordinates":[-21.8707477,64.1239301]},"properties":{"name":"R\u00e9ttarholt","facility":"assisted_living","city":"","region":"","country":"IS","population":null,"tier":"major","source":"OSM (Iceland)"}},{"type":"Feature","geometry":{"type":"Point","coordinates":[-14.0186711,64.9332613]},"properties":{"name":"Uppsalir","facility":"nursing_home","city":"F\u00e1skr\u00fa\u00f0sfj\u00f6r\u00f0ur","region":"","country":"IS","population":null,"tier":"major","source":"OSM (Iceland)"}},{"type":"Feature","geometry":{"type":"Point","coordinates":[-21.3771972,63.8547111]},"properties":{"name":"Long-term care facility","facility":"assisted_living","city":"\u00deorl\u00e1ksh\u00f6fn","region":"","country":"IS","population":null,"tier":"major","source":"OSM (Iceland)"}},{"type":"Feature","geometry":{"type":"Point","coordinates":[-21.8949005,64.1241304]},"properties":{"name":"Long-term care facility","facility":"group_home","city":"","region":"","country":"IS","population":null,"tier":"limited","source":"OSM (Iceland)"}},{"type":"Feature","geometry":{"type":"Point","coordinates":[-21.8920461,64.1231591]},"properties":{"name":"Long-term care facility","facility":"assisted_living","city":"","region":"","country":"IS","population":null,"tier":"major","source":"OSM (Iceland)"}},{"type":"Feature","geometry":{"type":"Point","coordinates":[-22.0498587,64.3146517]},"properties":{"name":"Dvalarheimili\u00f0 H\u00f6f\u00f0i","facility":"group_home","city":"Akranes","region":"","country":"IS","population":null,"tier":"limited","source":"OSM (Iceland)"}},{"type":"Feature","geometry":{"type":"Point","coordinates":[-21.7897004,64.1441552]},"properties":{"name":"Long-term care facility","facility":"assisted_living","city":"","region":"","country":"IS","population":null,"tier":"major","source":"OSM (Iceland)"}},{"type":"Feature","geometry":{"type":"Point","coordinates":[-18.0988916,65.6743675]},"properties":{"name":"Hj\u00fakrunar- og Dvalarheimili Hl\u00ed\u00f0","facility":"nursing_home","city":"","region":"","country":"IS","population":null,"tier":"major","source":"OSM (Iceland)"}},{"type":"Feature","geometry":{"type":"Point","coordinates":[-20.2845115,63.4351672]},"properties":{"name":"Long-term care facility","facility":"group_home","city":"","region":"","country":"IS","population":null,"tier":"limited","source":"OSM (Iceland)"}},{"type":"Feature","geometry":{"type":"Point","coordinates":[-14.0340891,65.0771869]},"properties":{"name":"Hulduhl\u00ed\u00f0","facility":"nursing_home","city":"Eskifj\u00f6r\u00f0ur","region":"","country":"IS","population":null,"tier":"major","source":"OSM (Iceland)"}},{"type":"Feature","geometry":{"type":"Point","coordinates":[-22.0056742,64.1587056]},"properties":{"name":"Seltj\u00f6rn","facility":"nursing_home","city":"Seltjarnarnes","region":"","country":"IS","population":null,"tier":"major","source":"OSM (Iceland)"}},{"type":"Feature","geometry":{"type":"Point","coordinates":[-23.1270413,66.0749845]},"properties":{"name":"Eyri","facility":"nursing_home","city":"","region":"","country":"IS","population":null,"tier":"major","source":"OSM (Iceland)"}},{"type":"Feature","geometry":{"type":"Point","coordinates":[-21.7230817,64.1611745]},"properties":{"name":"Fars\u00e6ldart\u00fan","facility":"assisted_living","city":"Mosfellsb\u00e6r","region":"","country":"IS","population":null,"tier":"major","source":"OSM (Iceland)"}},{"type":"Feature","geometry":{"type":"Point","coordinates":[-21.8162437,64.0805154]},"properties":{"name":"Hrafnista Bo\u00f0a\u00feingi","facility":"assisted_living","city":"K\u00f3pavogur","region":"","country":"IS","population":null,"tier":"major","source":"OSM (Iceland)"}}]}